title,authors,source_journal,year,doi,doi_url,doi_status,doi_match_ratio,origin,wos_id,abstract_source,doi_native_scopus,doi_agreement,cribado_decision_ia,cribado_criterio,cribado_motivo,cribado_decision_final,cribado_resolucion
Seismic risk assessment of regional bridge networks using a stochastic emulator surrogate model,"Amaya E., Taflanidis A.A., Santa Maria H., Candia G.","Reliability Engineering and System Safety, 277, 113035",2027,10.1016/j.ress.2026.113035,https://doi.org/10.1016/j.ress.2026.113035,VERIFIED,1.0,Scopus only,,SCOPUS_UI,10.1016/j.ress.2026.113035,MATCH,EXCLUDE,E1,"Evalúa riesgo sísmico de puentes mediante modelos sustitutos, sin relación con perfiles conductuales de inversionistas (E1).",EXCLUDE,
Behavioural biases and investment decisions with mediating role of risk perception and moderating role of financial literacy,"Malik, Laraib and Quddus, Abdul and Watto, Waqas Ahmad and Barakat, Hanan Amin and Fahlevi, Mochammad and Aziz, Aulia Luqman",DISCOVER PSYCHOLOGY,2026,10.1007/s44202-026-00669-9,https://doi.org/10.1007/s44202-026-00669-9,FROM_WOS,1.0,Scopus + WoS,WOS:001754770300003,SCOPUS_UI,10.1007/s44202-026-00669-9,MATCH,INCLUDE,"I1,I2,I3,I4",Estudia inversionistas minoristas del PSX y el efecto de sesgos conductuales y percepción de riesgo sobre decisiones de inversión en acciones (I1-I4).,INCLUDE,
Behavioral portfolio decisions in a GARCH world,"Ehler, Nando and Escobar-Anel, Marcos and Stentoft, Lars and Zagst, Rudi",FINANCIAL INNOVATION,2026,10.1186/s40854-026-00930-z,https://doi.org/10.1186/s40854-026-00930-z,FROM_WOS,1.0,Scopus + WoS,WOS:001772137600001,SCOPUS_UI,10.1186/s40854-026-00930-z,MATCH,INCLUDE,"I1,I2,I3,I4","Modela teóricamente decisiones de cartera de inversionistas conductuales (aversión a la pérdida, horizonte de inversión) bajo teoría de las perspectivas para activos de riesgo (I1-I4).",INCLUDE,
Behaviorally informed deep reinforcement learning for portfolio optimization with loss aversion and overconfidence,"Charkhestani, Atefe and Esfahanipour, Akbar",SCIENTIFIC REPORTS,2026,10.1038/s41598-026-35902-x,https://doi.org/10.1038/s41598-026-35902-x,FROM_WOS,1.0,Scopus + WoS,WOS:001693289200016,SCOPUS_UI,10.1038/s41598-026-35902-x,MATCH,INCLUDE,"I1,I2,I3,I4",Integra aversión a la pérdida y exceso de confianza como sesgos conductuales del inversionista en un marco de optimización de cartera sobre criptoactivos y acciones (I1-I4).,INCLUDE,
Islamic Values and Gen Z's Investment Behavior in the Sharia Stock Market: Beyond Rationality,"Priyono A.A., Saraswati E., Widarko A.","Munaddhomah, 7(1)",2026,10.31538/munaddhomah.v6i4.2298,https://doi.org/10.31538/munaddhomah.v6i4.2298,VERIFIED,1.0,Scopus only,,SCOPUS_UI,10.31538/munaddhomah.v7i1.2298,MISMATCH,INCLUDE,"I1,I2,I3,I4",Analiza cómo la percepción de riesgo y la alfabetización financiera influyen en decisiones de inversión bursátil de inversionistas individuales Gen Z (I1-I4).,INCLUDE,
A cultural finance perspective on the low volatility anomaly,"Solanki, Kamini and Seetharam, Yudhvir and Page, Daniel",RESEARCH IN INTERNATIONAL BUSINESS AND FINANCE,2026,10.1016/j.ribaf.2026.103562,https://doi.org/10.1016/j.ribaf.2026.103562,FROM_WOS,1.0,Scopus + WoS,WOS:001834815500001,SCOPUS_UI,10.1016/j.ribaf.2026.103562,MATCH,INCLUDE,"I1,I2,I3,I4","Evidencia empírica de canales conductuales (exceso de confianza, aversión a la pérdida) que explican la anomalía de baja volatilidad en mercados accionarios (I1-I4).",INCLUDE,
Cybercrime in digital asset markets: evidence from high-frequency cryptocurrency data and implications for MiCA,Mohamad A.,"Digital Finance, 8(3), 38",2026,10.1007/s42521-026-00203-5,https://doi.org/10.1007/s42521-026-00203-5,VERIFIED,1.0,Scopus only,,SCOPUS_UI,10.1007/s42521-026-00203-5,MATCH,UNCERTAIN,AMBIGUO,"Mezcla ciberseguridad de criptomercados con marcos conductuales (manada, aversión a la pérdida, aprendizaje del inversionista); no es claro si el enfoque principal es el comportamiento del inversionista o el riesgo cibernético/regulatorio (AMBIGUO).",EXCLUDE,"Excluido por decision explicita del autor de la tesis (2026-08-16): ante la duda sobre ajuste con los criterios de poblacion/constructo/activo, se opta por excluir por precaucion. Registro identificado queda disponible para reconsideracion en fases posteriores si se requiere."
From Financial Literacy to Investment Intention: The Sequential Roles of Risk Perception and Trust,"Pelawi J.B., Sumiati S., Ratnawati K., Juwita H.A.J.","Journal of Risk and Financial Management, 19(7), 467",2026,10.3390/jrfm19070467,https://doi.org/10.3390/jrfm19070467,VERIFIED,1.0,Scopus only,,SCOPUS_UI,10.3390/jrfm19070467,MATCH,INCLUDE,"I1,I2,I3,I4",Examina cómo la alfabetización financiera y la percepción de riesgo influyen en la intención de inversión de inversionistas individuales (I1-I4).,INCLUDE,
Behavioral Biases and Investor Decision-Making in the Saudi Stock Market: The Moderating Roles of Overconfidence and Loss Aversion in an Islamic and Oil-Dependent Economy,"Abdalla R., Al Aaraj H., Alam Y.","Journal of Risk and Financial Management, 19(7), 522",2026,10.3390/jrfm19070522,https://doi.org/10.3390/jrfm19070522,VERIFIED,1.0,Scopus only,,SCOPUS_UI,10.3390/jrfm19070522,MATCH,INCLUDE,"I1,I2,I3,I4","Analiza exceso de confianza, efecto manada, anclaje y aversión a la pérdida en inversionistas minoristas del mercado saudí (I1-I4).",INCLUDE,
Optimizing commodity investor decision-making: A metaheuristic approach to addressing behavioral biases in finance,"Rout S., Sahoo S., Mishra R.K.","Aip Conference Proceedings, 3388(1), 060007",2026,10.1063/5.0318722,https://doi.org/10.1063/5.0318722,VERIFIED,1.0,Scopus only,,SCOPUS_UI,10.1063/5.0318722,MATCH,INCLUDE,"I1,I2,I3,I4",Examina aversión al riesgo y percepción de riesgo de inversionistas individuales en commodities (I1-I4).,INCLUDE,
Expert-Based Risk Mapping for Low-Carbon Hydrogen Production Under Geopolitical Constraints: A Case Study of Russia,"Revinova, Svetlana and Gomonov, Konstantin and Ratner, Svetlana and Shaposhnikov, Artem",HYDROGEN,2026,10.3390/hydrogen7020071,https://doi.org/10.3390/hydrogen7020071,FROM_WOS,1.0,Scopus + WoS,WOS:001802448500001,SCOPUS_UI,10.3390/hydrogen7020071,MATCH,EXCLUDE,E2,"Mapeo de riesgos de un proyecto de hidrógeno bajo en carbono a nivel de sistema energético, sin ángulo conductual del inversionista individual (E2).",EXCLUDE,
A PRISMA-Based Systematic Review of Behavioral Biases and Demographic Moderators in Investment Decision-Making,"Douhabi E.M., Drissi Z.","Journal of Risk and Financial Management, 19(6), 418",2026,10.3390/jrfm19060418,https://doi.org/10.3390/jrfm19060418,VERIFIED,1.0,Scopus only,,SCOPUS_UI,10.3390/jrfm19060418,MATCH,INCLUDE,"I1,I2,I3,I4","Revisión sistemática PRISMA sobre sesgos conductuales (exceso de confianza, manada, aversión a la pérdida, efecto disposición) y moderadores demográficos en la toma de decisiones de inversión (I1-I4).",INCLUDE,
Revisiting risk perception in goals-based equity investment: evidence from emerging investors in Bangalore,"Thamizhselvi M., Dey V., SasiKala V., Kiran P.","SN Business and Economics, 6(6), 190",2026,10.1007/s43546-026-01207-4,https://doi.org/10.1007/s43546-026-01207-4,VERIFIED,1.0,Scopus only,,SCOPUS_UI,10.1007/s43546-026-01207-4,MATCH,INCLUDE,"I1,I2,I3,I4",Analiza percepción de riesgo y características demográficas en decisiones de inversión en renta variable de inversionistas emergentes (I1-I4).,INCLUDE,
A cyber risk economics model for organization-wide risk management (CYREM-ORM),"Xin T., He Y., Zamani E.D., Evans M., Luo C.","Computers and Security, 165, 104873",2026,10.1016/j.cose.2026.104873,https://doi.org/10.1016/j.cose.2026.104873,VERIFIED,1.0,Scopus only,,SCOPUS_UI,10.1016/j.cose.2026.104873,MATCH,EXCLUDE,E3,"Modelo de economía de riesgo cibernético para gestión de riesgo organizacional, sin relación con el comportamiento del inversionista individual (E3).",EXCLUDE,
Understanding Impact Investment Intention Using the Extended Theory of Planned Behaviour,"Rathee, Prerna and Aggarwal, Shalini",GLOBAL BUSINESS REVIEW,2026,10.1177/09721509221115001,https://doi.org/10.1177/09721509221115001,FROM_WOS,1.0,Scopus + WoS,WOS:000846667700001,SCOPUS_UI,10.1177/09721509221115001,MATCH,INCLUDE,"I1,I2,I3,I4",Examina la percepción de riesgo como determinante de la intención de inversión de impacto entre inversionistas indios (I1-I4).,INCLUDE,
"Political conservatism and investor risk tolerance: implications for suitability, profiling, and segmentation","de Souza, Miriam Lipinsky and da Silva, Wesley Vieira and da Veiga, Claudimar Pereira and Pinto, Ibsen Mateus Bittencourt Santana and de Lima, Marcos Vinicius Andrade",JOURNAL OF FINANCIAL SERVICES MARKETING,2026,10.1057/s41264-026-00368-5,https://doi.org/10.1057/s41264-026-00368-5,FROM_WOS,1.0,Scopus + WoS,WOS:001771222300001,SCOPUS_UI,10.1057/s41264-026-00368-5,MATCH,INCLUDE,"I1,I2,I3,I4","Aporta un modelo de perfilamiento de inversionistas por tolerancia al riesgo asociado a rasgos ideológicos, con implicaciones directas para segmentación y suitability (I1-I4).",INCLUDE,
"Two financial worlds and the bridge between them: profiling crypto, traditional, and dual investors","Lara-Bueno, Paula and Tercero-Lucas, David",JOURNAL OF INTERNATIONAL FINANCIAL MARKETS INSTITUTIONS \& MONEY,2026,10.1016/j.intfin.2026.102326,https://doi.org/10.1016/j.intfin.2026.102326,FROM_WOS,1.0,Scopus + WoS,WOS:001732279100001,SCOPUS_UI,10.1016/j.intfin.2026.102326,MATCH,INCLUDE,"I1,I2,I3,I4","Perfila inversionistas (cripto, tradicionales, duales) por tolerancia al riesgo y alfabetización financiera usando datos representativos de hogares (I1-I4).",INCLUDE,
Machine learning for risk profiling: An analysis of pension fund participants,"Goncu, Ahmet and Kuzubas, Tolga U. and Saltoglu, Burak",BORSA ISTANBUL REVIEW,2026,10.1016/j.bir.2026.100800,https://doi.org/10.1016/j.bir.2026.100800,FROM_WOS,1.0,Scopus + WoS,WOS:001762292900001,SCOPUS_UI,10.1016/j.bir.2026.100800,MATCH,INCLUDE,"I1,I2,I3,I4",Aplica machine learning al perfilamiento de riesgo de inversionistas individuales de un fondo de pensiones a partir de actitudes de riesgo autorreportadas (I1-I4).,INCLUDE,
Intelligent Borrower Profiling for Risk-Aware Loan Decision Making and Portfolio Optimization,Mohanakrishnan S.,"Journal of Internet Services and Information Security, 16(2)",2026,10.58346/jisis.2026.i2.030,https://doi.org/10.58346/jisis.2026.i2.030,VERIFIED,1.0,Scopus only,,SCOPUS_UI,10.58346/JISIS.2026.I2.030,MATCH,EXCLUDE,E6,Trata sobre perfilamiento de prestatarios y riesgo crediticio de préstamos; población de deudores y no de inversionistas en activos financieros (E6).,EXCLUDE,
Weighted Average Cost of Capital in Declining Interest Rate Environments (Part II): Qualitative Expert Research,"Frey S., Heilmann H.","Journal of Risk and Financial Management, 19(5), 326",2026,10.3390/jrfm19050326,https://doi.org/10.3390/jrfm19050326,VERIFIED,1.0,Scopus only,,SCOPUS_UI,10.3390/jrfm19050326,MATCH,EXCLUDE,E4,"Estudia la persistencia del costo de capital (WACC) corporativo mediante entrevistas a ejecutivos financieros, sin ángulo de comportamiento del inversionista individual (E4).",EXCLUDE,
An EGU Evaluation System Model To Assist Insurance Companies In Decision-Making During ExtremeWeather Events,Zhang H.,Proceedings of 2025 5th International Conference on Big Data Artificial Intelligence and Risk Management Icbar 2025,2026,10.1145/3800227.3800363,https://doi.org/10.1145/3800227.3800363,VERIFIED,1.0,Scopus only,,SCOPUS_UI,10.1145/3800227.3800363,MATCH,EXCLUDE,E5,"Modelo de evaluación de riesgo de suscripción (underwriting) para aseguradoras ante eventos climáticos extremos, sin relación con comportamiento de inversión (E5).",EXCLUDE,
Towards Understanding Financial Decision-Making in Equity Markets Among German and Indian Participants: Survey-based Findings,"Ghosh S., Packham N.","Conference on Human Factors in Computing Systems Proceedings, 688",2026,10.1145/3772363.3798970,https://doi.org/10.1145/3772363.3798970,VERIFIED,1.0,Scopus only,,SCOPUS_UI,10.1145/3772363.3798970,MATCH,INCLUDE,"I1,I2,I3,I4","Encuesta sobre respuestas conductuales de inversionistas ante riesgo e incertidumbre en mercados accionarios, incluyendo venta por pánico (I1-I4).",INCLUDE,
Intergenerational Shifts in Equity Investment Behavior: From Traditional Media to Social Media Among Family Business Investors,"Shriya K., Velmurugan T.","Qubahan Academic Journal, 6(2)",2026,10.48161/qaj.v6n2a2403,https://doi.org/10.48161/qaj.v6n2a2403,VERIFIED,1.0,Scopus only,,SCOPUS_UI,10.48161/qaj.v6n2a2403,MATCH,INCLUDE,"I1,I2,I3,I4",Examina la influencia social e intergeneracional en decisiones de inversión en renta variable de inversionistas de empresas familiares (I1-I4).,INCLUDE,
The Flow–Performance Relationship and Behavioral Biases: Evidence from Spanish Mutual Fund Flows,"Arenas-Laorga, Carlos and Gil Capella, Fernando",RISKS,2026,10.3390/risks14040088,https://doi.org/10.3390/risks14040088,FROM_WOS,1.0,Scopus + WoS,WOS:001750491900001,SCOPUS_UI,10.3390/risks14040088,MATCH,INCLUDE,"I1,I2,I3,I4",Explica los flujos de fondos mutuos españoles mediante sesgos conductuales como aversión a la pérdida y seguimiento de tendencia de los inversionistas (I1-I4).,INCLUDE,
Co-movement Between NIFTY Spot and Futures Indices: A Time–Frequency Analysis Using Wavelet,"Katoch R., Batra S.","Studies in Microeconomics, 14(1)",2026,10.1177/23210222231194860,https://doi.org/10.1177/23210222231194860,VERIFIED,1.0,Scopus only,,SCOPUS_UI,10.1177/23210222231194860,MATCH,EXCLUDE,E6,Análisis de microestructura de mercado (spillover de volatilidad spot-futuros) sin examinar un constructo conductual del inversionista; la mención de 'horizonte de inversión' es incidental (E6).,EXCLUDE,
Operational Resilience Under Carbon Constraints: A Socio-Technical Multi-Agentic Approach to Global Supply Chains,"Kaur R., Kundu T., Sharma B., Park K.M., Pinsky E.","Systems, 14(4), 374",2026,10.3390/systems14040374,https://doi.org/10.3390/systems14040374,VERIFIED,1.0,Scopus only,,SCOPUS_UI,10.3390/systems14040374,MATCH,EXCLUDE,E6,"Marco multiagente sobre resiliencia de cadenas de suministro y cómputo de IA bajo restricciones de carbono, sin relación con inversionistas ni decisiones de inversión (E6).",EXCLUDE,
Unit-level stranded asset of coal power under low-carbon transition pathways toward China's carbon neutrality,"Wang Y., Zhang Y., Wang K., Liu J., Pan X.","Energy Policy, 211, 115132",2026,10.1016/j.enpol.2026.115132,https://doi.org/10.1016/j.enpol.2026.115132,VERIFIED,1.0,Scopus only,,SCOPUS_UI,10.1016/j.enpol.2026.115132,MATCH,EXCLUDE,E2,"Modelación financiera de activos varados de centrales de carbón bajo transición energética a nivel de sistema, sin ángulo conductual del inversionista individual (E2).",EXCLUDE,
How trading shocks shape risk preferences: nonlinear evidence from retail forex traders,"Han, Guiming and Preda, Alex",REVIEW OF BEHAVIORAL FINANCE,2026,10.1108/RBF-06-2025-0229,https://doi.org/10.1108/RBF-06-2025-0229,FROM_WOS,1.0,Scopus + WoS,WOS:001680503200001,SCOPUS_UI,10.1108/RBF-06-2025-0229,MATCH,INCLUDE,"I1,I2,I3,I4",Analiza cómo shocks de trading modifican las preferencias de riesgo (aversión/búsqueda de riesgo) de traders minoristas de forex (I1-I4).,INCLUDE,
AI governance after MiFID II: beyond (mere) technological neutrality?,Azzutti A.,"Era Forum, 27(1)",2026,10.36399/gla.pubs.382504,https://doi.org/10.36399/gla.pubs.382504,VERIFIED,1.0,Scopus only,,SCOPUS_UI,10.1007/s12027-026-00871-1,MISMATCH,EXCLUDE,E6,Análisis jurídico-regulatorio de la gobernanza de IA financiera bajo MiFID II; no examina el comportamiento conductual de riesgo del inversionista individual (E6).,EXCLUDE,
How you measure transition risk matters: comparing and evaluating climate transition risk metrics,"Fliegel, Philip",JOURNAL OF CORPORATE FINANCE,2026,10.1016/j.jcorpfin.2025.102939,https://doi.org/10.1016/j.jcorpfin.2025.102939,FROM_WOS,1.0,Scopus + WoS,WOS:001661013500001,SCOPUS_UI,10.1016/j.jcorpfin.2025.102939,MATCH,EXCLUDE,E2,"Compara métricas de riesgo de transición climática a nivel de firmas/portafolios agregados, sin ángulo de comportamiento del inversionista individual (E2).",EXCLUDE,
Investment Risk Appetite (IRA): Scale Development and Validation,"Qaysi T., Sulphey M.M.","Journal of Risk and Financial Management, 19(3), 205",2026,10.3390/jrfm19030205,https://doi.org/10.3390/jrfm19030205,VERIFIED,1.0,Scopus only,,SCOPUS_UI,10.3390/jrfm19030205,MATCH,INCLUDE,"I1,I2,I3,I4",Desarrolla y valida una escala de apetito de riesgo de inversión (tolerancia y aversión al riesgo) aplicable a inversionistas (I1-I4).,INCLUDE,
Adaptability factors and behavioral biases of investors in frontier markets: An adaptive market hypothesis perspective,"Jannatunnesa J., Mahdzan N.S., Noman A.H.Md.","Plos One, 21(3 March), e0345883",2026,10.1371/journal.pone.0345883,https://doi.org/10.1371/journal.pone.0345883,VERIFIED,1.0,Scopus only,,SCOPUS_UI,10.1371/journal.pone.0345883,MATCH,INCLUDE,"I1,I2,I3,I4",Examina cómo factores de adaptabilidad influyen en manada y exceso de confianza de inversionistas minoristas en un mercado frontera (I1-I4).,INCLUDE,
Loss aversion in investment: A bibliometric and network visualization analysis,"Soman, Siddhesh S. and Chirputkar, Abhijit and Punjani, Krunal K.",JOURNAL OF BEHAVIORAL AND EXPERIMENTAL FINANCE,2026,10.1016/j.jbef.2026.101155,https://doi.org/10.1016/j.jbef.2026.101155,FROM_WOS,1.0,Scopus + WoS,WOS:001690345900001,SCOPUS_UI,10.1016/j.jbef.2026.101155,MATCH,INCLUDE,"I1,I2,I3,I4",Análisis bibliométrico que sintetiza la literatura teórica y empírica sobre aversión a la pérdida en inversión (I1-I4).,INCLUDE,
Portfolio Selection Based on Time–Frequency Connectedness: Evidence from GCC Sectoral Stock Markets and the Oil Market,"Ben Amar, Amine and Hachicha, Nejib and Brahim, Mariem and Sbihi, Abdelkader",COMPUTATIONAL ECONOMICS,2026,10.1007/s10614-025-10937-w,https://doi.org/10.1007/s10614-025-10937-w,FROM_WOS,1.0,Scopus + WoS,WOS:001472818700001,SCOPUS_UI,10.1007/s10614-025-10937-w,MATCH,EXCLUDE,E6,"Estrategias cuantitativas de selección de cartera basadas en conectividad tiempo-frecuencia; el 'horizonte de inversión' se usa como propiedad de la cartera, no como constructo conductual estudiado (E6).",EXCLUDE,
"Bitcoin and Gold Causality Across Quantiles, Frequencies, and Market Regimes",Sodnomdavaa T.,"Journal of Risk and Financial Management, 19(3), 215",2026,10.3390/jrfm19030215,https://doi.org/10.3390/jrfm19030215,VERIFIED,1.0,Scopus only,,SCOPUS_UI,10.3390/jrfm19030215,MATCH,EXCLUDE,E6,"Análisis econométrico de causalidad Bitcoin-oro por cuantiles y horizontes de inversión, sin examinar comportamiento conductual del inversionista (E6).",EXCLUDE,
"SUSTAINABILITY, ETHICAL CAPITAL, AND INVESTMENT BEHAVIOUR: EMPIRICAL EVIDENCE FROM ESG MUTUAL FUND PREFERENCES IN CULTURAL AND CREATIVE INDUSTRIES","Negi P., Srivastava M.","Shodhkosh Journal of Visual and Performing Arts, 7(1s)",2026,10.29121/shodhkosh.v7.i1s.2026.7194,https://doi.org/10.29121/shodhkosh.v7.i1s.2026.7194,VERIFIED,1.0,Scopus only,,SCOPUS_UI,10.29121/shodhkosh.v7.i1s.2026.7194,MATCH,INCLUDE,"I1,I2,I3,I4",Modelo conductual de tolerancia al riesgo y percepción ética que explica la preferencia de inversionistas minoristas e institucionales por fondos ESG (I1-I4).,INCLUDE,
How information overload and heuristics shape digital investment decisions,"Verma V., Singh P., Tiwari R., Pandey D.C.","Journal of Asian Scientific Research, 16(2)",2026,10.55493/5003.v16i2.6035,https://doi.org/10.55493/5003.v16i2.6035,VERIFIED,1.0,Scopus only,,SCOPUS_UI,10.55493/5003.v16i2.6035,MATCH,INCLUDE,"I1,I2,I3,I4","Examina cómo la sobrecarga de información, la heurística y la percepción de riesgo afectan decisiones de inversión digital de inversionistas minoristas (I1-I4).",INCLUDE,
How Framing Susceptibility Is Associated with Investment Grip: Evidence from Japanese Retail Investors,"Otchere-Appiah, Gideon and Kuramoto, Yu and Bawalle, Aliyu Ali and Kadoya, Yoshihiko",RISKS,2026,10.3390/risks14020040,https://doi.org/10.3390/risks14020040,FROM_WOS,1.0,Scopus + WoS,WOS:001701373300001,SCOPUS_UI,10.3390/risks14020040,MATCH,INCLUDE,"I1,I2,I3,I4","Analiza tolerancia a la pérdida, encuadre (framing) y regulación emocional en el compromiso inversor de minoristas japoneses (I1-I4).",INCLUDE,
A Personalized Investment Advisory System Using Large Language Models: Evidence from Vietnam’s Stock Market,"To M.H., Tran B.M.","Global Business and Finance Review, 31(2)",2026,10.17549/gbfr.2026.31.2.1,https://doi.org/10.17549/gbfr.2026.31.2.1,VERIFIED,1.0,Scopus only,,SCOPUS_UI,10.17549/gbfr.2026.31.2.1,MATCH,UNCERTAIN,AMBIGUO,"El 'perfil de riesgo del inversionista' se menciona solo como insumo del sistema de recomendación de IA, sin ser el constructo central estudiado; inclusión marginal y discutible (AMBIGUO).",EXCLUDE,"Excluido por decision explicita del autor de la tesis (2026-08-16): ante la duda sobre ajuste con los criterios de poblacion/constructo/activo, se opta por excluir por precaucion. Registro identificado queda disponible para reconsideracion en fases posteriores si se requiere."
Managerial climate risk perception bias and corporate investment inefficiency: Evidence from Chinese listed firms,"Zhao, Yifan and Li, Jialong",FINANCE RESEARCH LETTERS,2026,10.1016/j.frl.2025.109399,https://doi.org/10.1016/j.frl.2025.109399,FROM_WOS,1.0,Scopus + WoS,WOS:001651328100001,SCOPUS_UI,10.1016/j.frl.2025.109399,MATCH,EXCLUDE,E4,"Estudia el sesgo de percepción de riesgo climático de gerentes corporativos y su efecto en la ineficiencia de la inversión de la firma, no en inversionistas individuales (E4).",EXCLUDE,
Portfolio Construction Under Behavioral Distortions and Narrow Framing: A Machine Learning Approach,"Tsomidis, Georgios",MATHEMATICS,2026,10.3390/math14040607,https://doi.org/10.3390/math14040607,FROM_WOS,1.0,Scopus + WoS,WOS:001700809400001,SCOPUS_UI,10.3390/math14040607,MATCH,INCLUDE,"I1,I2,I3,I4","Modela construcción de carteras bajo distorsiones conductuales (teoría de las perspectivas, encuadre estrecho) de distintos tipos de inversionistas sobre activos tradicionales y cripto (I1-I4).",INCLUDE,
Do match surprises move fan token prices? Evidence from UEFA competitions,"Blom, Morris Justin and Pereira, Marco Henriques",FINANCE RESEARCH LETTERS,2026,10.1016/j.frl.2025.109349,https://doi.org/10.1016/j.frl.2025.109349,FROM_WOS,1.0,Scopus + WoS,WOS:001648376800001,SCOPUS_UI,10.1016/j.frl.2025.109349,MATCH,INCLUDE,"I1,I2,I3,I4","Evidencia asimetría consistente con aversión a la pérdida en la reacción de precios de fan tokens, con implicaciones para inversionistas minoristas (I1-I4).",INCLUDE,
Global Attention and Market Resilience: Evidence from the Gaza Conflict and Israeli Financial Assets,"Papanikolaou, Nikolaos and Vasileiou, Evangelos and Pantos, Themistoclis",ECONOMIES,2026,10.3390/economies14020061,https://doi.org/10.3390/economies14020061,FROM_WOS,1.0,Scopus + WoS,WOS:001700014100001,SCOPUS_UI,10.3390/economies14020061,MATCH,INCLUDE,"I1,I2,I3,I4",Vincula la percepción de riesgo del inversionista y la atención pública (proxy conductual) con el comportamiento de activos financieros israelíes durante un conflicto geopolítico (I1-I4).,INCLUDE,
Seismic Exposure Modelling of the Romanian Residential Building Stock for (Re)Insurance Applications,"Gheorghe B., Vacareanu R.","Buildings, 16(4), 728",2026,10.3390/buildings16040728,https://doi.org/10.3390/buildings16040728,VERIFIED,1.0,Scopus only,,SCOPUS_UI,10.3390/buildings16040728,MATCH,EXCLUDE,"E1,E5","Modelo de exposición sísmica del parque residencial rumano para aplicaciones de (re)seguro; riesgo de infraestructura física/actuarial sin ángulo conductual del inversionista (E1, E5).",EXCLUDE,
Exploring the role of simulated learning on portfolio management: enhancing investment decisions by addressing behavioural biases,"Kushwah R., Sahoo K.K., Jaldhari S.",Navigating Digital Disruption Strategies for Sustainable Business Management,2026,10.4324/9781003716617-8,https://doi.org/10.4324/9781003716617-8,VERIFIED,1.0,Scopus only,,SCOPUS_UI,10.4324/9781003716617-8,MATCH,INCLUDE,"I1,I2,I3,I4","Evalúa experimentalmente cómo el aprendizaje simulado reduce sesgos conductuales (exceso de confianza, aversión a la pérdida, manada) en la gestión de carteras (I1-I4).",INCLUDE,
Role of artificial intelligence (AI) in strengthening impact of behavioral factors on investment decision process of IT/ITES employee towards behavioral finance,"Kavya J., Kotteeswaran M.","Aip Conference Proceedings, 3345(1), 020183",2026,10.1063/5.0298362,https://doi.org/10.1063/5.0298362,VERIFIED,1.0,Scopus only,,SCOPUS_UI,10.1063/5.0298362,MATCH,INCLUDE,"I1,I2,I3,I4","Examina cómo la IA modera el efecto de sesgos conductuales (heurísticas, manada) sobre el proceso de decisión de inversión de empleados individuales (I1-I4).",INCLUDE,
Role of artificial intelligence in understanding psychological influences on investment decisions: A behavioral finance study among IT/ITES employees,"Kavya J., Kotteeswaran M.","Aip Conference Proceedings, 3345(1), 020184",2026,10.1063/5.0298363,https://doi.org/10.1063/5.0298363,VERIFIED,1.0,Scopus only,,SCOPUS_UI,10.1063/5.0298363,MATCH,INCLUDE,"I1,I2,I3,I4","Estudia empíricamente influencias psicológicas (manada, aversión a la pérdida, confianza) sobre decisiones de inversión de empleados individuales (I1-I4).",INCLUDE,
AI-Based Fintech Recommendation System for Personalized Mutual Fund Investments,"Sharma M., Anwar M., Sharma M.",Proceedings of 8th International Conference on Intelligent Sustainable Systems Iciss 2026,2026,10.1109/iciss67859.2026.11453641,https://doi.org/10.1109/iciss67859.2026.11453641,VERIFIED,1.0,Scopus only,,SCOPUS_UI,10.1109/ICISS67859.2026.11453641,MATCH,UNCERTAIN,AMBIGUO,"Sistema de recomendación de fondos mutuos que menciona 'evaluación dinámica de riesgo' como característica técnica, sin desarrollar ni medir un constructo conductual de riesgo del inversionista (AMBIGUO).",EXCLUDE,"Excluido por decision explicita del autor de la tesis (2026-08-16): ante la duda sobre ajuste con los criterios de poblacion/constructo/activo, se opta por excluir por precaucion. Registro identificado queda disponible para reconsideracion en fases posteriores si se requiere."
An AI-Driven Financial Advisory System with Dynamic Risk Profiling,"Sumeer H., Aparna, Rishitha T.R., ... Nagaraja S.R., Kannadaguli P.",Ccic 2026 Contemporary Computing Innovations Conference 2026,2026,10.1109/ccic68129.2026.11486171,https://doi.org/10.1109/ccic68129.2026.11486171,VERIFIED,1.0,Scopus only,,SCOPUS_UI,10.1109/CCIC68129.2026.11486171,MATCH,INCLUDE,"I1,I2,I3,I4",Sistema de IA que perfila el riesgo del inversionista individual combinando datos demográficos y conductuales para asesoría de inversión (I1-I4).,INCLUDE,
Transformer-Based Time Series Forecasting for Credit Limit Utilization and Risk Profiling in Retail Lending,"Danchuk, Viktor and Linskyi, Oleksandr",APPLIED ARTIFICIAL INTELLIGENCE,2026,10.1080/08839514.2026.2676392,https://doi.org/10.1080/08839514.2026.2676392,FROM_WOS,1.0,Scopus + WoS,WOS:001782663100001,SCOPUS_UI,10.1080/08839514.2026.2676392,MATCH,EXCLUDE,E6,"Perfilamiento de riesgo crediticio de prestatarios en préstamos minoristas mediante pronóstico de utilización de límite de crédito; población de prestatarios, no de inversionistas (E6).",EXCLUDE,
The role of behavioral biases in shaping investment decisions: an empirical analysis of the Indian investors,"Dubey A., Chandra S., Yadav S., Selvadass M.",Organizational Resilience and Leadership Issues in the Dynamic Era,2026,10.4324/9781003725084-10,https://doi.org/10.4324/9781003725084-10,VERIFIED,1.0,Scopus only,,SCOPUS_UI,10.4324/9781003725084-10,MATCH,INCLUDE,"I1,I2,I3,I4","Analiza el efecto de nueve sesgos conductuales (manada, exceso de confianza, aversión a la pérdida, contabilidad mental, etc.) en decisiones de inversión de inversionistas minoristas indios (I1-I4).",INCLUDE,
"Investors’ Emotional Intelligence, Personality Traits, and Risk Tolerance: A Measure of Investment Decisions","Raheja S., Syan A.S.",Sustainable Practices in Finance Economics and Technology,2026,10.1002/9781394315048.ch7,https://doi.org/10.1002/9781394315048.ch7,UNCERTAIN,0.805,Scopus only,,SCOPUS_UI,10.1002/9781394315048.ch7,MATCH,INCLUDE,"I1,I2,I3,I4","Examina inteligencia emocional, rasgos de personalidad y tolerancia al riesgo como determinantes de decisiones de inversión individuales (I1-I4).",INCLUDE,
Integrating AI and OR for investment decision-making in emerging digital lending businesses: a risk-return multi-objective optimization approach,"Torkian V., Bamdad S., Sarfaraz A.H.","Journal of the Operational Research Society, 77(3)",2026,10.1080/01605682.2025.2498652,https://doi.org/10.1080/01605682.2025.2498652,VERIFIED,1.0,Scopus only,,SCOPUS_UI,10.1080/01605682.2025.2498652,MATCH,EXCLUDE,E6,"Optimización cuantitativa riesgo-retorno de inversión en préstamos P2P mediante IA/OR, sin examinar ningún constructo conductual del inversionista (E6).",EXCLUDE,
Emotional Biases and Their Impact on Investment Decisions: A Behavioral Finance Perspective,"Gupta M., Jindal P.",Behavioral Finance Strategies for Informed Decision Making,2026,,,NOT_FOUND,0.732,Scopus only,,SCOPUS_UI,,NO_NATIVE,INCLUDE,"I1,I2,I3,I4","Síntesis teórica sobre sesgos emocionales (aversión a la pérdida, exceso de confianza, aversión al arrepentimiento, manada) y su impacto en decisiones de inversión (I1-I4).",INCLUDE,
Machine Learning Modelling of Digitalization in Gen Z Decisions: Financial Literacy and Risk Tolerance,"Vandana, Garima, Singh S.",International Conference on Innovative Practices in Technology and Management Iciptm 2026,2026,10.1109/iciptm69057.2026.11465506,https://doi.org/10.1109/iciptm69057.2026.11465506,VERIFIED,1.0,Scopus only,,SCOPUS_UI,10.1109/ICIPTM69057.2026.11465506,MATCH,INCLUDE,"I1,I2,I3,I4",Modela con machine learning cómo la alfabetización financiera digital y la tolerancia al riesgo median el efecto de la digitalización en decisiones de inversión de la Generación Z (I1-I4).,INCLUDE,
Behavioral Financial Engineering: A Data-Driven Application of Cumulative Prospect Theory to Property Sector Portfolio Optimization,"Reynoso E.D.V., Young M.N., Agapito B.B.",International Conference on Artificial Intelligence Computer Data Sciences and Applications Acdsa 2026,2026,10.1109/acdsa67686.2026.11468200,https://doi.org/10.1109/acdsa67686.2026.11468200,VERIFIED,1.0,Scopus only,,SCOPUS_UI,10.1109/ACDSA67686.2026.11468200,MATCH,INCLUDE,"I1,I2,I3,I4",Aplica la teoría de las perspectivas (CPT) para modelar la percepción de riesgo de inversionistas en la optimización de carteras accionarias del sector inmobiliario filipino (I1-I4).,INCLUDE,
Behavioral Biases in Financial Markets: Understanding the Impact of Cognitive Heuristic-Driven Biases and Emotional Biases in Shaping Investment Decisions,"Kalappa B., Upadhyay D.",Behavioral Finance Strategies for Informed Decision Making,2026,,,NOT_FOUND,0.512,Scopus only,,SCOPUS_UI,,NO_NATIVE,INCLUDE,"I1,I2,I3,I4","Revisión teórica de sesgos heurístico-cognitivos y emocionales (efecto disposición, aversión a la pérdida, percepción de riesgo, contabilidad mental) en decisiones de inversión (I1-I4).",INCLUDE,
The brain behind the portfolio: the neurological foundations of investment decisions,"Khan, Anum and Fatima, Hina and Shah, Syed Alamdar Ali",JOURNAL OF ISLAMIC MARKETING,2026,10.1108/JIMA-12-2023-0393,https://doi.org/10.1108/JIMA-12-2023-0393,FROM_WOS,1.0,Scopus + WoS,WOS:001713951100001,SCOPUS_UI,10.1108/JIMA-12-2023-0393,MATCH,INCLUDE,"I1,I2,I3,I4","Estudio de neurofinanzas con EEG que vincula actividad neuronal con sesgos conductuales (aversión al riesgo, exceso de confianza) en inversionistas minoristas durante trading (I1-I4).",INCLUDE,
Robo-Advisors in Investment Decision-Making: An Empirical Investigation of Behavioral Biases,"Patil K.P., Pramod D., Kulkarni M.S.","Lecture Notes in Networks and Systems, 1612 LNNS",2026,10.1007/978-981-95-2872-1_27,https://doi.org/10.1007/978-981-95-2872-1_27,VERIFIED,1.0,Scopus only,,SCOPUS_UI,10.1007/978-981-95-2872-1_27,MATCH,INCLUDE,"I1,I2,I3,I4","Examina empíricamente cómo los robo-advisors interactúan con sesgos conductuales (aversión a la pérdida, exceso de confianza) en decisiones de inversión (I1-I4).",INCLUDE,
Antecedents of investment decisions among retail investors: Mediating risk perception and moderating investment horizon,"Chairit S., Sirichote O., Noknoi C.","Investment Management and Financial Innovations, 23(2)",2026,10.21511/imfi.23(2).2026.24,https://doi.org/10.21511/imfi.23(2).2026.24,VERIFIED,1.0,Scopus only,,SCOPUS_UI,10.21511/imfi.23(2).2026.24,MATCH,INCLUDE,"I1,I2,I3,I4",Examina antecedentes de decisiones de inversión de minoristas tailandeses con percepción de riesgo como mediadora y horizonte de inversión como moderador (I1-I4).,INCLUDE,
AI-Based Predictive Modelling of Digitalization Effects on Investment Decisions of Gen Z Investors,"Vandana, Garima, Singh S.",International Conference on Innovative Practices in Technology and Management Iciptm 2026,2026,10.1109/iciptm69057.2026.11466023,https://doi.org/10.1109/iciptm69057.2026.11466023,VERIFIED,1.0,Scopus only,,SCOPUS_UI,10.1109/ICIPTM69057.2026.11466023,MATCH,INCLUDE,"I1,I2,I3,I4",Modelo predictivo de IA sobre cómo la digitalización afecta percepción de riesgo y manada en decisiones de inversión de inversionistas Gen Z (I1-I4).,INCLUDE,
Digital Transformation in Wealth Management: Exploring How Robo-Advisors Moderate Behavioral Biases and Shape Investment Decisions,"Verma V., Singh P., Kumar P.",Robo Advisors and Artificial Intelligence in Human Resources Management Revolutionizing Hr,2026,10.1201/9781779641410-9,https://doi.org/10.1201/9781779641410-9,VERIFIED,1.0,Scopus only,,SCOPUS_UI,10.1201/9781779641410-9,MATCH,INCLUDE,"I1,I2,I3,I4","Analiza cómo los robo-advisors atenúan sesgos conductuales (exceso de confianza, manada, aversión a la pérdida) en la toma de decisiones de inversión (I1-I4).",INCLUDE,
Deciphering risk and behavioural biases in investment decision-making,Ganguly A.,"Afro Asian Journal of Finance and Accounting, 16(4)",2026,10.1504/aajfa.2024.10068605,https://doi.org/10.1504/aajfa.2024.10068605,VERIFIED,1.0,Scopus only,,SCOPUS_UI,10.1504/AAJFA.2026.154697,MISMATCH,INCLUDE,"I1,I2,I3,I4","Desarrolla un modelo integral de la relación entre sesgos conductuales (exceso de confianza, anclaje, manada, aversión a la pérdida) y tolerancia al riesgo en decisiones de inversión (I1-I4).",INCLUDE,
Behavioral Biases in Investment Decisions,Nahidi N.,"Contributions to Finance and Accounting, Part F1945",2026,10.2139/ssrn.5245968,https://doi.org/10.2139/ssrn.5245968,UNCERTAIN,0.889,Scopus only,,SCOPUS_UI,10.1007/978-3-032-18109-1_3,MISMATCH,INCLUDE,"I1,I2,I3,I4","Examina el origen neurocognitivo de sesgos conductuales (aversión a la pérdida, manada, exceso de confianza) en decisiones de inversión (I1-I4).",INCLUDE,
Fuzzy Logic in Economics: A Model for Risk Assessment and Decision-Making,"Imamguluyev R., Abdullayev T., Aghayeva K., Sharifli I.","Lecture Notes in Networks and Systems, 1817 LNNS",2026,,,NOT_FOUND,0.562,Scopus only,,SCOPUS_UI,10.1007/978-3-032-16883-2_33,NO_DOI,EXCLUDE,E6,"Modelo de lógica difusa para evaluación de riesgo económico basado en variables financieras objetivas (volatilidad, liquidez, apalancamiento), sin examinar comportamiento del inversionista (E6).",EXCLUDE,
From Rationality to Reality: Taxonomy of Biases and Mitigation Strategies for Investors,"Manchanda M., Bajaj H.",Behavioral Finance Strategies for Informed Decision Making,2026,,,NOT_FOUND,0.4,Scopus only,,SCOPUS_UI,,NO_NATIVE,INCLUDE,"I1,I2,I3,I4","Propone una taxonomía de sesgos conductuales (heurísticas, autoengaño, sesgos emocionales, influencia social) y estrategias de mitigación para inversionistas (I1-I4).",INCLUDE,
AI Supported WealthTech Solutions for Personalized Financial Planning and Investment Decisions,"Chinnasamy G., Vinoth S., Renuka S., ... Jaladi S.R., Jayashree T.",Proceedings of the 2026 International Conference on Intelligent and Innovative Technologies in Computing Electrical and Electronics Iitcee 2026,2026,10.1109/iitcee67948.2026.11394050,https://doi.org/10.1109/iitcee67948.2026.11394050,VERIFIED,1.0,Scopus only,,SCOPUS_UI,10.1109/IITCEE67948.2026.11394050,MATCH,INCLUDE,"I1,I2,I3,I4",Segmenta inversionistas individuales por tolerancia al riesgo y tendencias conductuales mediante clustering para planeación financiera personalizada con IA (I1-I4).,INCLUDE,
"The Interplay Between Behavioral Finance and Environmental, Social, and Governance (ESG) Investment Decisions: Evidence From Chinese Listed Firms","Wang, Bo- Ge and Alsagr, Naif and Chien, Fengsheng",BUSINESS STRATEGY AND THE ENVIRONMENT,2026,10.1002/bse.71103,https://doi.org/10.1002/bse.71103,FROM_WOS,1.0,Scopus + WoS,WOS:001785299700001,SCOPUS_UI,10.1002/bse.71103,MATCH,UNCERTAIN,AMBIGUO,"Estudia sesgos conductuales (manada inducida por política, aversión a la pérdida) en decisiones ESG de gestores de fondos profesionales; población institucional, no individual/minorista (AMBIGUO).",EXCLUDE,"Excluido por decision explicita del autor de la tesis (2026-08-16): ante la duda sobre ajuste con los criterios de poblacion/constructo/activo, se opta por excluir por precaucion. Registro identificado queda disponible para reconsideracion en fases posteriores si se requiere."
The Psychology of Investing: Case Studies in Behavioral Finance,"Malik S., Jain M., Yadav M.",Behavioral Finance Strategies for Informed Decision Making,2026,,,NOT_FOUND,0.5,Scopus only,,SCOPUS_UI,,NO_NATIVE,INCLUDE,"I1,I2,I3,I4","Casos de estudio sobre sesgos conductuales (exceso de confianza, sesgo de confirmación, aversión a la pérdida, manada, contabilidad mental) en la psicología de la inversión (I1-I4).",INCLUDE,
"Analyzing the Investors Perception, Knowledge and Factors on Equity Fund in Stock Market Investment","Manju B., Kamaladevi M.","International Journal of Special Education, 41(6S)",2026,,,NOT_FOUND,0.454,Scopus only,,SCOPUS_UI,,NO_NATIVE,INCLUDE,"I1,I2,I3,I4","Examina percepción de riesgo, conocimiento y factores demográficos en decisiones de inversión en fondos de renta variable de inversionistas minoristas (I1-I4).",INCLUDE,
Non-home biased individuals' investment choices: the role of the birthplace of investors,"Lippi, Andrea and Barbieri, Laura",FINANCE RESEARCH LETTERS,2026,10.1016/j.frl.2025.109026,https://doi.org/10.1016/j.frl.2025.109026,FROM_WOS,1.0,Scopus + WoS,WOS:001627145000003,SCOPUS_UI,10.1016/j.frl.2025.109026,MATCH,INCLUDE,"I1,I2,I3,I4",Estudia inversionistas individuales italianos y su tolerancia al riesgo y sesgo doméstico en la asignación de activos financieros extranjeros.,INCLUDE,
Examining Diverse Factors Influencing Stock Market Investments of the Investors in South India,"Nidhi S., Kamaladevi M.","International Journal of Special Education, 41(6S)",2026,,,NOT_FOUND,0.711,Scopus only,,SCOPUS_UI,,NO_NATIVE,INCLUDE,"I1,I2,I3,I4","Analiza percepción de riesgo, tolerancia al riesgo y factores psicológicos de inversionistas minoristas en su decisión de inversión bursátil.",INCLUDE,
Understanding the disposition effect: a phenomenological study of investor experiences in Nepal,"Paudel, Moti Ram and Thapa, Bharat Singh and Ghimire, Shankar",QUALITATIVE RESEARCH IN FINANCIAL MARKETS,2026,10.1108/QRFM-03-2025-0064,https://doi.org/10.1108/QRFM-03-2025-0064,FROM_WOS,1.0,Scopus + WoS,WOS:001710896200001,SCOPUS_UI,10.1108/QRFM-03-2025-0064,MATCH,INCLUDE,"I1,I2,I3,I4","Examina el efecto disposición, aversión a la pérdida, anclaje y exceso de confianza en inversionistas minoristas del mercado nepalí.",INCLUDE,
Business Leadership and Behavioral Economics: A Quantitative Assessment of Cognitive and Emotional Biases among Investors,"Soussou K., Mahjoubi Y.","Business Ethics and Leadership, 10(2)",2026,10.61093/bel.10(2).143-162.2026,https://doi.org/10.61093/bel.10(2).143-162.2026,VERIFIED,1.0,Scopus only,,SCOPUS_UI,10.61093/bel.10(2).143-162.2026,MATCH,INCLUDE,"I1,I2,I3,I4","Cuantifica sesgos cognitivos y emocionales (framing, exceso de confianza, aversión a la pérdida) en inversionistas individuales tunecinos.",INCLUDE,
Impact of Investor Trust and Risk Perception on Mutual Fund Investment Intentions: The Mediating Role of Financial Literacy,"Lenta F.J., Kumar J.","International Review of Management and Marketing, 16(4)",2026,10.32479/irmm.23221,https://doi.org/10.32479/irmm.23221,VERIFIED,1.0,Scopus only,,SCOPUS_UI,10.32479/irmm.23221,MATCH,INCLUDE,"I1,I2,I3,I4",Investiga percepción de riesgo de inversionistas individuales y su efecto en la intención de inversión en fondos mutuos.,INCLUDE,
ESG Investing and its Impact on Risk-Adjusted Portfolio Returns from a Behavioral Finance Perspective Using SEM,"Banu A., Reshma M., Singh E.S., ... Thilaga S., Basha S.M.","International Academic Journal of Science and Engineering, 13(1)",2026,10.71086/iajse/v13i1/iajse1340,https://doi.org/10.71086/iajse/v13i1/iajse1340,VERIFIED,1.0,Scopus only,,SCOPUS_UI,10.71086/IAJSE/V13I1/IAJSE1340,MATCH,INCLUDE,"I1,I2,I3,I4","Modela cómo exceso de confianza, percepción de riesgo y comportamiento de manada de los inversionistas median el desempeño de portafolios ESG.",INCLUDE,
Exploring the Landscape of Behavioral Finance: A Review,"Gupta P., Pooja",Behavioral Finance Strategies for Informed Decision Making,2026,,,NOT_FOUND,0.735,Scopus only,,SCOPUS_UI,,NO_NATIVE,INCLUDE,"I1,I2,I3,I4","Revisión que sintetiza evidencia sobre sesgos conductuales del inversionista (exceso de confianza, manada, anclaje, aversión a la pérdida).",INCLUDE,
"Behavioral personae, narrow framing, and stochastic dominance in the cryptocurrency market","Arvanitis, Stelios and Topaloglou, Nikolas and Tsomidis, Georgios",ANNALS OF OPERATIONS RESEARCH,2026,10.1007/s10479-026-07135-8,https://doi.org/10.1007/s10479-026-07135-8,FROM_WOS,1.0,Scopus + WoS,WOS:001743958200001,SCOPUS_UI,10.1007/s10479-026-07135-8,MATCH,INCLUDE,"I1,I2,I3,I4","Modela arquetipos de inversionistas conductuales (teoría de las perspectivas, aversión a la pérdida) en decisiones de portafolio con criptoactivos.",INCLUDE,
When Confidence and Knowledge Diverge: Investor Calibration and Portfolio Behavior,"Bonaparte, Yosef and Fabozzi, Frank J.",JOURNAL OF BEHAVIORAL FINANCE,2026,10.1080/15427560.2026.2651122,https://doi.org/10.1080/15427560.2026.2651122,FROM_WOS,1.0,Scopus + WoS,WOS:001751535500001,SCOPUS_UI,10.1080/15427560.2026.2651122,MATCH,INCLUDE,"I1,I2,I3,I4",Analiza cómo la calibración entre confianza y conocimiento financiero se asocia con tolerancia al riesgo y comportamiento de portafolio de los hogares.,INCLUDE,
Masculinity and Financial Behavior: Understanding Biases and Empowering Resilience,Fouche J.P.,Financial Therapy for Men Navigating the Intersection of Masculinity and Financial Behavior in A Modern World,2026,10.1007/978-3-032-11276-7_3,https://doi.org/10.1007/978-3-032-11276-7_3,VERIFIED,1.0,Scopus only,,SCOPUS_UI,10.1007/978-3-032-11276-7_3,MATCH,INCLUDE,"I1,I2,I3,I4","Revisión sistemática sobre exceso de confianza, aversión a la pérdida y contabilidad mental en la toma de riesgo de inversionistas hombres.",INCLUDE,
Analysis of Islamic Unit Trust Funds Investors in Malaysia using the Kohonen self-organizing maps,"Bouzekouk, Salim and Mansor, Fadillah",JOURNAL OF ISLAMIC MARKETING,2026,10.1108/JIMA-08-2024-0350,https://doi.org/10.1108/JIMA-08-2024-0350,FROM_WOS,1.0,Scopus + WoS,WOS:001691300100001,SCOPUS_UI,10.1108/JIMA-08-2024-0350,MATCH,INCLUDE,"I1,I2,I3,I4",Construye una segmentación/taxonomía de inversionistas minoristas malasios según apetito de riesgo y percepción de riesgo en fondos islámicos.,INCLUDE,
Investor Behavior and Renewable Energy Project Financing: Behavioral and Institutional Insights from Morocco,"Zoumak K., Angade K.","Lecture Notes in Networks and Systems, 1878 LNNS",2026,10.1007/978-3-032-19760-3_48,https://doi.org/10.1007/978-3-032-19760-3_48,VERIFIED,1.0,Scopus only,,SCOPUS_UI,10.1007/978-3-032-19760-3_48,MATCH,UNCERTAIN,AMBIGUO,Mezcla percepción de riesgo conductual con financiamiento de proyectos de energía renovable y población mixta institucional/privada sin distinguir claramente activos financieros de proyectos físicos.,EXCLUDE,"Excluido por decision explicita del autor de la tesis (2026-08-16): ante la duda sobre ajuste con los criterios de poblacion/constructo/activo, se opta por excluir por precaucion. Registro identificado queda disponible para reconsideracion en fases posteriores si se requiere."
Gender and the Brain on Finance: Are Men and Women Wired for Different Risks?,Kashyap S.,Intersecting AI Neurofinance and Behavioral Finance for Decision Making,2026,,,NOT_FOUND,0.585,Scopus only,,SCOPUS_UI,10.4018/979-8-3373-1494-5.ch001,NO_DOI,INCLUDE,"I1,I2,I3,I4",Capítulo teórico sobre percepción de riesgo y diferencias de género en la toma de decisiones financieras de los inversionistas.,INCLUDE,
FROM NEWS TO CHARTS: RETHINKING MARKET PREDICTION WITH MULTIMODAL AI | OD VIJESTI DO GRAFIKONA: PONOVNO PROMIŠLJANJE PREDVIĐANJA TRŽIŠTA S MULTIMODALNOM UMJETNOM INTELIGENCIJOM,"Guo H., Polak P.","Management Journal of Contemporary Management Issues, 31(1)",2026,,,NOT_FOUND,0.238,Scopus only,,SCOPUS_UI,10.30924/mjcmi.31.1.6,NO_DOI,EXCLUDE,E6,"El aporte sustantivo es un modelo de IA multimodal para predicción de mercado; los sesgos conductuales solo se mencionan como interpretación, sin evidencia propia sobre riesgo conductual del inversionista.",EXCLUDE,
"Financial Reporting, Investor Psychology and the Role of Data Governance in Equity Markets","Fitri A., Yusuf H., Izzuddin M.A.",Interdisciplinary Approaches to Data Governance AI and Digital Society,2026,10.4018/979-8-2600-2233-7.ch006,https://doi.org/10.4018/979-8-2600-2233-7.ch006,VERIFIED,1.0,Scopus only,,SCOPUS_UI,10.4018/979-8-2600-2233-7.ch006,MATCH,INCLUDE,"I1,I2,I3,I4","Examina sesgos conductuales (anclaje, aversión a la pérdida, manada, exceso de confianza) de inversionistas en mercados accionarios y su relación con la información financiera.",INCLUDE,
Financing green innovation startups: a systematic literature review on early-stage SME funding,"Mukherjee A., Owen R., Scott J.M., Lyon F.","Venture Capital, 28(2-3)",2026,10.1080/13691066.2024.2410730,https://doi.org/10.1080/13691066.2024.2410730,VERIFIED,1.0,Scopus only,,SCOPUS_UI,10.1080/13691066.2024.2410730,MATCH,EXCLUDE,E4,"Se centra en el ecosistema de financiamiento de capital de riesgo/institucional a startups, sin ángulo de riesgo conductual del inversionista individual.",EXCLUDE,
Agent-Based Simulation of a Financial Market with Large Language Models,"Hashimoto R., Takayanagi T., Suzuki M., Izumi K.","Lecture Notes in Computer Science, 16366 LNAI",2026,10.1007/978-3-032-13562-9_2,https://doi.org/10.1007/978-3-032-13562-9_2,VERIFIED,1.0,Scopus only,,SCOPUS_UI,10.1007/978-3-032-13562-9_2,MATCH,INCLUDE,"I1,I2,I3,I4",Utiliza la aversión a la pérdida y el anclaje a precios de referencia como mecanismo conductual central para explicar la dependencia de trayectoria en decisiones de inversión.,INCLUDE,
"Decoding investor behavior in the age of financial AI: integrating cognitive, emotional, and social drivers of adoption and resistance in India","Tiwari, Chandan Kumar and Bhat, Mohd Abass and Gupta, Kanishka and Gaur, Dolly and Alkhwaldi, Abeer F. and Pal, Abhinav",INFORMATION DISCOVERY AND DELIVERY,2026,10.1108/IDD-10-2025-0255,https://doi.org/10.1108/IDD-10-2025-0255,FROM_WOS,1.0,Scopus + WoS,WOS:001755759700001,SCOPUS_UI,10.1108/IDD-10-2025-0255,MATCH,EXCLUDE,E6,"El foco es la adopción tecnológica de IA por parte de inversionistas (aceptación/resistencia), no un constructo de riesgo conductual de la decisión de inversión.",EXCLUDE,"Validacion por muestreo (2026-08-16): segunda pasada IA independiente (ciega) decidio 'UNCERTAIN' (discrepancia con la clasificacion original 'EXCLUDE'). Motivo de la segunda pasada: Estudia drivers cognitivos, emocionales y sociales de adopción/resistencia a IA en gestión de portafolios, pero no queda claro si el foco principal es la aceptación tecnológica o el riesgo conductual del inversionista. Resuelto EXCLUDE aplicando la misma regla de precaucion del autor (ante desacuerdo/duda entre revisores, excluir)."
Crypto Investment Trends in the Digital Age: The Impact of Online Information on Risk Perception,"Raju J.K., Soujanya L.","Oida International Journal of Sustainable Development, 19(3)",2026,10.64211/oidaijsd190302,https://doi.org/10.64211/oidaijsd190302,VERIFIED,1.0,Scopus only,,SCOPUS_UI,10.64211/oidaijsd190302,MATCH,INCLUDE,"I1,I2,I3,I4",Analiza percepción de riesgo y alfabetización financiera de inversionistas minoristas de criptoactivos influidos por información en línea.,INCLUDE,
COVID-19 pandemic and analysts’ stock recommendation: an empirical analysis of citywide static management in Shanghai,"Jia, Shaoqing and Zhou, Yixun and Liu, Dongxin and Zhou, Fangzhao",REVIEW OF QUANTITATIVE FINANCE AND ACCOUNTING,2026,10.1007/s11156-026-01496-8,https://doi.org/10.1007/s11156-026-01496-8,FROM_WOS,1.0,Scopus + WoS,WOS:001688508800001,SCOPUS_UI,10.1007/s11156-026-01496-8,MATCH,EXCLUDE,I1,"La población son analistas financieros que emiten recomendaciones, no inversionistas individuales tomando decisiones de inversión propias.",EXCLUDE,
"Navigating crypto markets: financial literacy, behavior and information channels","Ruiz, Juan Rafael",INTERNATIONAL JOURNAL OF BANK MARKETING,2026,10.1108/IJBM-04-2025-0285,https://doi.org/10.1108/IJBM-04-2025-0285,FROM_WOS,1.0,Scopus + WoS,WOS:001721418000001,SCOPUS_UI,10.1108/IJBM-04-2025-0285,MATCH,INCLUDE,"I1,I2,I3,I4","Examina tolerancia al riesgo, exceso de confianza y alfabetización financiera como determinantes de la tenencia de Bitcoin por individuos.",INCLUDE,
Market Regime Forecasting Across Horizons: When Transition Detection Matters More Than Accuracy,"Sanchez-Fernandez A., Perez H., Huerga-Perez N., Diez-Gonzalez J.","Communications in Computer and Information Science, 3046 CCIS",2026,10.1007/978-3-032-29254-4_27,https://doi.org/10.1007/978-3-032-29254-4_27,VERIFIED,1.0,Scopus only,,SCOPUS_UI,10.1007/978-3-032-29254-4_27,MATCH,EXCLUDE,E6,"Es un estudio metodológico de pronóstico de regímenes de mercado con modelos estadísticos, sin constructo de riesgo conductual del inversionista.",EXCLUDE,
Dynamic q-dependent cross-correlation test for investment classification and its application on green finance,Acikgoz T.,"North American Journal of Economics and Finance, 81, 102535",2026,10.1016/j.najef.2025.102535,https://doi.org/10.1016/j.najef.2025.102535,VERIFIED,1.0,Scopus only,,SCOPUS_UI,10.1016/j.najef.2025.102535,MATCH,EXCLUDE,E6,Desarrolla una prueba econométrica de correlación cruzada para clasificar activos; no examina comportamiento ni riesgo conductual del inversionista.,EXCLUDE,
Climate Risk Modeling in the Digital Age: New Approaches for Financial Institutions,"Andrianov A.Y., Ivanov V.V., Nurmukhametov R.K.","Communications in Computer and Information Science, 2868 CCIS",2026,10.1007/978-981-92-0126-6_21,https://doi.org/10.1007/978-981-92-0126-6_21,VERIFIED,1.0,Scopus only,,SCOPUS_UI,10.1007/978-981-92-0126-6_21,MATCH,EXCLUDE,E4,"Aborda la gestión institucional del riesgo climático por parte de instituciones financieras, sin ángulo de comportamiento del inversionista individual.",EXCLUDE,
Phenomenological Semantic Factor Method for Risk Management of Complex Systems in Drifting,"Rodionov D., Polyakov P., Konnikov E.","Big Data and Cognitive Computing, 10(1), 21",2026,10.3390/bdcc10010021,https://doi.org/10.3390/bdcc10010021,VERIFIED,1.0,Scopus only,,SCOPUS_UI,10.3390/bdcc10010021,MATCH,EXCLUDE,E1,"Propone un método de gestión de riesgo para sistemas complejos e infraestructura crítica, sin relación con inversionistas ni decisiones de inversión.",EXCLUDE,
The risk quadrangle in optimization: An overview with recent results and extensions,"Grechuk B., Malandii A., Rockafellar R.T., Uryasev S.","Euro Journal on Computational Optimization, 14, 100129",2026,10.1016/j.ejco.2026.100129,https://doi.org/10.1016/j.ejco.2026.100129,VERIFIED,1.0,Scopus only,,SCOPUS_UI,10.1016/j.ejco.2026.100129,MATCH,EXCLUDE,E6,Es un desarrollo teórico de optimización estocástica y funcionales de riesgo; no trata riesgo conductual ni comportamiento de inversionistas.,EXCLUDE,
A methodology for assessing the risk resistance of regions with account of the risk complexity of companies (a case study of mining operations) | Методология оценивания рискоустойчивости регионов с учетом рискоемкости компаний (на примере горнодобывающих),"Zubov A.O., Bardulin E.N., Mazhazhikhov A.A., Shapiro N.A., Yakovleva A.V.","Gornaya Promyshlennost, 2026(1)",2026,10.30686/1609-9192-2026-1-49-54,https://doi.org/10.30686/1609-9192-2026-1-49-54,VERIFIED,1.0,Scopus only,,SCOPUS_UI,10.30686/1609-9192-2026-1-49-54,MATCH,EXCLUDE,E4,"Propone una metodología de riesgo corporativo/regional para empresas mineras, sin relación con el comportamiento de inversionistas individuales.",EXCLUDE,
Upstream Dynamics: Navigating the Economics of Petroleum Exploration and Production,Al-Sajari S.F.,Upstream Dynamics Navigating the Economics of Petroleum Exploration and Production,2026,,,NOT_FOUND,0.387,Scopus only,,SCOPUS_UI,10.1201/9781003750345,NO_DOI,EXCLUDE,E4,"Es un texto de economía y gestión de riesgo corporativo del sector petrolero upstream, sin ángulo conductual de inversionistas individuales.",EXCLUDE,
An AI-Enhanced Enterprise Project Management Framework for Predictive Analytics and Intelligent Decision Support,"Doughman E., Dwairi H., Alenzi M., Zahid M.",2026 International Conference on Artificial Intelligence for Sustainable Engineering and Innovation Aisei 2026,2026,10.1109/aisei68628.2026.11572797,https://doi.org/10.1109/aisei68628.2026.11572797,VERIFIED,1.0,Scopus only,,SCOPUS_UI,10.1109/AISEI68628.2026.11572797,MATCH,EXCLUDE,E4,"Propone un marco de gestión de portafolios de proyectos empresariales con IA; es gestión corporativa de riesgo, no comportamiento del inversionista individual.",EXCLUDE,
A Hierarchical Business Model for Translating Digital Twins: A Case Study for Health Care Applications From Research to Market,"Nisar S.A., Arulkumar R., Jones B., Banerjee D.","ASME Open Journal of Engineering, 5",2026,10.1115/1.4064961,https://doi.org/10.1115/1.4064961,VERIFIED,1.0,Scopus only,,SCOPUS_UI,10.1115/1.4064961,MATCH,EXCLUDE,E6,"Trata sobre modelos de negocio de gemelos digitales en salud; falso positivo por la mención genérica a inversores, sin relación con riesgo conductual de inversión.",EXCLUDE,
Change-Point Detection in Financial Time Series Using the PELT Algorithm: Simulation Optimization and Empirical Analysis,Jia R.,Proceedings of 2025 8th International Conference on Computer Information Science and Artificial Intelligence Cisai 2025,2025,10.1145/3773365.3773532,https://doi.org/10.1145/3773365.3773532,VERIFIED,1.0,Scopus only,,SCOPUS_UI,10.1145/3773365.3773532,MATCH,EXCLUDE,E6,Es un estudio metodológico de detección de puntos de cambio en series de tiempo financieras; el sentimiento del inversionista solo se menciona tangencialmente.,EXCLUDE,
Financial risk profiling of millennials,"Mohta, Anu and Shunmugasundaram, V",GLOBAL KNOWLEDGE MEMORY AND COMMUNICATION,2025,10.1108/GKMC-09-2023-0333,https://doi.org/10.1108/GKMC-09-2023-0333,FROM_WOS,1.0,Scopus + WoS,WOS:001179722100001,SCOPUS_UI,10.1108/GKMC-09-2023-0333,MATCH,INCLUDE,"I1,I2,I3,I4","Aporta un perfilamiento explícito del riesgo financiero (capacidad, actitud y propensión al riesgo) de inversionistas millennials individuales.",INCLUDE,
How Does Loss Aversion Mediate the Relationship Between Personality Traits and Efficiency of Skills in Investment Decision-Making?,"Jayawardena A.M.A., Nanayakkara N.S.","International Review of Management and Marketing, 15(1)",2025,10.32479/irmm.17502,https://doi.org/10.32479/irmm.17502,VERIFIED,1.0,Scopus only,,SCOPUS_UI,10.32479/irmm.17502,MATCH,INCLUDE,"I1,I2,I3,I4",Examina la aversión a la pérdida como mediadora entre rasgos de personalidad y la toma de decisiones de inversionistas individuales.,INCLUDE,
The impact of behavioral biases on financial satisfaction: the mediating role of investment decisions,"Sharma V., Kumar R., Jain J., Kaur M.","International Review of Economics, 72(2), 27",2025,10.1007/s12232-025-00502-0,https://doi.org/10.1007/s12232-025-00502-0,VERIFIED,1.0,Scopus only,,SCOPUS_UI,10.1007/s12232-025-00502-0,MATCH,INCLUDE,"I1,I2,I3,I4","Analiza exceso de confianza, contabilidad mental, aversión a la pérdida y autocontrol en las decisiones de inversión de inversionistas activos.",INCLUDE,
A portfolio-focused behavioral model linking financial literacy and risk tolerance: Evidence from mutual fund investors in Türkiye,"Hamurcu, Cagri and Hazar, Adalet and Babuscu, Senol",BORSA ISTANBUL REVIEW,2025,10.1016/j.bir.2025.09.001,https://doi.org/10.1016/j.bir.2025.09.001,FROM_WOS,1.0,Scopus + WoS,WOS:001637944900003,SCOPUS_UI,10.1016/j.bir.2025.09.001,MATCH,INCLUDE,"I1,I2,I3,I4",Modela la relación entre alfabetización financiera y tolerancia al riesgo en inversionistas individuales de fondos mutuos.,INCLUDE,
The Influence of Investor Sentiment on the South African Property Market: A Comparative Assessment of JSE Indices,"Nel, Charlize and Moodley, Fabian and Ferreira-Schenk, Sune",INTERNATIONAL JOURNAL OF FINANCIAL STUDIES,2025,10.3390/ijfs13040231,https://doi.org/10.3390/ijfs13040231,FROM_WOS,1.0,Scopus + WoS,WOS:001646675200001,SCOPUS_UI,10.3390/ijfs13040231,MATCH,UNCERTAIN,AMBIGUO,"Usa un índice agregado de sentimiento del mercado, no un perfilamiento de inversionistas individuales, y el activo son índices inmobiliarios listados, lo que hace dudoso el ajuste con I1/I2.",EXCLUDE,"Excluido por decision explicita del autor de la tesis (2026-08-16): ante la duda sobre ajuste con los criterios de poblacion/constructo/activo, se opta por excluir por precaucion. Registro identificado queda disponible para reconsideracion en fases posteriores si se requiere."
Sustainable investing through a gendered lens: the role of locus of control and risk perception,"Verma, Vivek and Singh, Praveen and Tiwari, Rajesh and Pandey, Dinesh Chandra",JOURNAL OF FINANCIAL SERVICES MARKETING,2025,10.1057/s41264-025-00321-y,https://doi.org/10.1057/s41264-025-00321-y,FROM_WOS,1.0,Scopus + WoS,WOS:001592824500001,SCOPUS_UI,10.1057/s41264-025-00321-y,MATCH,INCLUDE,"I1,I2,I3,I4",Examina locus de control y percepción de riesgo como determinantes del comportamiento de inversión sostenible en mujeres inversionistas individuales.,INCLUDE,
Unveiling the attitudinal factors: an integration of TPB and SCT in understanding investor intention towards equity investments,"Singh, Anurag and Goel, Utkarsh and Kumar, Shailendra and Johri, Amar",HUMANITIES \& SOCIAL SCIENCES COMMUNICATIONS,2025,10.1057/s41599-025-05478-4,https://doi.org/10.1057/s41599-025-05478-4,FROM_WOS,1.0,Scopus + WoS,WOS:001584790400002,SCOPUS_UI,10.1057/s41599-025-05478-4,MATCH,INCLUDE,"I1,I2,I3,I4",Analiza la autoeficacia financiera y actitudes de inversionistas individuales en su intención de inversión en acciones.,INCLUDE,
To label or not? A choice experiment testing whether labelled green bonds matter to retail investors,"Saravade V., Weber O., Vitalis A.","Humanities and Social Sciences Communications, 12(1), 82",2025,10.1057/s41599-025-04395-w,https://doi.org/10.1057/s41599-025-04395-w,VERIFIED,1.0,Scopus only,,SCOPUS_UI,10.1057/s41599-025-04395-w,MATCH,INCLUDE,"I1,I2,I3,I4",Examina cómo la tolerancia al riesgo individual y rasgos personales influyen en la decisión de inversión minorista en bonos verdes.,EXCLUDE,"Validacion por muestreo (2026-08-16): segunda pasada IA independiente (ciega) decidio 'UNCERTAIN' (discrepancia con la clasificacion original 'INCLUDE'). Motivo de la segunda pasada: Población de inversionistas minoristas (I1) y menciona tolerancia al riesgo individual como rasgo predictor, pero el foco principal es el efecto del etiquetado ambiental/framing sobre bonos verdes, no el perfilamiento conductual de riesgo (I3 marginal). Resuelto EXCLUDE aplicando la misma regla de precaucion del autor (ante desacuerdo/duda entre revisores, excluir)."
Artificial intelligence in behavioral finance: a global review of cognitive bias modeling in investor decision-making,"Seker S.E., Icke B.T., Yanik S., ... Icke M.A., Kozol E.","SN Business and Economics, 5(12), 217",2025,10.1007/s43546-025-00986-6,https://doi.org/10.1007/s43546-025-00986-6,VERIFIED,1.0,Scopus only,,SCOPUS_UI,10.1007/s43546-025-00986-6,MATCH,INCLUDE,"I1,I2,I3,I4","Revisión global sobre modelado de sesgos conductuales del inversionista (exceso de confianza, manada, aversión a la pérdida) mediante IA.",INCLUDE,
Mutual fund investment in Nepal and its dual analysis of economic impact and investor behavior,"Upadhyaya, Yadav Mani and Ghimire, Shiva Raj and Kharel, Khom Raj",DISCOVER SUSTAINABILITY,2025,10.1007/s43621-025-02243-0,https://doi.org/10.1007/s43621-025-02243-0,FROM_WOS,1.0,Scopus + WoS,WOS:001641909600001,SCOPUS_UI,10.1007/s43621-025-02243-0,MATCH,INCLUDE,"I1,I2,I3,I4",Incluye tolerancia al riesgo y alfabetización financiera como determinantes de la decisión de inversión de inversionistas individuales en fondos mutuos.,INCLUDE,
Investor negativity derived from news shapes firm distress dynamics under bounded rationality,"Pham, Xuan Thi Thanh and Huynh, Dat Tan and Nguyen, Nhu Thi Kim and Luu, Thu Bich",JOURNAL OF ECONOMICS AND DEVELOPMENT,2025,10.1108/JED-06-2025-0296,https://doi.org/10.1108/JED-06-2025-0296,FROM_WOS,1.0,Scopus + WoS,WOS:001611332900001,SCOPUS_UI,10.1108/JED-06-2025-0296,MATCH,UNCERTAIN,AMBIGUO,"Aplica teoría de las perspectivas y aversión a la pérdida al sentimiento agregado de noticias sobre firmas en dificultades, mezclando comportamiento del inversionista con riesgo corporativo/firma sin distinguir claramente la decisión de inversión individual.",EXCLUDE,"Excluido por decision explicita del autor de la tesis (2026-08-16): ante la duda sobre ajuste con los criterios de poblacion/constructo/activo, se opta por excluir por precaucion. Registro identificado queda disponible para reconsideracion en fases posteriores si se requiere."
Behavioural Reinforcement Learning (Beyond Rationality: RL under Investor Bias),"Buet-Golfouse F., Shelley O., Barbulescu G.-O.",Icaif 2025 6th ACM International Conference on AI in Finance,2025,10.1145/3768292.3770436,https://doi.org/10.1145/3768292.3770436,VERIFIED,1.0,Scopus only,,SCOPUS_UI,10.1145/3768292.3770436,MATCH,INCLUDE,"I1,I2,I3,I4","Integra explícitamente aversión a la pérdida, descuento inconsistente y anclaje como sesgos conductuales del inversionista dentro de un marco de aprendizaje por refuerzo.",EXCLUDE,"Validacion por muestreo (2026-08-16): segunda pasada IA independiente (ciega) decidio 'UNCERTAIN' (discrepancia con la clasificacion original 'INCLUDE'). Motivo de la segunda pasada: Integra sesgos conductuales (aversión a la pérdida, anclaje) en modelos de aprendizaje por refuerzo, pero el aporte central es un framework algorítmico de IA aplicable a 'dominios de comportamiento' en general, no un estudio sustantivo sobre el perfil conductual de inversionistas (I1/I3 discutibles). Resuelto EXCLUDE aplicando la misma regla de precaucion del autor (ante desacuerdo/duda entre revisores, excluir)."
Learn to Rank Risky Investors: A Case Study of Predicting Retail Traders’ Behaviour and Profitability,"Li W.W., Ma T.","ACM Transactions on Information Systems, 44(1), 15",2025,10.1145/3768623,https://doi.org/10.1145/3768623,VERIFIED,1.0,Scopus only,,SCOPUS_UI,10.1145/3768623,MATCH,EXCLUDE,E4,"El enfoque es la gestión de riesgo institucional por parte de los market makers para identificar traders riesgosos, no el perfil de riesgo conductual propio del inversionista.",EXCLUDE,
How good are LLMs in risk profiling?,"Hens, Thorsten and Nordlie, Trine",FINANCE RESEARCH LETTERS,2025,10.1016/j.frl.2025.108102,https://doi.org/10.1016/j.frl.2025.108102,FROM_WOS,1.0,Scopus + WoS,WOS:001558920800009,SCOPUS_UI,10.1016/j.frl.2025.108102,MATCH,INCLUDE,"I1,I2,I3,I4",Compara la clasificación del perfil de riesgo de clientes/inversionistas individuales realizada por LLMs frente a expertos bancarios.,INCLUDE,
New behaviorally-based cross-sectional reversal portfolios in the cryptocurrency market and market uncertainty,"Nakagawa K., Sakemoto R.","Finance Research Letters, 85, 107800",2025,10.1016/j.frl.2025.107800,https://doi.org/10.1016/j.frl.2025.107800,VERIFIED,1.0,Scopus only,,SCOPUS_UI,10.1016/j.frl.2025.107800,MATCH,EXCLUDE,E6,"Es una estrategia cuantitativa de reversión de precios en criptomonedas; el 'punto de anclaje' es una referencia estadística de precio, no evidencia sobre sesgo conductual del inversionista.",EXCLUDE,
Psychological and technological factors shaping cryptocurrency investment: The moderating role of personality traits,"Changchit C., Cutshall R., Pham L., Bland E.","Acta Psychologica, 260, 105606",2025,10.2139/ssrn.5252820,https://doi.org/10.2139/ssrn.5252820,VERIFIED,1.0,Scopus only,,SCOPUS_UI,10.1016/j.actpsy.2025.105606,MISMATCH,INCLUDE,"I1,I2,I3,I4",Examina rasgos de personalidad y percepción de seguridad como factores conductuales de la intención de inversión individual en criptomonedas.,EXCLUDE,"Validacion por muestreo (2026-08-16): segunda pasada IA independiente (ciega) decidio 'UNCERTAIN' (discrepancia con la clasificacion original 'INCLUDE'). Motivo de la segunda pasada: Aunque trata inversión en criptoactivos por inversionistas individuales, el enfoque principal son factores de aceptación tecnológica (UTAUT) y rasgos de personalidad, no un constructo de riesgo conductual explícito del listado (I2), por lo que es discutible si califica. Resuelto EXCLUDE aplicando la misma regla de precaucion del autor (ante desacuerdo/duda entre revisores, excluir)."
Anticipated psychological spreads: Cryptocurrencies’ hidden short-term monitors and implications for price forecasting,"M'bakob, Gilles Brice and Ntamack, Jules Mandeng ma and Mfouapon, Georges Kriyoss",JOURNAL OF INTERNATIONAL FINANCIAL MARKETS INSTITUTIONS \& MONEY,2025,10.1016/j.intfin.2025.102224,https://doi.org/10.1016/j.intfin.2025.102224,FROM_WOS,1.0,Scopus + WoS,WOS:001576586000001,SCOPUS_UI,10.1016/j.intfin.2025.102224,MATCH,INCLUDE,"I1,I2,I3,I4",Formaliza la aversión a la pérdida y el anclaje psicológico de precios como mecanismo central del comportamiento de inversionistas chartistas en criptoactivos.,INCLUDE,
Big Five Personality Traits and Financial Risk Tolerance among Retail Investors: A Systematic Literature Review,"Khaitan J., Singh D.","International Journal of Accounting and Economics Studies, 12(6)",2025,10.14419/bv72nr69,https://doi.org/10.14419/bv72nr69,VERIFIED,1.0,Scopus only,,SCOPUS_UI,10.14419/bv72nr69,MATCH,INCLUDE,"I1,I2,I3,I4",Revisión sistemática sobre la relación entre rasgos de personalidad y tolerancia al riesgo financiero de inversionistas minoristas.,INCLUDE,
Reinventing renting? ESG investing and the new landlordism of build-to-rent housing financialization,"Parish, Jessica",ENVIRONMENT AND PLANNING A-ECONOMY AND SPACE,2025,10.1177/0308518X251341690,https://doi.org/10.1177/0308518X251341690,FROM_WOS,1.0,Scopus + WoS,WOS:001503473300001,SCOPUS_UI,10.1177/0308518X251341690,MATCH,EXCLUDE,E4,"El perfilamiento de riesgo descrito aplica a arrendatarios evaluados por un proveedor institucional respaldado por fondos de pensiones, no al riesgo conductual del inversionista individual.",EXCLUDE,
"The Role of Fear of Missing out (FOMO), Loss Aversion, and Herd Behavior in Gold Investment Decisions: A Study in the Vietnamese Market","Nguyen, Xuan Hung and Bui, Dieu Anh and Le, Nam Anh and Nguyen, Quynh Trang",INTERNATIONAL JOURNAL OF FINANCIAL STUDIES,2025,10.3390/ijfs13030175,https://doi.org/10.3390/ijfs13030175,FROM_WOS,1.0,Scopus + WoS,WOS:001580021400001,SCOPUS_UI,10.3390/ijfs13030175,MATCH,INCLUDE,"I1,I2,I3,I4","Examina FOMO, aversión a la pérdida y comportamiento de manada en las decisiones de inversión en oro de inversionistas individuales.",INCLUDE,
"Generational Insights into Herding Behavior: The Moderating Role of Investment Experience in Shaping Decisions Among Generations X, Y, and Z","Syukur A., Amron A., Riyanto F., Putra F.I.F.S., Pangemanan R.R.","International Journal of Financial Studies, 13(3), 176",2025,10.3390/ijfs13030176,https://doi.org/10.3390/ijfs13030176,VERIFIED,1.0,Scopus only,,SCOPUS_UI,10.3390/ijfs13030176,MATCH,INCLUDE,"I1,I2,I3,I4",Analiza el comportamiento de manada y la experiencia de inversión de inversionistas minoristas de distintas generaciones.,INCLUDE,
Risk Perception as a Predictor of Heuristic Biases: The Role of Sex and Age,"Kathpal, Shashank and Akhtar, Asif and Chishty, Syed Khusro and Rafiq, Farrukh",ASIA-PACIFIC FINANCIAL MARKETS,2025,10.1007/s10690-024-09481-8,https://doi.org/10.1007/s10690-024-09481-8,FROM_WOS,1.0,Scopus + WoS,WOS:001272748300001,SCOPUS_UI,10.1007/s10690-024-09481-8,MATCH,INCLUDE,"I1,I2,I3,I4","Examina la percepción de riesgo como predictor de sesgos heurísticos (anclaje, representatividad, disponibilidad) en inversionistas individuales.",INCLUDE,
Behavioural factors in risk perception and financial decision making,"Yan, Zetao",INTELLIGENT DECISION TECHNOLOGIES-NETHERLANDS,2025,10.1177/18724981251346316,https://doi.org/10.1177/18724981251346316,FROM_WOS,1.0,Scopus + WoS,WOS:001518096900001,SCOPUS_UI,10.1177/18724981251346316,MATCH,INCLUDE,"I1,I2,I3,I4","Investiga manada, efecto disposición, exceso de confianza, aversión a la pérdida y contabilidad mental en la percepción de riesgo de inversionistas individuales.",INCLUDE,
Investor Emotions and Cognitive Biases in a Bearish Market Simulation: A Qualitative Study,"Finet A., Kristoforidis K., Laznicka J.","Journal of Risk and Financial Management, 18(9), 493",2025,10.3390/jrfm18090493,https://doi.org/10.3390/jrfm18090493,VERIFIED,1.0,Scopus only,,SCOPUS_UI,10.3390/jrfm18090493,MATCH,INCLUDE,"I1,I2,I3,I4","Estudio cualitativo sobre emociones y sesgos conductuales (aversión a la pérdida, anclaje, exceso de confianza) en decisiones de inversión bajo un mercado bajista simulado.",INCLUDE,
Happiness and stock market participation,"Wenyan, Huang",NORTH AMERICAN JOURNAL OF ECONOMICS AND FINANCE,2025,10.1016/j.najef.2025.102491,https://doi.org/10.1016/j.najef.2025.102491,FROM_WOS,1.0,Scopus + WoS,WOS:001521609100001,SCOPUS_UI,10.1016/j.najef.2025.102491,MATCH,INCLUDE,"I1,I2,I3,I4",Analiza la percepción de riesgo como mecanismo que media la participación de los hogares en el mercado accionario.,INCLUDE,
The Psychological and Behavioural Determinants of Mutual Fund Investment Decisions in Bengaluru: A Mixed-Method Approach,"Uma B., Maheswari V.","International Journal of Accounting and Economics Studies, 12(sI-1)",2025,10.14419/jn051k29,https://doi.org/10.14419/jn051k29,VERIFIED,1.0,Scopus only,,SCOPUS_UI,10.14419/jn051k29,MATCH,INCLUDE,"I1,I2,I3,I4","Examina exceso de confianza, manada y sesgos cognitivos en las decisiones de inversión en fondos mutuos de inversionistas individuales.",INCLUDE,
Optimizing Communication Design for Robo-Advisors: The Effects of Investor Types and Information Strategies on Trust and Engagement during Financial Losses,"Kim E., Shin H., Oh C.","Archives of Design Research, 38(3)",2025,10.15187/adr.2025.08.38.3.149,https://doi.org/10.15187/adr.2025.08.38.3.149,VERIFIED,1.0,Scopus only,,SCOPUS_UI,10.15187/adr.2025.08.38.3.149,MATCH,INCLUDE,"I1,I2,I3,I4",Clasifica inversionistas por perfil de riesgo (agresivo vs. conservador) y examina su respuesta conductual ante pérdidas financieras con robo-advisors.,INCLUDE,
Psychological Factors and Investment Decision Making,"Raghu T., Murthy K.V.R., Mandala G.N.","International Journal of Accounting and Economics Studies, 12(4)",2025,10.2139/ssrn.5265809,https://doi.org/10.2139/ssrn.5265809,UNCERTAIN,0.833,Scopus only,,SCOPUS_UI,10.14419/ma5ksm08,MISMATCH,INCLUDE,"I1,I2,I3,I4","Identifica tolerancia al riesgo, exceso de confianza, manada, anclaje, aversión a la pérdida y contabilidad mental como factores psicológicos de la decisión de inversión individual.",INCLUDE,
Leveraging Generative AI to Address Behavioral Biases in the Investment Decisions of Gen Z and Millennials,"Grover D., Sangal S., Shabir S.S.",Generative AI Insights for Financial Decision Making,2025,10.4018/979-8-3373-1250-7.ch014,https://doi.org/10.4018/979-8-3373-1250-7.ch014,VERIFIED,1.0,Scopus only,,SCOPUS_UI,10.4018/979-8-3373-1250-7.ch014,MATCH,INCLUDE,"I1,I2,I3,I4","Analiza manada, aversión a la pérdida y exceso de confianza en las decisiones de inversión de inversionistas jóvenes individuales.",INCLUDE,
Optimization of sustainable portfolios considering behavioral biases: ESG risk management,Sadineni H.,Risk Management and Corporate Governance in Unpredictable Business Environments,2025,10.4018/979-8-3373-0613-1.ch006,https://doi.org/10.4018/979-8-3373-0613-1.ch006,UNCERTAIN,0.872,Scopus only,,SCOPUS_UI,10.4018/979-8-3373-0613-1.ch006,MATCH,INCLUDE,"I1,I2,I3,I4","Examina cómo el comportamiento de manada, el exceso de confianza y la aversión a la pérdida de los inversionistas afectan la optimización de portafolios ESG.",INCLUDE,
Application of decision tree classification algorithm for financial management and risk early warning in universities,Xia T.,"Journal of Computational Methods in Sciences and Engineering, 25(4)",2025,10.1177/14727978251319399,https://doi.org/10.1177/14727978251319399,VERIFIED,1.0,Scopus only,,SCOPUS_UI,10.1177/14727978251319399,MATCH,EXCLUDE,E4,"Propone un sistema de alerta temprana de riesgo financiero para la gestión institucional universitaria, sin relación con el comportamiento del inversionista individual.",EXCLUDE,
Bibliometric review of behavioral finance and risk: A scientometric analysis using biblioshiny,"Shaikh A., Khan M.U.","Multidisciplinary Reviews, 8(7), e2025233",2025,10.31893/multirev.2025233,https://doi.org/10.31893/multirev.2025233,VERIFIED,1.0,Scopus only,,SCOPUS_UI,10.31893/multirev.2025233,MATCH,INCLUDE,"I1,I2,I3,I4","Revisión bibliométrica del campo de finanzas conductuales y riesgo, cubriendo apetito al riesgo, aversión al riesgo y contabilidad mental de inversionistas.",INCLUDE,
The X+Y+Z Code for Government-Guided Funds in Cultivating Unicorn Enterprises | 政府引导基金培育独角兽的 “X+Y+Z” 密码,"Dai Y., Li B., Wang Y.","Quarterly Journal of Economics and Management, 4(2)",2025,,,NOT_FOUND,0.599,Scopus only,,SCOPUS_UI,10.20180/j.qjem.2025.02.02,NO_DOI,EXCLUDE,E4,"Analiza fondos de capital de riesgo guiados por el gobierno para financiar empresas unicornio; es inversión institucional/de política pública, sin ángulo conductual del inversionista individual.",EXCLUDE,
"Cognitive biases, Robo advisor and investment decision psychology: An investor's perspective from New York stock exchange","Ahmad, Usman and Van Keulen, Maurice and Briassouli, Alexia and Saad, Muhammad",ACTA PSYCHOLOGICA,2025,10.1016/j.actpsy.2025.105048,https://doi.org/10.1016/j.actpsy.2025.105048,FROM_WOS,1.0,Scopus + WoS,WOS:001487803600002,SCOPUS_UI,10.1016/j.actpsy.2025.105048,MATCH,INCLUDE,"I1,I2,I3,I4","Examina sesgos cognitivos (anclaje, aversión a la pérdida, exceso de confianza) y percepción de riesgo en la decisión de inversión de inversionistas individuales en la NYSE.",INCLUDE,
Causal Impact of Stock Price Crash Risk on Cost of Equity: Evidence from Chinese Markets,"Zonon B.I.P., Wang X., Chen C., Bouraima M.B.","Economies, 13(6), 158",2025,10.3390/economies13060158,https://doi.org/10.3390/economies13060158,VERIFIED,1.0,Scopus only,,SCOPUS_UI,10.3390/economies13060158,MATCH,EXCLUDE,E6,"Es un estudio de economía financiera sobre riesgo de caída de precios y costo de capital a nivel de mercado; la mención a optimismo/sensibilidad del inversionista es tangencial, sin perfilamiento conductual propio.",EXCLUDE,
Research on Financial Risk Warning Based on Intelligent Algorithms,Mou Y.,Proceedings of 2024 5th International Conference on Big Data Economy and Information Management Bdeim 2024,2025,10.1145/3724154.3724259,https://doi.org/10.1145/3724154.3724259,VERIFIED,1.0,Scopus only,,SCOPUS_UI,10.1145/3724154.3724259,MATCH,EXCLUDE,E4,"Desarrolla un modelo de alerta temprana de riesgo financiero corporativo para empresas cotizadas, sin ángulo de comportamiento del inversionista individual.",EXCLUDE,
The role of behavioral finance in shaping economic decision-making: Insights from AI and big data integration,"Vashist D.D., Sharma M., Pandey P.",Understanding Human Decision Making in Economic Models,2025,10.4018/979-8-3693-8166-3.ch002,https://doi.org/10.4018/979-8-3693-8166-3.ch002,UNCERTAIN,0.759,Scopus only,,SCOPUS_UI,10.4018/979-8-3693-8166-3.ch002,MATCH,INCLUDE,"I1,I2,I3,I4","Examina exceso de confianza, aversión a la pérdida y comportamiento de manada como sesgos que influyen en las decisiones de inversión de los inversionistas encuestados.",INCLUDE,
How (Not) to Measure Companies' Climate Transition Risk: A Framework and Categorized Literature Review,"Fliegel, Philip",CORPORATE SOCIAL RESPONSIBILITY AND ENVIRONMENTAL MANAGEMENT,2025,10.1002/csr.3094,https://doi.org/10.1002/csr.3094,FROM_WOS,1.0,Scopus + WoS,WOS:001397676100001,SCOPUS_UI,10.1002/csr.3094,MATCH,EXCLUDE,E4,"Propone un marco para medir el riesgo de transición climática de empresas; es riesgo corporativo, sin relación con el comportamiento del inversionista individual.",EXCLUDE,
"Herding behavior, disposition effect, and investment decisions: A multi-mediation analysis of risk perception and dividend policy","Bhutto, Sarfaraz Ahmed and Nazeer, Nazia and Saad, Muhammad and Talreja, Kewal",ACTA PSYCHOLOGICA,2025,10.1016/j.actpsy.2025.104964,https://doi.org/10.1016/j.actpsy.2025.104964,FROM_WOS,1.0,Scopus + WoS,WOS:001460786200001,SCOPUS_UI,10.1016/j.actpsy.2025.104964,MATCH,INCLUDE,"I1,I2,I3,I4","Analiza el comportamiento de manada, el efecto disposición y la percepción de riesgo en las decisiones de inversión de inversionistas individuales.",INCLUDE,
The market's implied loss aversion under power-log utility investor preferences,"Kale, Jivendra K.",FINANCE RESEARCH LETTERS,2025,10.1016/j.frl.2025.107154,https://doi.org/10.1016/j.frl.2025.107154,FROM_WOS,1.0,Scopus + WoS,WOS:001450670100001,SCOPUS_UI,10.1016/j.frl.2025.107154,MATCH,INCLUDE,"I1,I2,I3,I4","Estima la aversión a la pérdida implícita del mercado a partir de preferencias de inversionistas modeladas con utilidad power-log y pricing de opciones, contrastando la teoría de las perspectivas (I1-I4).",INCLUDE,
Personality Traits as Moderator of Risk Perception and Investment Decision,"Kumari M., Sushma C., Kota P., Challa V.N.S.K., Kavitha S.R.","International Research Journal of Multidisciplinary Scope, 6(2)",2025,10.47857/irjms.2025.v06i02.03325,https://doi.org/10.47857/irjms.2025.v06i02.03325,VERIFIED,1.0,Scopus only,,SCOPUS_UI,10.47857/irjms.2025.v06i02.03325,MATCH,INCLUDE,"I1,I2,I3,I4","Examina cómo sesgos conductuales (anclaje, disposición, manada) y rasgos de personalidad moderan la percepción de riesgo y la decisión de inversión de individuos (I1-I4).",INCLUDE,
Gauging investors' investment decisions in the crypto market through the PRISM of behavioral biases: a fuzzy AHP approach,"Sood, Kirti and Pathak, Prachi and Jain, Jinesh and Gupta, Sanjay",INTERNATIONAL JOURNAL OF EMERGING MARKETS,2025,10.1108/IJOEM-02-2022-0263,https://doi.org/10.1108/IJOEM-02-2022-0263,FROM_WOS,1.0,Scopus + WoS,WOS:001016977100001,SCOPUS_UI,10.1108/IJOEM-02-2022-0263,MATCH,INCLUDE,"I1,I2,I3,I4","Prioriza mediante fuzzy AHP los sesgos conductuales (exceso de confianza, manada, aversión a la pérdida) que influyen en decisiones de inversionistas minoristas de criptoactivos (I1-I4).",INCLUDE,
Analyzes of common behavioral bias among Indo-Arabian investors and how to better manage them,"Mitra R.S., Bhanawat H.",Managing Sustainable Business Special Focus on Information Communication Technology and Energy Issues of Sustainable Development Goals,2025,,,NOT_FOUND,0.27,Scopus only,,SCOPUS_UI,,NO_NATIVE,INCLUDE,"I1,I2,I3,I4","Revisión sistemática de sesgos conductuales comunes (exceso de confianza, manada, aversión a la pérdida) en inversionistas individuales indo-árabes (I1-I4).",INCLUDE,
"THE INVESTMENT PUZZLE: UNVEILING BEHAVIORAL FINANCE, RISK PERCEPTION, AND FINANCIAL LITERACY","Almansour B.Y., Almansour A.Y., Elkrghli S., Shojaei S.A.","Economics Innovative and Economics Research Journal, 13(1)",2025,10.2478/eoik-2025-0003,https://doi.org/10.2478/eoik-2025-0003,VERIFIED,1.0,Scopus only,,SCOPUS_UI,10.2478/eoik-2025-0003,MATCH,INCLUDE,"I1,I2,I3,I4","Analiza el efecto de sesgos conductuales (manada, efecto disposición, exceso de confianza) sobre la percepción de riesgo y decisión de inversión de inversionistas individuales saudíes (I1-I4).",INCLUDE,
Country-Level Loss Aversion and the Market Response to Earnings News,"Neel, Michael",INTERNATIONAL JOURNAL OF ACCOUNTING,2025,10.1142/S1094406024500215,https://doi.org/10.1142/S1094406024500215,FROM_WOS,1.0,Scopus + WoS,WOS:001410142500001,SCOPUS_UI,10.1142/S1094406024500215,MATCH,INCLUDE,"I1,I2,I3,I4",Examina cómo la aversión a la pérdida a nivel país influye en la reacción de los inversionistas ante noticias de resultados en mercados accionarios (I1-I4).,INCLUDE,
A taxonomy of literature reviews and experimental study of deepreinforcement learning in portfolio management,"Rezaei, Mohadese and Nezamabadi-Pour, Hossein",ARTIFICIAL INTELLIGENCE REVIEW,2025,10.1007/s10462-024-11066-w,https://doi.org/10.1007/s10462-024-11066-w,FROM_WOS,1.0,Scopus + WoS,WOS:001398286100003,SCOPUS_UI,10.1007/s10462-024-11066-w,MATCH,EXCLUDE,E6,"El estudio se centra en algoritmos de aprendizaje por refuerzo profundo para gestión de portafolios; no examina ningún constructo conductual de riesgo del inversionista, solo menciona 'tolerancia al riesgo' de forma tangencial (E6).",EXCLUDE,
"Crypto Investment: The Role of Investment Motivations, Investment Confidence, and Risk Perceptions","Zhang Y., Naveed K., Qi J.","Financial Services Review, 33(1)",2025,10.61190/fsr.v33i1.3974,https://doi.org/10.61190/fsr.v33i1.3974,VERIFIED,1.0,Scopus only,,SCOPUS_UI,10.61190/fsr.v33i1.3974,MATCH,INCLUDE,"I1,I2,I3,I4","Analiza motivaciones, confianza inversora y percepción de riesgo como factores psicológicos que influyen en la decisión de invertir en criptoactivos (I1-I4).",INCLUDE,
Smoothing the Subjective Financial Risk Tolerance: Volatility and Market Implications,"Heo, Wookjae and Kim, Eunchan",MATHEMATICS,2025,10.3390/math13040680,https://doi.org/10.3390/math13040680,FROM_WOS,1.0,Scopus + WoS,WOS:001430412600001,SCOPUS_UI,10.3390/math13040680,MATCH,INCLUDE,"I1,I2,I3,I4",Estudia la tolerancia al riesgo financiero subjetiva de los inversionistas y su relación con la volatilidad del mercado (I1-I4).,INCLUDE,
Does cognitive biased knowledge influence investor decisions? An empirical investigation using machine learning and artificial neural network,"Bihari, Anshita and Dash, Manoranjan and Muduli, Kamalakanta and Kumar, Anil and Mulat-Weldemeskel, Eyob and Luthra, Sunil",VINE JOURNAL OF INFORMATION AND KNOWLEDGE MANAGEMENT SYSTEMS,2025,10.1108/VJIKMS-08-2022-0253,https://doi.org/10.1108/VJIKMS-08-2022-0253,FROM_WOS,1.0,Scopus + WoS,WOS:000960932800001,SCOPUS_UI,10.1108/VJIKMS-08-2022-0253,MATCH,INCLUDE,"I1,I2,I3,I4","Examina cómo sesgos cognitivos y emocionales (aversión al arrepentimiento, aversión a la pérdida, exceso de confianza) afectan las decisiones de inversionistas minoristas (I1-I4).",INCLUDE,
Asymmetric dependence between the prospect theory value and stock returns in India: a quantile regression approach,"Yadav, Manisha and Dixit, Gaurav",MANAGERIAL FINANCE,2025,10.1108/MF-10-2023-0628,https://doi.org/10.1108/MF-10-2023-0628,FROM_WOS,1.0,Scopus + WoS,WOS:001326989400001,SCOPUS_UI,10.1108/MF-10-2023-0628,MATCH,INCLUDE,"I1,I2,I3,I4",Evalúa el valor de la teoría de las perspectivas y la aversión a la pérdida de los inversionistas en la predicción de retornos accionarios indios (I1-I4).,INCLUDE,
Embedding behavioral biases into robo-advisory platforms-case of UAE investors,"Banerjee, Arindam and Kumar, Raghavendra Prasanna and Mohnot, Rajesh",JOURNAL OF RISK FINANCE,2025,10.1108/JRF-06-2024-0184,https://doi.org/10.1108/JRF-06-2024-0184,FROM_WOS,1.0,Scopus + WoS,WOS:001363466400001,SCOPUS_UI,10.1108/JRF-06-2024-0184,MATCH,INCLUDE,"I1,I2,I3,I4","Identifica sesgos conductuales de inversionistas (aversión a la pérdida, manada, efecto disposición) para incorporarlos en plataformas de robo-advisory (I1-I4).",INCLUDE,
"Unveiling investment behavior: through emotional intelligence, social stigma, financial literacy and risk tolerance","Sharma, Pooja Chaturvedi",INTERNATIONAL JOURNAL OF SOCIAL ECONOMICS,2025,10.1108/IJSE-08-2023-0626,https://doi.org/10.1108/IJSE-08-2023-0626,FROM_WOS,1.0,Scopus + WoS,WOS:001204713900001,SCOPUS_UI,10.1108/IJSE-08-2023-0626,MATCH,INCLUDE,"I1,I2,I3,I4","Examina el efecto de la tolerancia al riesgo financiero, la inteligencia emocional y el estigma social sobre el comportamiento de inversionistas individuales (I1-I4).",INCLUDE,
Risk Profiling in Insurance: Addressing High-Risk Clients and Risk Management Strategies,Vriscu M.,Springer Proceedings in Business and Economics,2025,10.1007/978-3-031-78179-7_27,https://doi.org/10.1007/978-3-031-78179-7_27,VERIFIED,1.0,Scopus only,,SCOPUS_UI,10.1007/978-3-031-78179-7_27,MATCH,EXCLUDE,E5,"Trata sobre perfilamiento de riesgo actuarial/asegurador para clientes de alto riesgo y pricing de pólizas, sin relación con el comportamiento de inversión (E5).",EXCLUDE,
Personalized Stock Market Prediction using Dynamic Risk Profiling,"Vaidya S., Vaidya G., Kakde H., ... Dangore M., Sasipriya A.S.","16th International Conference on Advances in Computing Control and Telecommunication Technologies Act 2025, 2",2025,,,NOT_FOUND,0.603,Scopus only,,SCOPUS_UI,,NO_NATIVE,EXCLUDE,E6,"Presenta un modelo de predicción bursátil basado en aprendizaje automático; el 'perfilamiento de riesgo dinámico' es solo una etiqueta técnica, no se examina un constructo conductual del inversionista (E6).",EXCLUDE,
Risk Tolerance in Investment Decisions,"Umakanth S., Makhija P., Tripathi M.",Applied Research for Growth Innovation and Sustainable Impact,2025,10.36334/modsim.2019.e5.phung,https://doi.org/10.36334/modsim.2019.e5.phung,UNCERTAIN,0.769,Scopus only,,SCOPUS_UI,10.1201/9781003684657-58,MISMATCH,INCLUDE,"I1,I2,I3,I4","Analiza la relación entre rasgos de personalidad (Big Five), tolerancia al riesgo y decisiones de inversión en inversionistas individuales de India (I1-I4).",INCLUDE,
Reconciling Self-Assessed with Psychometric Risk Tolerance: A New Framework for Profiling Risk among Investors,"Mazzoli, Camilla and Palmucci, Fabrizio",JOURNAL OF BEHAVIORAL FINANCE,2025,10.1080/15427560.2023.2271108,https://doi.org/10.1080/15427560.2023.2271108,FROM_WOS,1.0,Scopus + WoS,WOS:001087823400001,SCOPUS_UI,10.1080/15427560.2023.2271108,MATCH,INCLUDE,"I1,I2,I3,I4","Propone un marco para conciliar la tolerancia al riesgo financiero autoevaluada y psicométrica, aportando una taxonomía de perfilamiento de riesgo de inversionistas minoristas (I1-I4).",INCLUDE,
A Novel AI-Driven Framework for Adaptive Investment Decision-Making Using India's Fiscal Budget Signals,"Venkatasubbu P., Patil R., Martina Jaincy D.E.",2025 International Conference on Sensors and Related Networks Sennet 2025 Special Focus on Digital Healthcare 64220,2025,10.1109/sennet64220.2025.11136042,https://doi.org/10.1109/sennet64220.2025.11136042,VERIFIED,1.0,Scopus only,,SCOPUS_UI,10.1109/SENNET64220.2025.11136042,MATCH,EXCLUDE,E6,Sistema de NLP que analiza el presupuesto fiscal indio para generar recomendaciones de inversión alineadas a 'perfiles de riesgo'; no estudia un constructo conductual del inversionista (E6).,EXCLUDE,
Improved Chatbot Tool for Stock Trading using Machine Learning,"Malarvizhi K., Akash A., Vasanth L., Rangarajan M.",Proceedings of 3rd International Conference on Intelligent Cyber Physical Systems and Internet of Things Icoici 2025,2025,10.1109/icoici65217.2025.11252976,https://doi.org/10.1109/icoici65217.2025.11252976,VERIFIED,1.0,Scopus only,,SCOPUS_UI,10.1109/ICoICI65217.2025.11252976,MATCH,EXCLUDE,E6,"Describe un chatbot de trading con perfilamiento de riesgo como característica técnica del sistema, sin examinar el constructo conductual del inversionista (E6).",EXCLUDE,
GOAL ORIENTED SMART PORTFOLIO OPTIMIZATION,"Deshpande A., Gore R., Shiravale S., Chougule S., Bahirgonde S.","Proceedings on Engineering Sciences, 7(1)",2025,10.24874/pes07.01d.006,https://doi.org/10.24874/pes07.01d.006,VERIFIED,1.0,Scopus only,,SCOPUS_UI,10.24874/PES07.01D.006,MATCH,EXCLUDE,E6,"Framework de optimización de portafolios mediante clasificación de riesgo de acciones (no de inversionistas) y técnicas algorítmicas, sin componente conductual del inversionista (E6).",EXCLUDE,
Research on Investment Portfolio Risk Prediction Model Combining Cvar and Deep Learning,Wang Y.,Iccr 2025 3rd International Conference on Cyber Resilience,2025,10.1109/iccr67387.2025.11291768,https://doi.org/10.1109/iccr67387.2025.11291768,VERIFIED,1.0,Scopus only,,SCOPUS_UI,10.1109/ICCR67387.2025.11291768,MATCH,EXCLUDE,E6,"Modelo técnico de predicción de riesgo de portafolio combinando CVaR y deep learning, sin ángulo conductual del inversionista (E6).",EXCLUDE,
Forecasting Gilt Mutual Fund Performance Using Data-Driven Machine Learning Models,"Chinnasamy G., Vinoth S., Chandran P.",Proceedings of the 3rd International Conference on Intelligent and Innovative Technologies in Computing Electrical and Electronics Iitcee 2025,2025,10.1109/iitcee64140.2025.10915525,https://doi.org/10.1109/iitcee64140.2025.10915525,VERIFIED,1.0,Scopus only,,SCOPUS_UI,10.1109/IITCEE64140.2025.10915525,MATCH,EXCLUDE,E6,"Modelo de machine learning para pronosticar el desempeño de fondos mutuos gilt, usando 'perfiles de riesgo' de los fondos, no del inversionista (E6).",EXCLUDE,
A Typology of Flexible Loan Structures for Microenterprise Lending: Balancing Sustainability and Client Needs,"Desai L.R., Waghmare G., Vasanthan R., ... Tandon N., Rajebhosale M.B.","Enterprise Development and Microfinance, 35(1)",2025,10.3362/1755-1986.25-00005,https://doi.org/10.3362/1755-1986.25-00005,VERIFIED,1.0,Scopus only,,SCOPUS_UI,10.3362/1755-1986.25-00005,MATCH,EXCLUDE,E4,"Tipología de estructuras de préstamos flexibles para microempresas, centrada en riesgo crediticio institucional de microfinancieras, sin ángulo conductual de inversionista individual (E4).",EXCLUDE,
Analysis of Investor Profiling and Portfolio Recommendations by Robo-Advisors in Germany,Tahvildari M.,"Global Business and Finance Review, 30(8)",2025,10.17549/gbfr.2025.30.8.19,https://doi.org/10.17549/gbfr.2025.30.8.19,VERIFIED,1.0,Scopus only,,SCOPUS_UI,10.17549/gbfr.2025.30.8.19,MATCH,INCLUDE,"I1,I2,I3,I4","Analiza los cuestionarios de perfilamiento de inversionistas y los portafolios recomendados por robo-advisors en Alemania, aportando una taxonomía de perfiles de riesgo (I1-I4).",INCLUDE,
Implementation of Clustering and Classification in Stock Asset Selection for Portfolio Diversification,"Alfarisi N., Palupi I.",2025 3rd International Conference on Software Engineering and Information Technology Icoseit 2025,2025,10.1109/icoseit67010.2025.11290744,https://doi.org/10.1109/icoseit67010.2025.11290744,VERIFIED,1.0,Scopus only,,SCOPUS_UI,10.1109/ICoSEIT67010.2025.11290744,MATCH,EXCLUDE,E6,"Framework de machine learning para diversificación de portafolios de acciones mediante clustering de perfiles de retorno-riesgo de activos, sin estudiar el comportamiento del inversionista (E6).",EXCLUDE,
"The role of robo-advisors in behavioural finance, shaping investment decisions","Kulkarni, Mugdha Shailendra and Patil, Kanchan Pranay and Pramod, Dhanya",COGENT ECONOMICS \& FINANCE,2025,10.1080/23322039.2025.2571403,https://doi.org/10.1080/23322039.2025.2571403,FROM_WOS,1.0,Scopus + WoS,WOS:001593188200001,SCOPUS_UI,10.1080/23322039.2025.2571403,MATCH,INCLUDE,"I1,I2,I3,I4",Examina cómo los robo-advisors moderan sesgos de aversión a la pérdida y exceso de confianza de inversionistas minoristas en su decisión de inversión (I1-I4).,INCLUDE,
Economic Risks in the Development of Russia’s Southern Macroregion Amid Foreign Economic Sanctions | Экономические риски развития Южного макрорегиона в условиях внешнеЭкономических санкций,"Mitrofanova I.V., Kalinina A.E., Ivanova T.B.","Economy of Regions, 21(1)",2025,10.17059/ekon.reg.2025-1-3,https://doi.org/10.17059/ekon.reg.2025-1-3,VERIFIED,1.0,Scopus only,,SCOPUS_UI,10.17059/ekon.reg.2025-1-3,MATCH,EXCLUDE,E4,"Analiza el riesgo económico sistemático e idiosincrático de una macrorregión rusa mediante un CAPM modificado, sin ángulo conductual de inversionista individual (E4).",EXCLUDE,
Irrational investors,Lu X.,Understanding Investment Risk and Return,2025,10.4337/9781035339723.00022,https://doi.org/10.4337/9781035339723.00022,VERIFIED,1.0,Scopus only,,SCOPUS_UI,10.4337/9781035339723.00022,MATCH,INCLUDE,"I1,I2,I3,I4","Capítulo que examina sesgos conductuales del inversionista (aversión a la pérdida, exceso de confianza, manada, anclaje) que llevan a decisiones de inversión subóptimas (I1-I4).",INCLUDE,
Mapping the Landscape of Cryptocurrency Investment Decision: A Bibliometric Analysis,"Handoko B.L., Mustapha M., Halim D., Lindawati A.S.L.",2025 International Conference on ICT for Smart Society Iciss 2025,2025,10.1109/iciss66954.2025.11389389,https://doi.org/10.1109/iciss66954.2025.11389389,VERIFIED,1.0,Scopus only,,SCOPUS_UI,10.1109/ICISS66954.2025.11389389,MATCH,INCLUDE,"I1,I2,I3,I4","Análisis bibliométrico del comportamiento del inversionista, percepción de riesgo y sesgos heurísticos en decisiones de inversión en criptomonedas (I1-I4).",EXCLUDE,"Validacion por muestreo (2026-08-16): segunda pasada IA independiente (ciega) decidio 'UNCERTAIN' (discrepancia con la clasificacion original 'INCLUDE'). Motivo de la segunda pasada: Es un análisis bibliométrico que mapea la literatura sobre criptomonedas, sin aportar evidencia empírica/teórica propia sobre el constructo conductual, cumplimiento marginal de I3. Resuelto EXCLUDE aplicando la misma regla de precaucion del autor (ante desacuerdo/duda entre revisores, excluir)."
The Role of Behavioral Finance In Investment Decision-Making Using Machine Learning-Understanding the Psychology Behind Stock Market Trends,"Kalaivani E., Nagrajan S., Thirunavukkarasu T., ... Malarkodi K., Sharmiladevi D.",2025 International Conference on Automation and Computation Autocom 2025,2025,10.1109/autocom64127.2025.10956259,https://doi.org/10.1109/autocom64127.2025.10956259,VERIFIED,1.0,Scopus only,,SCOPUS_UI,10.1109/AUTOCOM64127.2025.10956259,MATCH,INCLUDE,"I1,I2,I3,I4","Examina cómo sesgos conductuales (exceso de confianza, manada, aversión a la pérdida) afectan las estrategias de portafolio personal de los inversionistas (I1-I4).",INCLUDE,
"Impact of Anchoring, Herding and Loss-Aversion on Working Women’s Investment Decision-Making","Srivastava H., Moid S., Rushdi N.J.","Finance Theory and Practice, 29(5)",2025,10.26794/2587-5671-2025-29-5-1456-01,https://doi.org/10.26794/2587-5671-2025-29-5-1456-01,VERIFIED,1.0,Scopus only,,SCOPUS_UI,10.26794/2587-5671-2025-29-5-1456-01,MATCH,INCLUDE,"I1,I2,I3,I4","Determina el impacto del anclaje, la manada y la aversión a la pérdida sobre la decisión de inversión de mujeres inversionistas (I1-I4).",INCLUDE,
Heuristic bias and investment decision: Exploring the mediating role of investors' risk perceptions,"Chaudhary M.K., Adhikari M., Ghimire D.M., Bhattarai D.R.","Investment Management and Financial Innovations, 22(1)",2025,10.21511/imfi.22(1).2025.33,https://doi.org/10.21511/imfi.22(1).2025.33,VERIFIED,1.0,Scopus only,,SCOPUS_UI,10.21511/imfi.22(1).2025.33,MATCH,INCLUDE,"I1,I2,I3,I4",Examina el rol mediador de la percepción de riesgo entre sesgos heurísticos y decisiones de inversión de inversionistas bursátiles nepalíes (I1-I4).,INCLUDE,
A Bibliometric Analysis on Behaviour Biases and Investment Decisions Among Retail Investors,"Antony S.R., Siby J.K.","Journal of Applied Bioanalysis, 11(4)",2025,10.53555/jab.v11i4.365,https://doi.org/10.53555/jab.v11i4.365,VERIFIED,1.0,Scopus only,,SCOPUS_UI,10.53555/jab.v11i4.365,MATCH,INCLUDE,"I1,I2,I3,I4","Análisis bibliométrico sobre sesgos conductuales (exceso de confianza, aversión a la pérdida, manada, efecto disposición) y decisiones de inversionistas minoristas (I1-I4).",INCLUDE,
"Herding Behavior, Risk Perception, and Investment Performance: A Serial Mediation Analysis","Subedi, Phul Prasad and Sharma, Dilli Raj and Sharma, Bhumiswor",SCIENTIFIC PAPERS OF THE UNIVERSITY OF PARDUBICE-SERIES D-FACULTY OF ECONOMICS AND ADMINISTRATION,2025,10.46585/sp33012242,https://doi.org/10.46585/sp33012242,FROM_WOS,1.0,Scopus + WoS,WOS:001586813700001,SCOPUS_UI,10.46585/SP33012242,MATCH,INCLUDE,"I1,I2,I3,I4",Examina el efecto del comportamiento de manada sobre el desempeño de inversión mediado por la percepción de riesgo de inversionistas (I1-I4).,INCLUDE,
The impact of behavioural biases on the behaviours of informed and uninformed individual stock investors: case of the Egyptian Stock Exchange,"Gamal L., Wahba H.","Afro Asian Journal of Finance and Accounting, 15(1)",2025,10.1504/aajfa.2025.143504,https://doi.org/10.1504/aajfa.2025.143504,VERIFIED,1.0,Scopus only,,SCOPUS_UI,10.1504/AAJFA.2025.143504,MATCH,INCLUDE,"I1,I2,I3,I4",Analiza el efecto de sesgos conductuales sobre el comportamiento de inversionistas individuales informados y no informados en la bolsa egipcia (I1-I4).,INCLUDE,
Behavioural Finance Factors and Investment Decisions: Risk Perception of Gender as a Mediating Factor,"Sugathan S., Kumar A.",Computational Modelling Approaches to Fintech Innovation,2025,10.2174/9798898810818125010015,https://doi.org/10.2174/9798898810818125010015,VERIFIED,1.0,Scopus only,,SCOPUS_UI,10.2174/9798898810818125010015,MATCH,INCLUDE,"I1,I2,I3,I4","Examina factores conductuales (manada, aversión al arrepentimiento) y percepción de riesgo, mediada por género, en decisiones de inversión (I1-I4).",INCLUDE,
Unpacking Investor Psychology: A Systematic Review and Meta-Analysis of Behavioural Biases Shaping Investment Decisions*,"Herathmenike H.M.M.A., Dewasiri N.J., Munasinghe A.","F1000research, 14, 1146",2025,10.5256/f1000research.185331.r426000,https://doi.org/10.5256/f1000research.185331.r426000,UNCERTAIN,0.808,Scopus only,,SCOPUS_UI,10.12688/f1000research.168166.1,MISMATCH,INCLUDE,"I1,I2,I3,I4","Revisión sistemática y metaanálisis de sesgos conductuales (exceso de confianza, manada, aversión a la pérdida) que moldean las decisiones de inversión (I1-I4).",INCLUDE,
THE PSYCHOLOGY OF THE MARKET: ARE COGNITIVE ILLUSIONS DRIVING RISK-RELATED INVESTOR BEHAVIOUR?,"Wahba H., Abdulhamid A., Pasha R.","Risk Governance and Control Financial Markets and Institutions, 15(4)",2025,10.22495/rgcv15i4p9,https://doi.org/10.22495/rgcv15i4p9,VERIFIED,1.0,Scopus only,,SCOPUS_UI,10.22495/rgcv15i4p9,MATCH,INCLUDE,"I1,I2,I3,I4",Investiga cómo ilusiones cognitivas basadas en heurísticas y teoría de las perspectivas influyen en el comportamiento de riesgo de inversionistas individuales egipcios (I1-I4).,INCLUDE,
The influence of behavioral biases on the decisionmaking process about investments in the stock market,"Thakkar K., Sharma K., Lala R., ... Padia D., Mehta E.",Digital Transformation and Sustainability of Business,2025,10.1201/9781003606185-15,https://doi.org/10.1201/9781003606185-15,VERIFIED,0.995,Scopus only,,SCOPUS_UI,10.1201/9781003606185-15,MATCH,INCLUDE,"I1,I2,I3,I4","Analiza la influencia de sesgos conductuales (manada, exceso de confianza, anclaje) sobre el proceso de decisión de inversión en el mercado bursátil (I1-I4).",INCLUDE,
Decoding Investor Sentiments in the Indian Stock Market: A Structural Equation Modelling Approach,"Nain A., Borha N.S., Ali F., ... Chauhan S.S., Ahmad V.","F1000research, 13, 1378",2025,,,NOT_FOUND,0.693,Scopus only,,SCOPUS_UI,10.12688/f1000research.156635.2,NO_DOI,INCLUDE,"I1,I2,I3,I4","Examina cómo sesgos psicológicos y sociales (anclaje, manada, exceso de confianza) afectan las decisiones de inversión de inversionistas minoristas indios (I1-I4).",INCLUDE,
The Impact of Robo-Advisors and Risk Tolerance on Retail Investor Portfolio Performance,Hasanudin,"Journal of Ecohumanism, 4(1)",2025,10.62754/joe.v4i1.5977,https://doi.org/10.62754/joe.v4i1.5977,VERIFIED,1.0,Scopus only,,SCOPUS_UI,10.62754/joe.v4i1.5977,MATCH,INCLUDE,"I1,I2,I3,I4",Explora cómo la tolerancia al riesgo individual y los robo-advisors influyen en el desempeño del portafolio de inversionistas minoristas (I1-I4).,INCLUDE,
Empirical Evidence of Behavioral Biases in Investment: Should We Be Looking for Financial Variables to Moderate Them?,"Mehta P., Nahata N.",Economics and Finance Readings Selected Papers from Asia Pacific Conference on Economics Finance 2024,2025,10.1007/978-981-96-6998-1_2,https://doi.org/10.1007/978-981-96-6998-1_2,VERIFIED,1.0,Scopus only,,SCOPUS_UI,10.1007/978-981-96-6998-1_2,MATCH,INCLUDE,"I1,I2,I3,I4","Investiga la presencia de sesgos cognitivos y emocionales (aversión a la pérdida, exceso de confianza) en inversionistas individuales indios (I1-I4).",INCLUDE,
Research marking and yield in behavioural finance literature review: observations from bibliometric analysis using R,"Kalappa, Bharath and Upadhyay, Deepika",JOURNAL OF ECONOMIC AND ADMINISTRATIVE SCIENCES,2025,10.1108/JEAS-09-2024-0334,https://doi.org/10.1108/JEAS-09-2024-0334,FROM_WOS,1.0,Scopus + WoS,WOS:001573801500001,SCOPUS_UI,10.1108/JEAS-09-2024-0334,MATCH,INCLUDE,"I1,I2,I3,I4","Revisión bibliométrica sobre sesgos conductuales (manada, exceso de confianza, aversión a la pérdida) y decisiones de inversión de inversionistas (I1-I4).",INCLUDE,
The Future of Finance: Designing Investment Strategies Through the Lens of SDG 12,"Alfehaid M.M.A., Taneja S., Bhatnagar M., Johri A., Shamsuddin Z.","International Journal of Environmental Impacts, 8(5)",2025,10.56578/ijei080502,https://doi.org/10.56578/ijei080502,VERIFIED,1.0,Scopus only,,SCOPUS_UI,10.56578/ijei080502,MATCH,UNCERTAIN,AMBIGUO,"Estudia la 'capacidad y tolerancia al riesgo verde' y su efecto en la estrategia de portafolio alineada a los ODS, pero no queda claro si la población son inversionistas individuales ni si el objeto son activos financieros estándar (AMBIGUO).",EXCLUDE,"Excluido por decision explicita del autor de la tesis (2026-08-16): ante la duda sobre ajuste con los criterios de poblacion/constructo/activo, se opta por excluir por precaucion. Registro identificado queda disponible para reconsideracion en fases posteriores si se requiere."
A New Approach for Selecting Representative Patterns for Investment Planning in Local Energy Communities,"Panier A., Zad B.B., De Greve Z.",International Conference on the European Energy Market Eem,2025,10.1109/eem64765.2025.11050248,https://doi.org/10.1109/eem64765.2025.11050248,VERIFIED,1.0,Scopus only,,SCOPUS_UI,10.1109/EEM64765.2025.11050248,MATCH,EXCLUDE,E2,"Trata sobre planificación de inversión en generación de energía para comunidades energéticas locales, riesgo de sistema energético sin ángulo conductual de inversionista individual (E2).",EXCLUDE,
Measuring contextuality in investment preferences,"Khrennikova, Polina",ANNALS OF OPERATIONS RESEARCH,2025,10.1007/s10479-025-06630-8,https://doi.org/10.1007/s10479-025-06630-8,FROM_WOS,1.0,Scopus + WoS,WOS:001494843300001,SCOPUS_UI,10.1007/s10479-025-06630-8,MATCH,INCLUDE,"I1,I2,I3,I4",Examina cómo la percepción de riesgo y la familiaridad influyen en la formación de preferencias de inversión en acciones globales y estadounidenses (I1-I4).,INCLUDE,
Decoding Investor’s Irrationality: A Fuzzy AHP Exploration of Behavioural Biases,"Abhijith R., Bijulal D.",Vision,2025,10.1177/09722629251329995,https://doi.org/10.1177/09722629251329995,VERIFIED,1.0,Scopus only,,SCOPUS_UI,10.1177/09722629251329995,MATCH,INCLUDE,"I1,I2,I3,I4","Identifica y clasifica mediante fuzzy AHP sesgos conductuales (aversión al arrepentimiento, aversión a la pérdida, anclaje) que influyen en decisiones de inversionistas bursátiles (I1-I4).",INCLUDE,
The Role of Digital Technology in Influencing Investor Psychology and Promoting Sustainable Investment in the Indian Financial Market,"Sreekuttan S., Jakhiya M.R., Bhandari N.",2025 International Conference on Business Intelligence for Technology Innovation Icbiti 2025,2025,10.1109/icbiti65527.2025.11501156,https://doi.org/10.1109/icbiti65527.2025.11501156,VERIFIED,1.0,Scopus only,,SCOPUS_UI,10.1109/ICBITI65527.2025.11501156,MATCH,INCLUDE,"I1,I2,I3,I4","Examina el rol de la psicología del inversionista (exceso de confianza, manada, aversión a la pérdida) en la inversión sostenible de inversionistas minoristas indios (I1-I4).",INCLUDE,
Modeling behavioral insights to mobilize private investment in climate change adaptation: evidence from Chinese investors,"Ma Y., Al Mamun A., Hoque M.E., Masukujjaman M., Ja'afar R.","Environment Development and Sustainability, e01244",2025,10.1007/s10668-025-06058-x,https://doi.org/10.1007/s10668-025-06058-x,VERIFIED,1.0,Scopus only,,SCOPUS_UI,10.1007/s10668-025-06058-x,MATCH,UNCERTAIN,AMBIGUO,"Mezcla comportamiento inversor (manada como moderador) con inversión privada en proyectos de adaptación al cambio climático, cuyo objeto puede ser infraestructura física y no activos financieros estándar (AMBIGUO).",EXCLUDE,"Excluido por decision explicita del autor de la tesis (2026-08-16): ante la duda sobre ajuste con los criterios de poblacion/constructo/activo, se opta por excluir por precaucion. Registro identificado queda disponible para reconsideracion en fases posteriores si se requiere."
Financial deception in the digital age: investigating online pyramid schemes and their socioeconomic impacts in Sri Lanka,"Thilakarathna A.S., De Peiris N.",Journal of Financial Crime,2025,10.1108/jfc-03-2025-0073,https://doi.org/10.1108/jfc-03-2025-0073,VERIFIED,1.0,Scopus only,,SCOPUS_UI,10.1108/JFC-03-2025-0073,MATCH,UNCERTAIN,AMBIGUO,Estudia factores psicosociales (incluida la influencia social) de individuos que invierten en esquemas piramidales fraudulentos; no es claro si el objeto corresponde a activos financieros legítimos ni si aplica al dominio de mercados financieros (AMBIGUO).,EXCLUDE,"Excluido por decision explicita del autor de la tesis (2026-08-16): ante la duda sobre ajuste con los criterios de poblacion/constructo/activo, se opta por excluir por precaucion. Registro identificado queda disponible para reconsideracion en fases posteriores si se requiere."
A Behavioral Finance Analysis of Short-Term Loss Aversion and Herd Mentality in Personal Investing,"Nirmala M.M., Girisha V.J., Syama U.S., ... Ravi Kumar P., Tom T.","Studies in Big Data, 169",2025,10.1007/978-3-031-80656-8_36,https://doi.org/10.1007/978-3-031-80656-8_36,VERIFIED,1.0,Scopus only,,SCOPUS_UI,10.1007/978-3-031-80656-8_36,MATCH,INCLUDE,"I1,I2,I3,I4",Analiza cómo la aversión a la pérdida de corto plazo y la mentalidad de manada afectan la inversión personal de individuos (I1-I4).,INCLUDE,
Portfolio management with the help of AI: What drives retail Indian investors to robo-advisors?,"Banerjee, Sougata",ELECTRONIC JOURNAL OF INFORMATION SYSTEMS IN DEVELOPING COUNTRIES,2025,10.1002/isd2.12346,https://doi.org/10.1002/isd2.12346,FROM_WOS,1.0,Scopus + WoS,WOS:001286220700001,SCOPUS_UI,10.1002/isd2.12346,MATCH,INCLUDE,"I1,I2,I3,I4","Examina determinantes de adopción de robo-advisors por inversionistas minoristas indios, incluyendo influencia social y perfilamiento de inversionistas más allá de la demografía (I1-I4).",INCLUDE,
Assessing risk and loss aversion: COVID-19 and investor behavior in the Polish stock market,"Lukowski, Michal and Sliwinski, Pawel and Gemra, Kamil and Maruszewski, Janusz",CENTRAL EUROPEAN MANAGEMENT JOURNAL,2025,10.1108/CEMJ-02-2024-0047,https://doi.org/10.1108/CEMJ-02-2024-0047,FROM_WOS,1.0,Scopus + WoS,WOS:001565256700001,SCOPUS_UI,10.1108/CEMJ-02-2024-0047,MATCH,INCLUDE,"I1,I2,I3,I4",Examina cambios en la aversión al riesgo y a la pérdida de inversionistas individuales polacos durante la pandemia de COVID-19 (I1-I4).,INCLUDE,
Behavioural finance,"Fullbrunn S., Nolte S.",Elgar Encyclopedia of Behavioural and Experimental Economics,2025,,,NOT_FOUND,0.745,Scopus only,,SCOPUS_UI,10.4337/9781802207736.00030,NO_DOI,INCLUDE,"I1,I2,I3,I4",Capítulo enciclopédico que aborda sesgos psicológicos y heurísticas cognitivas del inversionista en la toma de decisiones financieras (I1-I4).,INCLUDE,
Artificial intelligence and behavioural finance biases: improving Lebanese investors decision-making,"Chammaa, Claude and Haddad, Leina",JOURNAL OF DECISION SYSTEMS,2025,10.1080/12460125.2025.2537076,https://doi.org/10.1080/12460125.2025.2537076,FROM_WOS,1.0,Scopus + WoS,WOS:001560366600001,SCOPUS_UI,10.1080/12460125.2025.2537076,MATCH,INCLUDE,"I1,I2,I3,I4","Examina sesgos conductuales (exceso de confianza, anclaje, aversión a la pérdida) en la toma de decisiones de inversionistas libaneses asistidos por IA (I1-I4).",INCLUDE,
Portfolio choice with narrow framing and loss aversion: a simplified approach,"Grant, Andrew and Kwon, Oh Kang and Satchell, Stephen",EUROPEAN JOURNAL OF FINANCE,2025,10.1080/1351847X.2024.2388776,https://doi.org/10.1080/1351847X.2024.2388776,FROM_WOS,1.0,Scopus + WoS,WOS:001308186300001,SCOPUS_UI,10.1080/1351847X.2024.2388776,MATCH,INCLUDE,"I1,I2,I3,I4",Modelo teórico de elección de portafolio de un inversionista con framing estrecho y aversión a la pérdida en la asignación de activos (I1-I4).,INCLUDE,
Systematic review of behavioral finance contributions to financial risk management strategies,"Rawat K., Thakkar A., Dhanabalan T., ... Sudhir R., Kumar S.","Multidisciplinary Reviews, 8, e2025ss0322",2025,10.31893/multirev.2025ss0322,https://doi.org/10.31893/multirev.2025ss0322,VERIFIED,1.0,Scopus only,,SCOPUS_UI,10.31893/multirev.2025ss0322,MATCH,INCLUDE,"I1,I2,I3,I4","Revisión sistemática de cómo la psicología del inversionista (aversión a la pérdida, exceso de confianza, manada) aporta a estrategias de gestión de riesgo financiero (I1-I4).",INCLUDE,
Social Media Engagement as a Lens for Investor Behavior,"Sinha R.K., Abhilasha R., Mukhopadhyay R.",Applied Research for Growth Innovation and Sustainable Impact,2025,10.1201/9781003684657-9,https://doi.org/10.1201/9781003684657-9,VERIFIED,1.0,Scopus only,,SCOPUS_UI,10.1201/9781003684657-9,MATCH,INCLUDE,"I1,I2,I3,I4",Examina el efecto de la influencia social vía redes sociales sobre el comportamiento y las decisiones de inversión de los inversionistas (I1-I4).,INCLUDE,
Influence of Behavioral Biases on Women Investor’s Portfolio Performance,"Updayay M.S., Nagadeepa C., Jaheer Mukthar K.P., Khafajeh H.","Studies in Systems Decision and Control, 587",2025,10.1007/978-3-031-87584-7_170,https://doi.org/10.1007/978-3-031-87584-7_170,VERIFIED,1.0,Scopus only,,SCOPUS_UI,10.1007/978-3-031-87584-7_170,MATCH,INCLUDE,"I1,I2,I3,I4","Examina el efecto de sesgos conductuales (manada, anclaje, aversión a la pérdida) sobre el desempeño de portafolio de mujeres inversionistas (I1-I4).",INCLUDE,
Generation Z to Millennials: A Study on Behaviour of Investors of Bengaluru City,"Vincent Paul S., James R., Devika Rani N., Pallavi I.J.","Studies in Systems Decision and Control, 607",2025,10.1007/978-3-031-96530-2_75,https://doi.org/10.1007/978-3-031-96530-2_75,VERIFIED,1.0,Scopus only,,SCOPUS_UI,10.1007/978-3-031-96530-2_75,MATCH,INCLUDE,"I1,I2,I3,I4","Estudia el comportamiento de inversionistas (influencia social, manada, autocontrol) de distintas generaciones en el mercado de capitales de Bengaluru (I1-I4).",INCLUDE,
The determinants of perceived risk: A moderating role of investor sophistication,"Colline F., Rusmanto T., Warganegara D.L., Hutagaol Y.R.I.","Humanities and Social Sciences Letters, 13(1)",2025,10.18488/73.v13i1.4045,https://doi.org/10.18488/73.v13i1.4045,VERIFIED,1.0,Scopus only,,SCOPUS_UI,10.18488/73.v13i1.4045,MATCH,INCLUDE,"I1,I2,I3,I4","Examina determinantes de la percepción de riesgo, incluyendo comportamiento de manada e influencia de redes sociales, en inversionistas jóvenes indonesios (I1-I4).",INCLUDE,
The Neuroscience of Risk Perception in Financial Markets: How Climate Policy Uncertainty Affects Investor Cognition in India and the USA,"Agrawal, Pravin Kumar and Kumar, Mohit and Kushwaha, Vibha and Goenka, Shubham and Agrawal, Supriya and Rana, Gagan",ANNALS OF NEUROSCIENCES,2025,10.1177/09727531251364683,https://doi.org/10.1177/09727531251364683,FROM_WOS,1.0,Scopus + WoS,WOS:001707128100001,SCOPUS_UI,10.1177/09727531251364683,MATCH,UNCERTAIN,AMBIGUO,"Examina la volatilidad de índices bursátiles y su relación con la incertidumbre de política climática interpretada mediante un marco neuroeconómico, sin medir directamente un constructo conductual en inversionistas individuales (AMBIGUO).",EXCLUDE,"Excluido por decision explicita del autor de la tesis (2026-08-16): ante la duda sobre ajuste con los criterios de poblacion/constructo/activo, se opta por excluir por precaucion. Registro identificado queda disponible para reconsideracion en fases posteriores si se requiere."
Mechanisms Underlying U.S.-China Tensions and Stock Price Crash Risk: Evidence from China,"Wang, Jying-Nan and Liu, Hung-Chun and Hsu, Yuan-Teng",JOURNAL OF BEHAVIORAL FINANCE,2025,10.1080/15427560.2025.2574987,https://doi.org/10.1080/15427560.2025.2574987,FROM_WOS,1.0,Scopus + WoS,WOS:001607494100001,SCOPUS_UI,10.1080/15427560.2025.2574987,MATCH,UNCERTAIN,AMBIGUO,"Analiza el riesgo de caída de precios accionarios a nivel de firma bajo tensiones geopolíticas, mencionando manada institucional y sobrerreacción, pero el foco es el riesgo de la firma, no el perfil conductual del inversionista individual (AMBIGUO).",EXCLUDE,"Excluido por decision explicita del autor de la tesis (2026-08-16): ante la duda sobre ajuste con los criterios de poblacion/constructo/activo, se opta por excluir por precaucion. Registro identificado queda disponible para reconsideracion en fases posteriores si se requiere."
Research on the impact of environmental risk factors on pricing efficiency in China’s stock market,"Li G., Chu H., Liu Y.","Environment and Social Psychology, 10(5), 3602",2025,10.59429/esp.v10i5.3602,https://doi.org/10.59429/esp.v10i5.3602,VERIFIED,1.0,Scopus only,,SCOPUS_UI,10.59429/esp.v10i5.3602,MATCH,UNCERTAIN,AMBIGUO,"Estudia la eficiencia de precios del mercado accionario chino ante riesgo ambiental, usando la percepción de riesgo del inversionista solo como canal mediador de un efecto agregado de mercado (AMBIGUO).",EXCLUDE,"Excluido por decision explicita del autor de la tesis (2026-08-16): ante la duda sobre ajuste con los criterios de poblacion/constructo/activo, se opta por excluir por precaucion. Registro identificado queda disponible para reconsideracion en fases posteriores si se requiere."
"Artificial Intelligence and Digital Decision-Making: Personality Traits, Risk Aversion, and Investment Intentions in the Era of Digitalization","Do H.P., Nguyen M.T., Bui A.N.",Eee Am 2025 IEEE 2nd Asia Meeting on Environment and Electrical Engineering,2025,10.1109/eee-am66675.2025.11473895,https://doi.org/10.1109/eee-am66675.2025.11473895,VERIFIED,1.0,Scopus only,,SCOPUS_UI,10.1109/EEE-AM66675.2025.11473895,MATCH,INCLUDE,"I1,I2,I3,I4",Examina cómo rasgos de personalidad y aversión al riesgo influyen en la intención de inversión riesgosa en un contexto de decisión digital asistida por IA (I1-I4).,INCLUDE,
The Fe ar Z Function: modeling asymmetric volatility decay across market shock categories,"Kim, Sangphill",REVIEW OF BEHAVIORAL FINANCE,2026,10.1108/RBF-06-2025-0239,https://doi.org/10.1108/RBF-06-2025-0239,FROM_WOS,1.0,Scopus + WoS,WOS:001630077200001,SCOPUS_UI,10.1108/RBF-06-2025-0239,MATCH,INCLUDE,"I1,I2,I3,I4",Modela la aversión a la pérdida y el sesgo de negatividad de los inversionistas para explicar la decadencia asimétrica de la volatilidad del mercado (I1-I4).,INCLUDE,
The effect of investors’ emotional and depressive states on perceived returns and risk,"Lonkani, Ravi and Changchit, Chuleeporn and Cutshall, Robert and Treerotchananon, Alicha and Prasertsoontorn, Thanu",JOURNAL OF ASIAN BUSINESS AND ECONOMIC STUDIES,2025,10.1108/JABES-10-2024-0473,https://doi.org/10.1108/JABES-10-2024-0473,FROM_WOS,1.0,Scopus + WoS,WOS:001502353500001,SCOPUS_UI,10.1108/JABES-10-2024-0473,MATCH,INCLUDE,"I1,I2,I3,I4",Examina cómo estados emocionales y depresivos de los inversionistas tailandeses afectan su percepción de retornos y riesgo esperado (I1-I4).,INCLUDE,
Quantum Computing and Algorithms in Financial Applications,"Riyath M.I.M., Aldabbous N., Jaboob M., Irfan M.",Quantum Driven Financial Intelligence Innovations in Predictive Analytics and Autonomous Trading Systems,2025,10.4018/979-8-3373-2893-5.ch008,https://doi.org/10.4018/979-8-3373-2893-5.ch008,VERIFIED,1.0,Scopus only,,SCOPUS_UI,10.4018/979-8-3373-2893-5.ch008,MATCH,EXCLUDE,E6,"Capítulo técnico sobre computación cuántica aplicada a pricing, riesgo y gestión de portafolios; no examina ningún constructo conductual del inversionista (E6).",EXCLUDE,
MABStocks: A Stock Market Analysis and Prediction Platform Using Multi-Armed Bandit Algorithms,"Saathwika, Harshitha S., Madhyastha S., Shetty J.",2025 9th International Conference on Computational System and Information Technology for Sustainable Solutions Csitss 2025,2025,10.1109/csitss67709.2025.11295220,https://doi.org/10.1109/csitss67709.2025.11295220,VERIFIED,1.0,Scopus only,,SCOPUS_UI,10.1109/CSITSS67709.2025.11295220,MATCH,EXCLUDE,E6,"Plataforma de predicción bursátil basada en algoritmos multi-armed bandit que usa 'tolerancia al riesgo' solo como etiqueta de personalización algorítmica, sin estudiar el comportamiento del inversionista (E6).",EXCLUDE,"Validacion por muestreo (2026-08-16): segunda pasada IA independiente (ciega) decidio 'UNCERTAIN' (discrepancia con la clasificacion original 'EXCLUDE'). Motivo de la segunda pasada: Plataforma de algoritmos de bandidos multi-armados que asigna variantes a arquetipos de inversionista (conservador, largo plazo, diario) según tolerancia al riesgo, pero el aporte central es de ingeniería algorítmica, no de estudio conductual. Resuelto EXCLUDE aplicando la misma regla de precaucion del autor (ante desacuerdo/duda entre revisores, excluir)."
Stablecoin as a hedge or a safe haven for international indices,"Bo C., Li X., Li Y., Liang X.",China Finance Review International,2025,10.1108/cfri-12-2024-0749,https://doi.org/10.1108/cfri-12-2024-0749,VERIFIED,1.0,Scopus only,,SCOPUS_UI,10.1108/CFRI-12-2024-0749,MATCH,EXCLUDE,E6,"Análisis econométrico DCC-GARCH de propiedades de cobertura de stablecoins frente a índices internacionales, sin ningún constructo conductual de inversionista (E6).",EXCLUDE,
Probability-Driven Hedge Ratio Optimization Using Machine Learning: An Adaptive Approach to Financial Risk Management,Peng Y.-L.,Proceedings 29th IEEE Acis International Conference on Software Engineering Artificial Intelligence Networking and Parallel Distributed Computing Snpd 2025 Summer,2025,10.1109/snpd65828.2025.11254896,https://doi.org/10.1109/snpd65828.2025.11254896,VERIFIED,1.0,Scopus only,,SCOPUS_UI,10.1109/SNPD65828.2025.11254896,MATCH,EXCLUDE,E6,Estrategia de cobertura dinamica basada en ML sin ningun constructo de riesgo conductual del inversionista (falla I2).,EXCLUDE,
Community Bonds and Canada’s Foundations: Rethinking Risk and Financial Outcomes,"Quenneville, Rheann and Hebb, Tessa",CANADIAN JOURNAL OF NONPROFIT AND SOCIAL ECONOMY RESEARCH,2025,10.29173/cjnser818,https://doi.org/10.29173/cjnser818,FROM_WOS,1.0,Scopus + WoS,WOS:001656130400005,SCOPUS_UI,10.29173/cjnser818,MATCH,UNCERTAIN,AMBIGUO,"Estudio sobre bonos comunitarios con tipologia de inversionistas y percepcion de riesgo, pero la poblacion mezcla fundaciones/inversionistas de impacto sin distinguir inversionistas individuales.",EXCLUDE,"Excluido por decision explicita del autor de la tesis (2026-08-16): ante la duda sobre ajuste con los criterios de poblacion/constructo/activo, se opta por excluir por precaucion. Registro identificado queda disponible para reconsideracion en fases posteriores si se requiere."
Research on Investor Education in China Based on Large Language Models,"Xie X., Yang X., Cui R.",2025 14th International Conference on Educational and Information Technology Iceit 2025,2025,10.1109/iceit64364.2025.10975865,https://doi.org/10.1109/iceit64364.2025.10975865,VERIFIED,1.0,Scopus only,,SCOPUS_UI,10.1109/ICEIT64364.2025.10975865,MATCH,EXCLUDE,E6,"Perfilamiento psicologico (Id-Ego-Superego) de clientes para educacion/recomendacion de inversion, sin abordar un constructo de riesgo conductual reconocido (falla I2).",EXCLUDE,
Stock Return Predictability on S&P 500 ETF: A Deep Learning Approach,"Hortua H.J., Mora-Valencia A., Vanegas E.",Annals of Data Science,2025,10.1007/s40745-025-00647-3,https://doi.org/10.1007/s40745-025-00647-3,VERIFIED,0.971,Scopus only,,SCOPUS_UI,10.1007/s40745-025-00647-3,MATCH,EXCLUDE,E6,"Modelo de deep learning para predecir retornos del SPY; el umbral de aversion al riesgo es solo un parametro de calibracion, no un constructo conductual del inversionista (falla I2).",EXCLUDE,
Residential Real Estate Image Classification for Property Valuation,"Nejad M.Z., Naderpour M., Behbood V., Ramezani F., Lu J.","Communications in Computer and Information Science, 2262",2025,,,NOT_FOUND,0.551,Scopus only,,SCOPUS_UI,10.1007/978-3-031-85933-5_9,NO_DOI,EXCLUDE,E6,"Clasificacion de imagenes de bienes raices para valoracion de propiedades, sin relacion con riesgo conductual de inversionistas ni con inversion en activos financieros.",EXCLUDE,
Economic and psychological determination in civil servants' investment decisions ahead of retirement: empirical evidence from Indonesia,"Djuachiriaty, Yuni and Jamaliah and Putra, Windhu and Rosyadi and Bustami",ECONOMIC ANNALS-XXI,2024,10.21003/ea.V212-09,https://doi.org/10.21003/ea.V212-09,FROM_WOS,1.0,Scopus + WoS,WOS:001603540900009,SCOPUS_UI,10.21003/ea.V212-09,MATCH,INCLUDE,"I1,I2,I3,I4","Examina sesgos conductuales (exceso de confianza, efecto manada, aversion al arrepentimiento, tolerancia al riesgo) en decisiones de inversion de inversionistas individuales.",INCLUDE,
BIAS IN SME INVESTMENT DECISIONS: A CROSS-COUNTRY STUDY | STRONNICZOŚĆ W DECYZJACH INWESTYCYJNYCH MŚP: BADANIE MIĘDZYKRAJOWE,"Rafinda A., Suroso A., Purwaningtyas P., Mubaroq A.C.","Polish Journal of Management Studies, 30(1)",2024,,,NOT_FOUND,0.621,Scopus only,,SCOPUS_UI,10.17512/pjms.2024.30.1.17,NO_DOI,UNCERTAIN,AMBIGUO,"Analiza sesgos psicologicos en decisiones de inversion, pero la poblacion son propietarios de PYMEs y no queda claro si las decisiones son sobre activos financieros o inversion empresarial.",EXCLUDE,"Excluido por decision explicita del autor de la tesis (2026-08-16): ante la duda sobre ajuste con los criterios de poblacion/constructo/activo, se opta por excluir por precaucion. Registro identificado queda disponible para reconsideracion en fases posteriores si se requiere."
Using machine learning to predict investors’ switching behaviour,"Nixon, Paul and Gilbert, Evan",JOURNAL OF BEHAVIORAL AND EXPERIMENTAL FINANCE,2024,10.1016/j.jbef.2024.100992,https://doi.org/10.1016/j.jbef.2024.100992,FROM_WOS,1.0,Scopus + WoS,WOS:001321207800001,SCOPUS_UI,10.1016/j.jbef.2024.100992,MATCH,UNCERTAIN,AMBIGUO,"Modelo de ML que predice el cambio de producto de inversion de clientes individuales usando caracteristicas de cuenta, sin examinar explicitamente un constructo de riesgo conductual reconocido.",EXCLUDE,"Excluido por decision explicita del autor de la tesis (2026-08-16): ante la duda sobre ajuste con los criterios de poblacion/constructo/activo, se opta por excluir por precaucion. Registro identificado queda disponible para reconsideracion en fases posteriores si se requiere."
"Dissecting investment frequency: examining the role of social influence, investors’ perception of gender discrimination, involvement, access to information and risk tolerance","Singh, Apoorva and Biswas, Abhijeet",SOCIAL RESPONSIBILITY JOURNAL,2024,10.1108/SRJ-11-2023-0671,https://doi.org/10.1108/SRJ-11-2023-0671,FROM_WOS,1.0,Scopus + WoS,WOS:001290029500001,SCOPUS_UI,10.1108/SRJ-11-2023-0671,MATCH,INCLUDE,"I1,I2,I3,I4","Estudia influencia social, percepcion de discriminacion de genero y tolerancia al riesgo en la frecuencia de inversion de inversionistas individuales en India.",INCLUDE,
"All are interesting to invest, I fear of missing out (FOMO): a comparative study among self-employed and salaried investors","Kumar, Jitender and Rani, Manju and Rani, Garima and Rani, Vinki",JOURNAL OF FINANCIAL REGULATION AND COMPLIANCE,2024,10.1108/JFRC-01-2024-0010,https://doi.org/10.1108/JFRC-01-2024-0010,FROM_WOS,1.0,Scopus + WoS,WOS:001303365900001,SCOPUS_UI,10.1108/JFRC-01-2024-0010,MATCH,INCLUDE,"I1,I2,I3,I4","Examina FOMO, efecto manada, exceso de confianza y aversion a la perdida en las decisiones de inversion de inversionistas minoristas.",INCLUDE,
Behavioral risk profiling: Measuring loss aversion of individual investors,"van Dolder, Dennie and Vandenbroucke, Jurgen",JOURNAL OF BANKING \& FINANCE,2024,10.1016/j.jbankfin.2024.107293,https://doi.org/10.1016/j.jbankfin.2024.107293,FROM_WOS,1.0,Scopus + WoS,WOS:001301379800001,SCOPUS_UI,10.1016/j.jbankfin.2024.107293,MATCH,INCLUDE,"I1,I2,I3,I4",Mide directamente la aversion a la perdida para el perfilamiento de riesgo conductual de inversionistas individuales y clientes de una institucion financiera.,INCLUDE,
Machine learning based methods for ratemaking health care insurance,"Ben Hamida, Amal and Kacem, Manel and de Peretti, Christian and Belkacem, Lotfi",INTERNATIONAL JOURNAL OF MARKET RESEARCH,2024,10.1177/14707853241275446,https://doi.org/10.1177/14707853241275446,FROM_WOS,1.0,Scopus + WoS,WOS:001292525900001,SCOPUS_UI,10.1177/14707853241275446,MATCH,EXCLUDE,E5,"Ratemaking de seguros de salud mediante machine learning, sin relacion con comportamiento de inversion.",EXCLUDE,
Exploring the influence of behavioral aspects on stock investment decision-making: a study on Bangladeshi individual investors,"Hossain T., Siddiqua P.","Psu Research Review, 8(2)",2024,10.1108/prr-10-2021-0054,https://doi.org/10.1108/prr-10-2021-0054,VERIFIED,1.0,Scopus only,,SCOPUS_UI,10.1108/PRR-10-2021-0054,MATCH,INCLUDE,"I1,I2,I3,I4",Examina aversion al riesgo y percepcion de riesgo como determinantes emocionales de las decisiones de inversion bursatil de inversionistas individuales bangladesies.,INCLUDE,
The analysis of the impact of the framing effect on the choice of financial products: an analytical hierarchical process approach,"Ventre, Viviana and Martino, Roberta and Castellano, Rosella and Sarnacchiaro, Pasquale",ANNALS OF OPERATIONS RESEARCH,2024,10.1007/s10479-022-05142-z,https://doi.org/10.1007/s10479-022-05142-z,FROM_WOS,1.0,Scopus + WoS,WOS:000912233300001,SCOPUS_UI,10.1007/s10479-022-05142-z,MATCH,INCLUDE,"I1,I2,I3,I4",Analiza como el efecto framing afecta la percepcion de riesgo del inversionista y su eleccion de productos financieros.,INCLUDE,
"IMPACT OF BEHAVIOURAL FINANCE ON RISK PERCEPTION, PSYCHOLOGICAL BEHAVIOUR, AND FINANCIAL DECISIONS OF MOROCCAN INVESTORS","El Ghmari O., El Ghmari I., Trid S., M'hamdi M.","Financial and Credit Activity Problems of Theory and Practice, 5(58)",2024,10.55643/fcaptp.5.58.2024.4451,https://doi.org/10.55643/fcaptp.5.58.2024.4451,VERIFIED,1.0,Scopus only,,SCOPUS_UI,10.55643/fcaptp.5.58.2024.4451,MATCH,INCLUDE,"I1,I2,I3,I4","Examina aversion a la perdida, influencias culturales y exceso de confianza en las decisiones financieras de inversionistas marroquies.",INCLUDE,
A Critical Review of Overconfidence in Investment Decisions: Bibliometric Analysis,"Ojha S., Agarwala A.K.","International Journal of Economics and Financial Issues, 14(6)",2024,10.32479/ijefi.17098,https://doi.org/10.32479/ijefi.17098,VERIFIED,0.988,Scopus only,,SCOPUS_UI,10.32479/ijefi.17098,MATCH,INCLUDE,"I1,I2,I3,I4","Revision bibliometrica sustantiva sobre el sesgo de exceso de confianza en decisiones de inversion, aporta evidencia teorica sobre el constructo (I3).",INCLUDE,
Sensory perceptions and financial choices: A neuroscientific perspective,"Jamwal D., Arora M.",Impact of Sensory Marketing on Buying Behavior,2024,,,NOT_FOUND,0.732,Scopus only,,SCOPUS_UI,10.4018/979-8-3693-9351-2.ch004,NO_DOI,UNCERTAIN,AMBIGUO,Relaciona percepciones sensoriales con elecciones financieras desde una perspectiva neurocientifica; el vinculo con el perfilamiento de riesgo conductual de inversionistas es generico y poco especifico.,EXCLUDE,"Excluido por decision explicita del autor de la tesis (2026-08-16): ante la duda sobre ajuste con los criterios de poblacion/constructo/activo, se opta por excluir por precaucion. Registro identificado queda disponible para reconsideracion en fases posteriores si se requiere."
Correlating investor patterns and ESG performance with neuro marketing insights: Behavioural finance meets sustainability,"Bhatnagar M., Rajaram R.",Neuromarketing S Role in Sustainable Finance,2024,10.4018/979-8-3693-9117-4.ch001,https://doi.org/10.4018/979-8-3693-9117-4.ch001,UNCERTAIN,0.794,Scopus only,,SCOPUS_UI,10.4018/979-8-3693-9117-4.ch001,MATCH,UNCERTAIN,AMBIGUO,Mezcla desempeno de sostenibilidad corporativa (ESG) con percepcion de riesgo del inversionista via neuromarketing; no queda claro si el enfoque principal es la inversion financiera individual.,EXCLUDE,"Excluido por decision explicita del autor de la tesis (2026-08-16): ante la duda sobre ajuste con los criterios de poblacion/constructo/activo, se opta por excluir por precaucion. Registro identificado queda disponible para reconsideracion en fases posteriores si se requiere."
Behavioural Biases Affecting Financial Risk Tolerance of Working Women Investors: Evidence from the Indian Stock Market,"Srivastava H., Moid S., Rushdi N.J.","Scms Journal of Indian Management, 21(4)",2024,,,NOT_FOUND,0.528,Scopus only,,SCOPUS_UI,,NO_NATIVE,INCLUDE,"I1,I2,I3,I4","Examina el efecto de aversion a la perdida, anclaje y efecto manada sobre la tolerancia al riesgo financiero de mujeres inversionistas.",INCLUDE,
Does Risk Tolerance Mediates the Relationship Between Financial Literacy and Financial Wellbeing During COVID-19: Empirical Evidence From an Emerging Economy,"Naveed, Muhammad and Ali, Shoaib",SAGE OPEN,2024,10.1177/21582440241297065,https://doi.org/10.1177/21582440241297065,FROM_WOS,1.0,Scopus + WoS,WOS:001379292000001,SCOPUS_UI,10.1177/21582440241297065,MATCH,INCLUDE,"I1,I2,I3,I4",La tolerancia al riesgo media entre alfabetizacion financiera y bienestar financiero en inversionistas individuales de la bolsa de Pakistan.,INCLUDE,
Investing in our planet: Examining retail investors' preference for green bond investment,"Azad, Shivam and Devi, S. L. Tulasi and Mishra, Anand Kumar",BUSINESS STRATEGY AND THE ENVIRONMENT,2024,10.1002/bse.3743,https://doi.org/10.1002/bse.3743,FROM_WOS,1.0,Scopus + WoS,WOS:001189156300001,SCOPUS_UI,10.1002/bse.3743,MATCH,INCLUDE,"I1,I2,I3,I4",Examina percepcion de riesgo e influencia social en la actitud e intencion de inversionistas minoristas hacia bonos verdes.,INCLUDE,
An empirical analysis of navigation behaviors across stock and cryptocurrency trading platforms: implications for targeting and segmentation strategies,"Kim, Hwang",ELECTRONIC COMMERCE RESEARCH,2024,10.1007/s10660-022-09612-1,https://doi.org/10.1007/s10660-022-09612-1,FROM_WOS,1.0,Scopus + WoS,WOS:000865201400001,SCOPUS_UI,10.1007/s10660-022-09612-1,MATCH,INCLUDE,"I1,I2,I3,I4","Compara comportamientos de aversion a la perdida, optimismo y efecto manada entre inversionistas privados en plataformas de criptomonedas y acciones.",INCLUDE,
An uncertainty theory based tri-objective behavioral portfolio selection model with loss aversion and reference level using a modified evolutionary root system growth algorithm,"Chen, Yuefen and Li, Bo",JOURNAL OF COMPUTATIONAL AND APPLIED MATHEMATICS,2024,10.1016/j.cam.2024.115859,https://doi.org/10.1016/j.cam.2024.115859,FROM_WOS,1.0,Scopus + WoS,WOS:001205634100001,SCOPUS_UI,10.1016/j.cam.2024.115859,MATCH,INCLUDE,"I1,I2,I3,I4","Modelo teorico de seleccion de portafolio conductual con aversion a la perdida y nivel de referencia, aporta evidencia teorica sobre el constructo aplicable a inversionistas (I3).",INCLUDE,
Framing effect and disposition effect: investment decisions tools to understand bounded rationality,"Kiky, Andreas and Atahau, Apriani Dorkas Rambu and Mahastanti, Linda Ariany and Supatmi, Supatmi",REVIEW OF BEHAVIORAL FINANCE,2024,10.1108/RBF-11-2023-0311,https://doi.org/10.1108/RBF-11-2023-0311,FROM_WOS,1.0,Scopus + WoS,WOS:001214379600001,SCOPUS_UI,10.1108/RBF-11-2023-0311,MATCH,INCLUDE,"I1,I2,I3,I4",Estudia el efecto disposicion y el efecto framing como herramientas de decision de inversion bajo racionalidad limitada en inversionistas Gen Z.,INCLUDE,
Safe haven properties of industrial stocks against ESG in the United States: Portfolio implication for sustainable investments,"Imran, Zulfiqar Ali and Ahad, Muhammad and Shahzad, Khurram and Ahmad, Mobeen and Hameed, Imran",ENERGY ECONOMICS,2024,10.1016/j.eneco.2024.107712,https://doi.org/10.1016/j.eneco.2024.107712,FROM_WOS,1.0,Scopus + WoS,WOS:001258296500001,SCOPUS_UI,10.1016/j.eneco.2024.107712,MATCH,EXCLUDE,E6,"Analisis cuantitativo de propiedades de refugio seguro de acciones industriales frente a ESG, sin constructo de riesgo conductual del inversionista.",EXCLUDE,
A century of asset allocation crash risk,"Samonov, Mikhail and Sorokina, Nonna",JOURNAL OF ASSET MANAGEMENT,2024,10.1057/s41260-024-00355-2,https://doi.org/10.1057/s41260-024-00355-2,FROM_WOS,1.0,Scopus + WoS,WOS:001195533100001,SCOPUS_UI,10.1057/s41260-024-00355-2,MATCH,INCLUDE,"I1,I2,I3,I4","Examina el aspecto conductual de las decisiones de inversion, incluida la tolerancia al riesgo y el abandono de estrategias por panico ante perdidas, en la asignacion de activos a largo plazo.",INCLUDE,
Impact of Competent Persons’ judgements in Mineral Resources classification,"Owusu S.K.A., Dagdelen K.","Journal of the Southern African Institute of Mining and Metallurgy, 124(7)",2024,10.17159/2411-9717/1538/2024,https://doi.org/10.17159/2411-9717/1538/2024,VERIFIED,1.0,Scopus only,,SCOPUS_UI,10.17159/2411-9717/1538/2024,MATCH,EXCLUDE,E6,Trata sobre la clasificacion de recursos minerales por juicio de Personas Competentes en mineria; la mencion de 'confianza del inversionista' es incidental y no aborda riesgo conductual.,EXCLUDE,
Measuring behavioral biases in individual investors decision-making and sociodemographic correlations: a systematic review,"Cardoso, Nicolas de Oliveira and Salvador, Eduarda Zorgi and Broch, Gustavo and Mette, Frederike Monika Budiner and Yoshinaga, Claudia Emiko and Machado, Wagner de Lara",QUALITATIVE RESEARCH IN FINANCIAL MARKETS,2024,10.1108/QRFM-05-2022-0090,https://doi.org/10.1108/QRFM-05-2022-0090,FROM_WOS,1.0,Scopus + WoS,WOS:001105294700001,SCOPUS_UI,10.1108/QRFM-05-2022-0090,MATCH,INCLUDE,"I1,I2,I3,I4",Revision sistematica que mide sesgos conductuales y sus correlatos sociodemograficos en la toma de decisiones de inversionistas individuales.,INCLUDE,
Sovereign climate bonds: Policy innovation for just transitions in developing countries,"Chavarria-Flores A., Warren P.","Journal of Climate Finance, 7, 100041",2024,10.1016/j.jclimf.2024.100041,https://doi.org/10.1016/j.jclimf.2024.100041,VERIFIED,1.0,Scopus only,,SCOPUS_UI,10.1016/j.jclimf.2024.100041,MATCH,EXCLUDE,E6,"Bonos climaticos soberanos como innovacion de politica publica para paises en desarrollo; el perfilamiento de riesgo es a nivel pais/institucional, sin angulo conductual de inversionista individual.",EXCLUDE,
"“All are investing in Crypto, I fear of being missed out”: examining the influence of herding, loss aversion, and overconfidence in the cryptocurrency market with the mediating effect of FOMO","Kaur M., Jain J., Sood K.","Quality and Quantity, 58(3)",2024,10.1007/s11135-023-01739-z,https://doi.org/10.1007/s11135-023-01739-z,VERIFIED,1.0,Scopus only,,SCOPUS_UI,10.1007/s11135-023-01739-z,MATCH,INCLUDE,"I1,I2,I3,I4","Examina efecto manada, aversion a la perdida y exceso de confianza en decisiones de inversion en criptomonedas, mediadas por FOMO.",INCLUDE,
Comparative analysis of QUEST and CHAID decision tree methods in assessing the performance of conventional commercial banks,"Saragih W.N.M., Zahedi, Nusantara B.C.","Songklanakarin Journal of Science and Technology, 46(3)",2024,,,NOT_FOUND,0.411,Scopus only,,SCOPUS_UI,,NO_NATIVE,EXCLUDE,E4,"Compara metodos de arboles de decision para evaluar el perfil de riesgo (RGEC) de bancos comerciales; es riesgo institucional/corporativo del banco, no conductual del inversionista.",EXCLUDE,
Finance and intelligence: An overview of the literature,"Eber, Nicolas and Roger, Patrick and Roger, Tristan",JOURNAL OF ECONOMIC SURVEYS,2024,10.1111/joes.12583,https://doi.org/10.1111/joes.12583,FROM_WOS,1.0,Scopus + WoS,WOS:001046468400001,SCOPUS_UI,10.1111/joes.12583,MATCH,INCLUDE,"I1,I2,I3,I4",Revision de literatura sobre el vinculo entre inteligencia/capacidad cognitiva y aversion al riesgo/perdida en el comportamiento de inversion.,INCLUDE,
Do heuristics affect Brazilian investors’ decision-making process?,"Souza, Virgilio Vasconcelos and Souza, Lucas Lopes Ferreira and Oliveira, Oderlene and de Souza, Elnivan Moreira and Costa, Juliana Silva",REVIEW OF BEHAVIORAL FINANCE,2024,10.1108/RBF-09-2022-0210,https://doi.org/10.1108/RBF-09-2022-0210,FROM_WOS,1.0,Scopus + WoS,WOS:001023574700001,SCOPUS_UI,10.1108/RBF-09-2022-0210,MATCH,INCLUDE,"I1,I2,I3,I4","Analiza como el exceso de confianza, el anclaje y la aversion a la perdida influyen en la toma de decisiones de inversionistas brasilenos.",INCLUDE,
Robo Advising and Investor Profiling,"Gaspar, Raquel M. and Oliveira, Madalena",FINTECH,2024,10.3390/fintech3010007,https://doi.org/10.3390/fintech3010007,FROM_WOS,1.0,Scopus + WoS,WOS:001572620800001,SCOPUS_UI,10.3390/fintech3010007,MATCH,INCLUDE,"I1,I2,I3,I4",Propone un metodo de perfilamiento de inversionistas basado en aversion relativa al riesgo para asesoria automatizada (robo-advising).,INCLUDE,
Behavioral Finance Biases: A Comprehensive Review on Regret Approach Studies in Portfolio Optimization,"Fooeik A.M.L., Ghanbari H., Sadjadi S.J., Mohammadi E.","International Journal of Industrial Engineering and Production Research, 35(1)",2024,,,NOT_FOUND,0.47,Scopus only,,SCOPUS_UI,10.22068/ijiepr.35.1.1909,NO_DOI,INCLUDE,"I1,I2,I3,I4","Revision de modelos de sesgo de arrepentimiento (regret) en optimizacion de portafolios, sesgo conductual relacionado con la decision de inversion.",INCLUDE,
Unpacking the drivers of earnings management in CSR firms: influence of investor risk perception,"Bansal, Manish",INTERNATIONAL JOURNAL OF DISCLOSURE AND GOVERNANCE,2024,10.1057/s41310-023-00201-8,https://doi.org/10.1057/s41310-023-00201-8,FROM_WOS,1.0,Scopus + WoS,WOS:001086728500001,SCOPUS_UI,10.1057/s41310-023-00201-8,MATCH,UNCERTAIN,AMBIGUO,"Mezcla gestion de resultados contables (earnings management) en empresas CSR con percepcion de riesgo del inversionista como variable mediadora; el enfoque principal parece ser contable/corporativo, no conductual del inversionista.",EXCLUDE,"Excluido por decision explicita del autor de la tesis (2026-08-16): ante la duda sobre ajuste con los criterios de poblacion/constructo/activo, se opta por excluir por precaucion. Registro identificado queda disponible para reconsideracion en fases posteriores si se requiere."
Multitrend Conditional Value at Risk for Portfolio Optimization,"Lai Z.-R., Li C., Wu X., Guan Q., Fang L.","IEEE Transactions on Neural Networks and Learning Systems, 35(2)",2024,10.1109/tnnls.2022.3183891,https://doi.org/10.1109/tnnls.2022.3183891,VERIFIED,1.0,Scopus only,,SCOPUS_UI,10.1109/TNNLS.2022.3183891,MATCH,EXCLUDE,E6,"Metrica cuantitativa de riesgo (CVaR multitendencia) para optimizacion de portafolios mediante machine learning, sin constructo conductual del inversionista.",EXCLUDE,
A Multi-Kink quantile regression model with common structure for panel data analysis,"Sun Y., Wan C., Zhang W., Zhong W.","Journal of Econometrics, 239(2), 105304",2024,10.1016/j.jeconom.2022.04.012,https://doi.org/10.1016/j.jeconom.2022.04.012,VERIFIED,1.0,Scopus only,,SCOPUS_UI,10.1016/j.jeconom.2022.04.012,MATCH,EXCLUDE,E6,"Modelo estadistico de regresion cuantilica multi-kink aplicado a retornos de portafolio, sin relacion con comportamiento del inversionista.",EXCLUDE,
Clustering Sukuk Using the K-Means Algorithm for Allocation of Investors Based on Investment Risk Profile,"Novika F., Rahayu S.","E3s Web of Conferences, 483, 03002",2024,10.1051/e3sconf/202448303002,https://doi.org/10.1051/e3sconf/202448303002,VERIFIED,1.0,Scopus only,,SCOPUS_UI,10.1051/e3sconf/202448303002,MATCH,INCLUDE,"I1,I2,I3,I4","Agrupa sukuk mediante K-Means para asignacion de inversionistas segun su perfil de riesgo (defensivo, conservador, balanceado, agresivo).",INCLUDE,
Construction of Investor Profiles Based on Risk Tolerance Prediction,"Zhang B., Zhou Y., Yu S., Zhang K.",ACM International Conference Proceeding Series,2024,10.1145/3675417.3675439,https://doi.org/10.1145/3675417.3675439,VERIFIED,1.0,Scopus only,,SCOPUS_UI,10.1145/3675417.3675439,MATCH,INCLUDE,"I1,I2,I3,I4",Construye perfiles de inversionistas mediante prediccion de tolerancia al riesgo usando IA explicable.,INCLUDE,
"Demystifying disposition effect: past, present and future","Joshipura, Mayank and Joshipura, Nehal and Sharma, Aditya",QUALITATIVE RESEARCH IN FINANCIAL MARKETS,2024,10.1108/QRFM-07-2022-0114,https://doi.org/10.1108/QRFM-07-2022-0114,FROM_WOS,1.0,Scopus + WoS,WOS:000944945300001,SCOPUS_UI,10.1108/QRFM-07-2022-0114,MATCH,INCLUDE,"I1,I2,I3,I4","Revision hibrida (bibliometrica y de contenido) sobre el efecto disposicion, sesgo conductual central en la decision de inversion.",INCLUDE,
Method for Determining the Risk Profile of Investors based on the Relationship of two stock investing Problems,"Gorelik V.A., Zolotova T.V.","Finance Theory and Practice, 28(4)",2024,10.26794/2587-5671-2024-28-4-136-143,https://doi.org/10.26794/2587-5671-2024-28-4-136-143,VERIFIED,1.0,Scopus only,,SCOPUS_UI,10.26794/2587-5671-2024-28-4-136-143,MATCH,INCLUDE,"I1,I2,I3,I4",Desarrolla un metodo matematico para determinar el perfil de riesgo del inversionista en el mercado bursatil.,INCLUDE,
Demystifying Robo-Advisors: Benefits and Limitations,Scholz P.,Emerald Handbook of Fintech Reshaping Finance,2024,10.1108/978-1-83753-608-520241020,https://doi.org/10.1108/978-1-83753-608-520241020,VERIFIED,1.0,Scopus only,,SCOPUS_UI,10.1108/978-1-83753-608-520241020,MATCH,INCLUDE,"I1,I2,I3,I4",Examina el perfilamiento de riesgo y los sesgos conductuales de inversionistas privados en el contexto de robo-advisors.,INCLUDE,
Enhancing Investment Decision-making: Leveraging Smart Machine Learning Models for Risk Profiling and Portfolio Allocation,Kanaparthi V.,2024 15th International Conference on Computing Communication and Networking Technologies Icccnt 2024,2024,10.1109/icccnt61001.2024.10725082,https://doi.org/10.1109/icccnt61001.2024.10725082,VERIFIED,1.0,Scopus only,,SCOPUS_UI,10.1109/ICCCNT61001.2024.10725082,MATCH,INCLUDE,"I1,I2,I3,I4",Usa modelos de machine learning para perfilar el riesgo de inversionistas individuales y asignar portafolios segun su tolerancia al riesgo.,INCLUDE,
Additive Determination of an Investor’s Risk Tolerance in Asset Allocation,"Patel, Samveg and Dibartolomeo, Dan",JOURNAL OF INVESTING,2024,,,FROM_WOS,0,Scopus + WoS,WOS:001300591900003,SCOPUS_UI,10.3905/joi.2024.1.318,NO_DOI,INCLUDE,"I1,I2,I3,I4",Desarrolla un puntaje de evaluacion de riesgo para determinar la tolerancia al riesgo del inversionista minorista en la asignacion de activos.,INCLUDE,
Multinational corporations' capital allocation decisions across asymmetric risk locations: intertemporal equilibrium and optimal transitional adjustment paths,"Fedderke J.W., Luiz J.M., Barnard H.","IMA Journal of Management Mathematics, 35(1)",2024,10.1093/imaman/dpad017,https://doi.org/10.1093/imaman/dpad017,VERIFIED,1.0,Scopus only,,SCOPUS_UI,10.1093/imaman/dpad017,MATCH,EXCLUDE,E4,"Decisiones de asignacion de capital de corporaciones multinacionales entre ubicaciones con distinto perfil de riesgo; riesgo puramente corporativo/institucional, sin angulo conductual individual.",EXCLUDE,
SEISMIC RISK PROFILE DEFINITION FOR VULNERABLE HOUSING STOCK IN COLOMBIA,"Acevedo A.B., Carrascal S., Gonzalez D.","World Conference on Earthquake Engineering Proceedings, 2024",2024,,,NOT_FOUND,0.467,Scopus only,,SCOPUS_UI,,NO_NATIVE,EXCLUDE,E1,"Definicion del perfil de riesgo sismico del parque habitacional vulnerable en Colombia; riesgo de infraestructura fisica, sin relacion con perfiles conductuales de inversionistas.",EXCLUDE,
The Influence of COVID-19 and Subsequent Events on the Decision-Making of Retail Investors in Kingdom of Bahrain: A Behavioral Finance Analysis,"Babu M.R., Taqi M.","Studies in Systems Decision and Control, 524",2024,10.1007/978-3-031-54379-1_3,https://doi.org/10.1007/978-3-031-54379-1_3,VERIFIED,1.0,Scopus only,,SCOPUS_UI,10.1007/978-3-031-54379-1_3,MATCH,INCLUDE,"I1,I2,I3,I4",Analiza como el COVID-19 y eventos geopoliticos activaron sesgos conductuales que afectan la toma de decisiones de inversionistas minoristas en Bahrein.,INCLUDE,
Biases in Capital Market Instrument Investing Decisions: A Study from India,"Agarwal, Sakshi and Singh, Saurabh",AUSTRALASIAN ACCOUNTING BUSINESS AND FINANCE JOURNAL,2024,,,FROM_WOS,0,Scopus + WoS,WOS:001252520000015,SCOPUS_UI,10.14453/aabfj.v18i3.16,NO_DOI,INCLUDE,"I1,I2,I3,I4","Examina representatividad, anclaje y aversion a la perdida en las decisiones de inversion de inversionistas individuales en el mercado de capitales indio.",INCLUDE,
"Impact of gender, age, and education on investors’ behavior: An empirical study of Delhi-NCR","Bushra, Bushra and Srivastav, Shalini and Kapoor, Shikha",INTERNATIONAL JOURNAL OF SYSTEM ASSURANCE ENGINEERING AND MANAGEMENT,2024,10.1007/s13198-024-02534-1,https://doi.org/10.1007/s13198-024-02534-1,FROM_WOS,1.0,Scopus + WoS,WOS:001325631000001,SCOPUS_UI,10.1007/s13198-024-02534-1,MATCH,INCLUDE,"I1,I2,I3,I4","Analiza como exceso de confianza, anclaje, efecto manada, aversion a la perdida y contabilidad mental varian segun genero, edad y educacion en inversionistas minoristas.",INCLUDE,
BEHAVIOURAL FINANCE AND THE HOUSING MARKET,"Bao H., Lizieri C.",Routledge Handbook of Housing Economics,2024,10.4324/9780429327339-18,https://doi.org/10.4324/9780429327339-18,VERIFIED,1.0,Scopus only,,SCOPUS_UI,10.4324/9780429327339-18,MATCH,EXCLUDE,I4,"Aplica teoria de las perspectivas y aversion a la perdida a decisiones de vivienda, pero el activo de inversion es un bien inmueble/fisico, no un activo financiero.",EXCLUDE,
Psychological biases and contextual factors as the determinants of financial satisfaction: an evidence-based study on individual investment decisions,"Shukla, Kritika and Kumar, Vibhash",GLOBAL BUSINESS AND ECONOMICS REVIEW,2024,10.1504/GBER.2024.139314,https://doi.org/10.1504/GBER.2024.139314,FROM_WOS,1.0,Scopus + WoS,WOS:001551745100002,SCOPUS_UI,10.1504/GBER.2024.139314,MATCH,INCLUDE,"I1,I2,I3,I4","Examina sesgos psicologicos (exceso de confianza, aversion a la perdida, statu quo) y su relacion con la satisfaccion financiera en decisiones de inversion individuales.",INCLUDE,
Hidden Consequences of Consumer Protection on the Financial Market: Regulation-introduced Bias,"Sindelar, Jiri and Budinsky, Petr",PRAGUE ECONOMIC PAPERS,2024,10.18267/j.pep.862,https://doi.org/10.18267/j.pep.862,FROM_WOS,1.0,Scopus + WoS,WOS:001258858000002,SCOPUS_UI,10.18267/j.pep.862,MATCH,INCLUDE,"I1,I2,I3,I4",Analiza como la regulacion de proteccion al consumidor afecta la percepcion de riesgo de clientes minoristas en decisiones de inversion/banca.,INCLUDE,
"PERSONALITY, FINANCIAL LITERACY, AND FINANCIAL ADVICE-SEEKING IN THE MIDST OF A PANDEMIC","Phan T.C., Ngo V.M., Le L.V., Ahmed R.","International Journal of Economics and Finance Studies, 16(1)",2024,,,NOT_FOUND,0.731,Scopus only,,SCOPUS_UI,10.34109/ijefs.202416118,NO_DOI,INCLUDE,"I1,I2,I3,I4","Examina rasgos de personalidad, alfabetizacion financiera y tolerancia al riesgo en la busqueda de asesoria financiera de inversionistas bursatiles.",INCLUDE,
Behavioral Finance in Psycho-Social Approaches: A Literature Review,"Nia V.M., Siregar H., Sembel R., Zulbainarmi N.","Lecture Notes in Networks and Systems, 924 LNNS",2024,10.1007/978-3-031-53998-5_27,https://doi.org/10.1007/978-3-031-53998-5_27,VERIFIED,1.0,Scopus only,,SCOPUS_UI,10.1007/978-3-031-53998-5_27,MATCH,INCLUDE,"I1,I2,I3,I4","Revision de literatura sobre finanzas conductuales desde enfoques psico-sociales, incluida la tolerancia al riesgo de los inversionistas.",INCLUDE,
The Influence of Emotions and Social Value Orientation on Risk Tolerance and Sustainable Investment Choices,"Verma, Surbhi and Khanna, Ashu",AUSTRALASIAN ACCOUNTING BUSINESS AND FINANCE JOURNAL,2024,,,FROM_WOS,0,Scopus + WoS,WOS:001252520000016,SCOPUS_UI,10.14453/aabfj.v18i3.17,NO_DOI,INCLUDE,"I1,I2,I3,I4","Examina como la orientacion al valor social, la inestabilidad emocional y factores demograficos determinan la tolerancia al riesgo financiero de inversionistas minoristas.",INCLUDE,
Behavioral finance impacts on US stock market volatility: An analysis of market anomalies,"Akin, Isik and Akin, Meryem",BEHAVIOURAL PUBLIC POLICY,2024,10.1017/bpp.2024.13,https://doi.org/10.1017/bpp.2024.13,FROM_WOS,1.0,Scopus + WoS,WOS:001192306100001,SCOPUS_UI,10.1017/bpp.2024.13,MATCH,UNCERTAIN,AMBIGUO,"Vincula sesgos conductuales agregados (aversion a la perdida, efecto manada) con la volatilidad del mercado bursatil estadounidense a nivel macro, sin perfilamiento de inversionistas individuales.",EXCLUDE,"Excluido por decision explicita del autor de la tesis (2026-08-16): ante la duda sobre ajuste con los criterios de poblacion/constructo/activo, se opta por excluir por precaucion. Registro identificado queda disponible para reconsideracion en fases posteriores si se requiere."
Robo Advisors Revolution: Transforming Landscape of Mutual Fund Investments,"Saroha J., Rawal A., Gopalkrishnan S., ... Thathira K.V., Kulkarni P.",2024 International Conference on Sustainable Islamic Business and Finance Sibf 2024,2024,10.1109/sibf63788.2024.10883828,https://doi.org/10.1109/sibf63788.2024.10883828,VERIFIED,1.0,Scopus only,,SCOPUS_UI,10.1109/SIBF63788.2024.10883828,MATCH,INCLUDE,"I1,I2,I3,I4",Examina como los robo-advisors reducen sesgos como aversion a la perdida y exceso de confianza en la inversion en fondos mutuos.,INCLUDE,
"Evaluating robo-advisors through behavioral finance: a critical review of technology potential, rationality, and investor expectations","Eichler K.S., Schwab E.","Frontiers in Behavioral Economics, 3, 1489159",2024,10.3389/frbhe.2024.1489159,https://doi.org/10.3389/frbhe.2024.1489159,VERIFIED,1.0,Scopus only,,SCOPUS_UI,10.3389/frbhe.2024.1489159,MATCH,INCLUDE,"I1,I2,I3,I4","Revision critica de robo-advisors desde finanzas conductuales, incluyendo tolerancia al riesgo y sesgos en la toma de decisiones de inversion.",INCLUDE,
Conceptual Framework: Understanding the Influence of Monetary and Fiscal Policies on Investor Behavior in China’s Renewable Energy Sector,"Xin L., Loang O.K.","Studies in Systems Decision and Control, 223",2024,10.1007/978-3-031-51997-0_8,https://doi.org/10.1007/978-3-031-51997-0_8,VERIFIED,1.0,Scopus only,,SCOPUS_UI,10.1007/978-3-031-51997-0_8,MATCH,INCLUDE,"I1,I2,I3,I4",Marco conceptual sobre como las politicas monetarias/fiscales influyen en el efecto manada y la aversion al riesgo de los inversionistas.,INCLUDE,
The Impact of Media News on Investors' Decision-Making According to their Degree of Risk-Taking,"Sharifi E., Kahrizsangi K.E., Chadegani A.A.","Iranian Journal of Accounting Auditing and Finance, 8(1)",2024,,,NOT_FOUND,0.618,Scopus only,,SCOPUS_UI,10.22067/ijaaf.2024.42801.1167,NO_DOI,INCLUDE,"I1,I2,I3,I4",Examina como las noticias afectan los estilos de decision de inversionistas segun su grado de tolerancia al riesgo en la bolsa de Teheran.,INCLUDE,
Analysis of factors affecting investors’ decision towards cryptocurrency investments in Saudia Arabia: A moderating role of fear of missing out (FOMO) on decision-making,"Hasan A., Alam S., Habib S., Khan M.A.","Journal of Infrastructure Policy and Development, 8(9), 6419",2024,10.24294/jipd.v8i9.6419,https://doi.org/10.24294/jipd.v8i9.6419,VERIFIED,1.0,Scopus only,,SCOPUS_UI,10.24294/jipd.v8i9.6419,MATCH,INCLUDE,"I1,I2,I3,I4","Examina riesgo percibido, influencia social y FOMO en las decisiones de inversion en criptomonedas de inversionistas sauditas.",INCLUDE,
Effect of sectoral holdings on the flow-performance sensitivity of mutual funds,"Covachev, Svetoslav and Yadav, Vijay",NORTH AMERICAN JOURNAL OF ECONOMICS AND FINANCE,2024,10.1016/j.najef.2023.102014,https://doi.org/10.1016/j.najef.2023.102014,FROM_WOS,1.0,Scopus + WoS,WOS:001076746000001,SCOPUS_UI,10.1016/j.najef.2023.102014,MATCH,UNCERTAIN,AMBIGUO,Estudia la sensibilidad flujo-desempeno de fondos mutuos segun composicion sectorial; el horizonte de inversion del inversionista solo se menciona tangencialmente como implicacion practica.,EXCLUDE,"Excluido por decision explicita del autor de la tesis (2026-08-16): ante la duda sobre ajuste con los criterios de poblacion/constructo/activo, se opta por excluir por precaucion. Registro identificado queda disponible para reconsideracion en fases posteriores si se requiere."
BUILDING FOOTPRINT ANALYSIS FOR SEISMIC VULNERABILITY & LARGE SCALE HIGH-RESOLUTION RISK ASSESSMENTS,"Momin S., Salgado-Galvez M.A., Basaraner M., Grajales S., Carreno M.L.","World Conference on Earthquake Engineering Proceedings, 2024",2024,,,NOT_FOUND,0.558,Scopus only,,SCOPUS_UI,,NO_NATIVE,EXCLUDE,E1,"Analisis de huella de edificios para evaluacion de riesgo sismico a gran escala; riesgo de infraestructura fisica, sin relacion con inversionistas.",EXCLUDE,
SURROGATE MODEL FOR FRAGILITY ASSESSMENT OF RETROFITTED UNREINFORCED MASONRY BUILDINGS,"Fathiazar A., Alfano S., Cattari S.","World Conference on Earthquake Engineering Proceedings, 2024",2024,,,NOT_FOUND,0.634,Scopus only,,SCOPUS_UI,,NO_NATIVE,EXCLUDE,E1,Modelo sustituto para evaluar fragilidad sismica de edificaciones de mamposteria reforzada; riesgo de infraestructura fisica.,EXCLUDE,
The future of finance: Artificial intelligence's influence on behavioral investment decisions,"Rao A., Hossain M.R.",Leveraging AI and Emotional Intelligence in Contemporary Business Organizations,2023,,,NOT_FOUND,0.573,Scopus only,,SCOPUS_UI,10.4018/979-8-3693-1902-4.ch010,NO_DOI,INCLUDE,"I1,I2,I3,I4",Examina como la IA detecta sesgos conductuales como aversion a la perdida y exceso de confianza en decisiones de inversion.,EXCLUDE,"Validacion por muestreo (2026-08-16): segunda pasada IA independiente (ciega) decidio 'UNCERTAIN' (discrepancia con la clasificacion original 'INCLUDE'). Motivo de la segunda pasada: Menciona sesgos conductuales (aversión a la pérdida, exceso de confianza) en decisiones de inversión, pero el objeto central es la capacidad de la IA para detectar sesgos, no evidencia empírica/teórica sustantiva sobre el perfil conductual del inversionista (I3 marginal). Resuelto EXCLUDE aplicando la misma regla de precaucion del autor (ante desacuerdo/duda entre revisores, excluir)."
Shariah-compliant robo-advisors: Exploring the development and implementation of islamic finance's automated investment solutions,"Hooda J., Singh V., Kazaure M.A., Singh R.",Fintech Applications in Islamic Finance AI Machine Learning and Blockchain Techniques,2023,,,NOT_FOUND,0.39,Scopus only,,SCOPUS_UI,10.4018/9798369310380.ch015,NO_DOI,UNCERTAIN,AMBIGUO,"Describe robo-advisors compatibles con la Shariah y su 'client profiling', pero sin detallar un constructo de riesgo conductual especifico (tolerancia, sesgos).",EXCLUDE,"Excluido por decision explicita del autor de la tesis (2026-08-16): ante la duda sobre ajuste con los criterios de poblacion/constructo/activo, se opta por excluir por precaucion. Registro identificado queda disponible para reconsideracion en fases posteriores si se requiere."
Stock profiling using time–frequency-varying systematic risk measure,"Mestre, Roman",FINANCIAL INNOVATION,2023,10.1186/s40854-023-00457-7,https://doi.org/10.1186/s40854-023-00457-7,FROM_WOS,1.0,Scopus + WoS,WOS:000932069200001,SCOPUS_UI,10.1186/s40854-023-00457-7,MATCH,EXCLUDE,E6,"Modelo cuantitativo de riesgo sistematico variable en tiempo-frecuencia (CAPM) para perfilar acciones; el 'risk profile' es de la accion, no del inversionista.",EXCLUDE,
Loss Aversion Robust Optimization Model Under Distribution and Mean Return Ambiguity,"Wang, Jia and Zhou, Mengchu and Guo, Xiwang and Qi, Liang and Wang, Xu",IEEE TRANSACTIONS ON COMPUTATIONAL SOCIAL SYSTEMS,2023,10.1109/TCSS.2022.3195816,https://doi.org/10.1109/TCSS.2022.3195816,FROM_WOS,1.0,Scopus + WoS,WOS:000846286400001,SCOPUS_UI,10.1109/TCSS.2022.3195816,MATCH,INCLUDE,"I1,I2,I3,I4",Modelo robusto de optimizacion de portafolio con aversion a la perdida y aversion a la ambiguedad para inversionistas conductuales.,INCLUDE,
Relative Growth Rate Optimization Under Behavioral Criterion,"Peng J., Wei P., Xu Z.Q.","SIAM Journal on Financial Mathematics, 14(4)",2023,10.1137/22m1496943,https://doi.org/10.1137/22m1496943,VERIFIED,1.0,Scopus only,,SCOPUS_UI,10.1137/22M1496943,MATCH,INCLUDE,"I1,I2,I3,I4",Optimiza la tasa de crecimiento relativa bajo criterio conductual con teoria de las perspectivas y tolerancia al riesgo del inversionista.,INCLUDE,
Forecasting sovereign risk perception of Brazilian bonds: an evaluation of machine learning prediction accuracy,"Pacheco de Oliveira, Diego Silveira and Montes, Gabriel Caldas",INTERNATIONAL JOURNAL OF EMERGING MARKETS,2023,10.1108/IJOEM-01-2021-0106,https://doi.org/10.1108/IJOEM-01-2021-0106,FROM_WOS,1.0,Scopus + WoS,WOS:000710345000001,SCOPUS_UI,10.1108/IJOEM-01-2021-0106,MATCH,EXCLUDE,E6,"El 'riesgo soberano' aquí es la calificación de agencias crediticias predicha con ML, no un constructo conductual del inversionista individual.",EXCLUDE,
Do investment fund managers behave rationally in the light of central bank communication? Survey evidence from Poland,"Wolski, Rafal and Bolek, Monika and Gajdka, Jerzy and Brzeszczynski, Janusz and Kutan, Ali M. M.",QUALITATIVE RESEARCH IN FINANCIAL MARKETS,2023,10.1108/QRFM-07-2021-0124,https://doi.org/10.1108/QRFM-07-2021-0124,FROM_WOS,1.0,Scopus + WoS,WOS:000927125200001,SCOPUS_UI,10.1108/QRFM-07-2021-0124,MATCH,UNCERTAIN,AMBIGUO,"La población son gestores de fondos como inversionistas institucionales/profesionales, no queda claro si califican como 'inversionistas en general' bajo I1 o como población institucional excluida.",EXCLUDE,"Excluido por decision explicita del autor de la tesis (2026-08-16): ante la duda sobre ajuste con los criterios de poblacion/constructo/activo, se opta por excluir por precaucion. Registro identificado queda disponible para reconsideracion en fases posteriores si se requiere."
Optimal investment problem under behavioral setting: A Lagrange duality perspective,"Bi, Xiuchun and Cui, Zhenyu and Fan, Jiacheng and Yuan, Lvning and Zhang, Shuguang",JOURNAL OF ECONOMIC DYNAMICS \& CONTROL,2023,10.1016/j.jedc.2023.104751,https://doi.org/10.1016/j.jedc.2023.104751,FROM_WOS,1.0,Scopus + WoS,WOS:001100009900001,SCOPUS_UI,10.1016/j.jedc.2023.104751,MATCH,INCLUDE,"I1,I2,I3,I4",Modelo teórico de inversión óptima que incorpora teoría de las perspectivas y aversión a la pérdida en la decisión de inversión en activos financieros.,INCLUDE,
Market Efficiency and Stock Investment Loss Aversion Guide During COVID-19 Pandemic Events: The Case for Applying Data Mining,"Chen, Yen-Chang and Liu, Ying-Sing",SAGE OPEN,2023,10.1177/21582440231215956,https://doi.org/10.1177/21582440231215956,FROM_WOS,1.0,Scopus + WoS,WOS:001129384800001,SCOPUS_UI,10.1177/21582440231215956,MATCH,EXCLUDE,E6,"'Loss aversion' se usa como etiqueta de control de riesgo en un modelo de selección de acciones con árboles de decisión, sin medir el sesgo conductual del inversionista.",EXCLUDE,
Improving risk classification and ratemaking using mixture-of-experts models with random effects,"Tseung S.C., Chan I.W., Fung T.C., Badescu A.L., Lin X.S.","Journal of Risk and Insurance, 90(3)",2023,10.1111/jori.12436,https://doi.org/10.1111/jori.12436,VERIFIED,1.0,Scopus only,,SCOPUS_UI,10.1111/jori.12436,MATCH,EXCLUDE,E5,"Es un modelo actuarial de ratemaking y clasificación de riesgo de pólizas de seguros, sin relación con comportamiento de inversión.",EXCLUDE,
Biased risk perceptions: Evidence from the laboratory and financial markets,"Payzan-LeNestour, Elise and Pradier, Lionnel and Putni, Talis J.",JOURNAL OF BANKING \& FINANCE,2023,10.1016/j.jbankfin.2022.106685,https://doi.org/10.1016/j.jbankfin.2022.106685,FROM_WOS,1.0,Scopus + WoS,WOS:001070334600001,SCOPUS_UI,10.1016/j.jbankfin.2022.106685,MATCH,INCLUDE,"I1,I2,I3,I4",Evidencia experimental y de mercado sobre el sesgo de percepción de riesgo (volatilidad) de inversionistas en activos financieros.,INCLUDE,
Driving Millennials To Be Investors: The Case Of Investment Decision Performance In Indonesian Capital Market,"Darmayanti, Ni Putu Ayu and Wiagustini, Ni Luh Putu and Artini, Luh Gede Sri and Candraningrat, Ica Rika",QUALITY-ACCESS TO SUCCESS,2023,10.47750/QAS/24.196.22,https://doi.org/10.47750/QAS/24.196.22,FROM_WOS,1.0,Scopus + WoS,WOS:001119274500002,SCOPUS_UI,10.47750/QAS/24.196.22,MATCH,INCLUDE,"I1,I2,I3,I4",Estudia tolerancia al riesgo y decisiones de inversión riesgosas de inversionistas millennials individuales en el mercado de capitales indonesio.,INCLUDE,
A K-Means Classification and Entropy Pooling Portfolio Strategy for Small and Large Capitalization Cryptocurrencies,"Mba, Jules Clement and Angaman, Ehounou Serge Eloge Florentin",ENTROPY,2023,10.3390/e25081208,https://doi.org/10.3390/e25081208,FROM_WOS,1.0,Scopus + WoS,WOS:001056514800001,SCOPUS_UI,10.3390/e25081208,MATCH,EXCLUDE,E6,Es una estrategia cuantitativa de optimización de portafolio de criptoactivos; la tolerancia al riesgo del inversionista se menciona solo tangencialmente.,EXCLUDE,
Influence of bull and bear market phase on financial risk tolerance of urban individual investors in an emerging economy,"Arora, Neha and Mishra, Brijesh K.",REVIEW OF BEHAVIORAL FINANCE,2023,10.1108/RBF-05-2021-0087,https://doi.org/10.1108/RBF-05-2021-0087,FROM_WOS,1.0,Scopus + WoS,WOS:000763531800001,SCOPUS_UI,10.1108/RBF-05-2021-0087,MATCH,INCLUDE,"I1,I2,I3,I4",Analiza la tolerancia al riesgo financiero de inversionistas individuales urbanos según fases de mercado alcista/bajista.,INCLUDE,
Behavioral biases of investors in the cryptocurrency market,"Gautam S., Kumar P.","Aip Conference Proceedings, 2782, 020105",2023,10.1063/5.0154194,https://doi.org/10.1063/5.0154194,VERIFIED,1.0,Scopus only,,SCOPUS_UI,10.1063/5.0154194,MATCH,INCLUDE,"I1,I2,I3,I4","Examina heurísticas, efecto manada y tolerancia al riesgo como mediador en decisiones de inversionistas individuales en criptoactivos.",INCLUDE,
"11th International Seminar on New Paradigm and Innovation on Natural Sciences and Its Application, ISNPINSA 2021: Developing Science and Technology Toward the New Normal Era",[No Authors Found],"Aip Conference Proceedings, 2738",2023,,,NOT_FOUND,0.731,Scopus only,,SCOPUS_UI,,NO_NATIVE,EXCLUDE,E7,Es una tabla de contenidos de actas de conferencia multidisciplinaria sin contenido propio sustantivo sobre riesgo conductual de inversionistas.,EXCLUDE,
A data-driven approach to estimating post-discovery parameters of unexplored oilfields,"Pratikto F., Indratno S., Suryadi K., Santoso D.","Petroleum, 9(2)",2023,10.1016/j.petlm.2022.10.001,https://doi.org/10.1016/j.petlm.2022.10.001,VERIFIED,1.0,Scopus only,,SCOPUS_UI,10.1016/j.petlm.2022.10.001,MATCH,EXCLUDE,E6,"Trata sobre estimación técnica de parámetros de yacimientos petroleros para inversionistas, no sobre riesgo conductual ni activos financieros (I4).",EXCLUDE,
Modeling damage accumulation during ground-motion sequences for portfolio seismic loss assessments,"Iacoletti S., Cremen G., Galasso C.","Soil Dynamics and Earthquake Engineering, 168, 107821",2023,10.1016/j.soildyn.2023.107821,https://doi.org/10.1016/j.soildyn.2023.107821,VERIFIED,1.0,Scopus only,,SCOPUS_UI,10.1016/j.soildyn.2023.107821,MATCH,EXCLUDE,E1,"Es ingeniería sísmica/estructural de evaluación de pérdidas de portafolios de edificaciones, sin relación con perfiles conductuales de inversionistas.",EXCLUDE,
Examining the Effect of Fear on Investment Decisions and Interpreting It with Psychological Factors: A Research on Türkiye | Korkunun Yatırım Kararları Üzerindeki Etkisinin İncelenmesi ve Psikolojik Faktörler ile Yorumlanması: Türkiye Üzerine Bir Araştırma,"Ugur A., Tosun N.","Sosyoekonomi, 31(56)",2023,,,NOT_FOUND,0.677,Scopus only,,SCOPUS_UI,10.17233/sosyoekonomi.2023.02.15,NO_DOI,INCLUDE,"I1,I2,I3,I4","Estudia el efecto del miedo, aversión a la pérdida, herding y anclaje sobre las decisiones de inversión en instrumentos financieros.",INCLUDE,
What compliance commitments tell us about U.S. banks?,Semenenko I.,"Journal of Corporate Accounting and Finance, 34(2)",2023,10.1002/jcaf.22595,https://doi.org/10.1002/jcaf.22595,VERIFIED,1.0,Scopus only,,SCOPUS_UI,10.1002/jcaf.22595,MATCH,EXCLUDE,E4,"Analiza el perfil de riesgo regulatorio/institucional de bancos como firmas, sin ángulo de comportamiento del inversionista individual.",EXCLUDE,
Selection of Retirement Saving Plan for a Private-sector Employee in Pakistan,"Naqvi, Bushra and Rizvi, Syed Kumail Abbas and Shahzad, Arsalan",ASIAN JOURNAL OF MANAGEMENT CASES,2023,10.1177/0972820120939363,https://doi.org/10.1177/0972820120939363,FROM_WOS,1.0,Scopus + WoS,WOS:000568328000001,SCOPUS_UI,10.1177/0972820120939363,MATCH,EXCLUDE,E6,"Es un caso de negocio descriptivo sobre selección de plan de pensión, sin examinar ningún constructo de riesgo conductual del inversionista.",EXCLUDE,
Impact of Availability and Loss Aversion Bias on Investment Decision Making of Individual Investors in Tamil Nadu,"Bhuvaneswari C., Vanitha S., Jisham M., John A.","Finance India, 37(1)",2023,,,NOT_FOUND,0.627,Scopus only,,SCOPUS_UI,,NO_NATIVE,INCLUDE,"I1,I2,I3,I4",Analiza el sesgo de disponibilidad y aversión a la pérdida en la decisión de inversión de inversionistas individuales en Tamil Nadu.,INCLUDE,
Exploring the Gaussian investor sentiment process,Coskun S.S.,"Borsa Istanbul Review, 23(2)",2023,10.1016/j.bir.2022.11.012,https://doi.org/10.1016/j.bir.2022.11.012,VERIFIED,1.0,Scopus only,,SCOPUS_UI,10.1016/j.bir.2022.11.012,MATCH,INCLUDE,"I1,I2,I3,I4",Modela el sentimiento del inversionista bajo teoría de las perspectivas y heurísticas de disponibilidad y aversión a la pérdida en mercados accionarios.,INCLUDE,
Needs for Portfolio Risk Assessment of Aging Dams in the United States,"Larrauri P.C., Lall U., Hariri-Ardebili M.A.","Journal of Water Resources Planning and Management, 149(3), 04022083",2023,10.1061/jwrmd5.wreng-5673,https://doi.org/10.1061/jwrmd5.wreng-5673,VERIFIED,1.0,Scopus only,,SCOPUS_UI,10.1061/JWRMD5.WRENG-5673,MATCH,EXCLUDE,E1,"Es evaluación de riesgo de infraestructura física (presas), sin relación con perfiles conductuales de inversionistas.",EXCLUDE,
Risk Factor Disclosures in the US Airline Industry Following the COVID-19 Pandemic,"Penela, Daniela and Palma, Miguel",RISKS,2023,10.3390/risks11020034,https://doi.org/10.3390/risks11020034,FROM_WOS,1.0,Scopus + WoS,WOS:000941788800001,SCOPUS_UI,10.3390/risks11020034,MATCH,EXCLUDE,E4,"Analiza la divulgación de riesgo corporativo de aerolíneas en reportes financieros, sin ángulo de comportamiento del inversionista individual.",EXCLUDE,
Sustainable development of the green bond markets in India: Challenges and strategies,"Bansal, Shashank and Mani, Satya Prakash and Gupta, Himanshu and Maurya, Shipra",SUSTAINABLE DEVELOPMENT,2023,10.1002/sd.2386,https://doi.org/10.1002/sd.2386,FROM_WOS,1.0,Scopus + WoS,WOS:000851496300001,SCOPUS_UI,10.1002/sd.2386,MATCH,EXCLUDE,E6,"El 'perfilamiento de riesgo' se refiere a falta de claridad regulatoria del mercado de bonos verdes, no a un constructo conductual del inversionista.",EXCLUDE,
Effects of Investment Experience on the Stock Investment Task: The Mediating Role of Risk Perception,"Li, Zewei and Wu, Qi and Hong, Pengfei and Tian, Runzhi",BEHAVIORAL SCIENCES,2023,10.3390/bs13020115,https://doi.org/10.3390/bs13020115,FROM_WOS,1.0,Scopus + WoS,WOS:000938254400001,SCOPUS_UI,10.3390/bs13020115,MATCH,INCLUDE,"I1,I2,I3,I4",Experimento de laboratorio sobre percepción de riesgo como mediador entre experiencia previa y comportamiento de inversión de inversionistas novatos.,INCLUDE,
Risk Preference Elicitation and Financial Advice Taking,"Streich, David J.",JOURNAL OF BEHAVIORAL FINANCE,2023,10.1080/15427560.2021.1974444,https://doi.org/10.1080/15427560.2021.1974444,FROM_WOS,1.0,Scopus + WoS,WOS:000694583900001,SCOPUS_UI,10.1080/15427560.2021.1974444,MATCH,INCLUDE,"I1,I2,I3,I4",Compara métodos de elicitación de preferencias/perfil de riesgo del inversionista y su efecto en la aceptación de asesoría financiera.,INCLUDE,
CLASSIFICATION OF REAL ESTATE INVESTMENT AREAS UNDER THE CRITERIA OF THE RISK-RETURN RATIO AND THE INVESTOR'S RISK PROFILE | CLASIFICACIÓN DE ZONAS DE INVERSIÓN INMOBILIARIA BAJO EL CRITERIO DE LA RELACIÓN RENTABILIDAD-RIESGO Y EL PERFIL DEL RIESGO DEL INVERSOR,"Fernandez-Valderrama P., Mendez Alonso J.J., Perez Garcia J.",Proceedings from the International Congress on Project Management and Engineering,2023,,,NOT_FOUND,0.689,Scopus only,,SCOPUS_UI,,NO_NATIVE,UNCERTAIN,AMBIGUO,"Mezcla dominio inmobiliario (activo físico) con perfil de riesgo conductual del inversionista de forma explícita, sin claridad de si el enfoque principal es la inversión financiera (caso ejemplo de la sección UNCERTAIN).",EXCLUDE,"Excluido por decision explicita del autor de la tesis (2026-08-16): ante la duda sobre ajuste con los criterios de poblacion/constructo/activo, se opta por excluir por precaucion. Registro identificado queda disponible para reconsideracion en fases posteriores si se requiere."
"China’s Circular Economy Toward Environmental, Social, and Governance","Poon W.C., Lim C.S.",Contemporary Strategic Chinese American Business Negotiations and Market Entry,2023,10.1007/978-981-19-6986-7_11,https://doi.org/10.1007/978-981-19-6986-7_11,VERIFIED,1.0,Scopus only,,SCOPUS_UI,10.1007/978-981-19-6986-7_11,MATCH,EXCLUDE,E6,"Trata sobre economía circular y ESG a nivel de política gubernamental/empresarial, no sobre un constructo de riesgo conductual del inversionista.",EXCLUDE,
Perception on Investing in Stocks with ESG Relevance: A Descriptive View on Influence of Key Demographic Variables and Risk Profiling of Investors,"Satish R., Saravanan S., Ramachandran N.V.","Eai Endorsed Transactions on Energy Web, 10",2023,10.4108/ew.4270,https://doi.org/10.4108/ew.4270,VERIFIED,1.0,Scopus only,,SCOPUS_UI,10.4108/EW.4270,MATCH,INCLUDE,"I1,I2,I3,I4",Analiza la tolerancia al riesgo y variables demográficas en el perfilamiento de inversionistas individuales que invierten en acciones ESG.,INCLUDE,
Behavioral finance factors and investment decisions: A mediating role of risk perception,"Almansour, Bashar Yaser and Elkrghli, Sabri and Almansour, Ammar Yaser",COGENT ECONOMICS \& FINANCE,2023,10.1080/23322039.2023.2239032,https://doi.org/10.1080/23322039.2023.2239032,FROM_WOS,1.0,Scopus + WoS,WOS:001036277800001,SCOPUS_UI,10.1080/23322039.2023.2239032,MATCH,INCLUDE,"I1,I2,I3,I4","Examina herding, efecto disposición y exceso de confianza mediados por percepción de riesgo en decisiones de inversionistas individuales saudíes.",INCLUDE,
The Behavioural Pattern of Investment in the Financial Market: A Study of the Individual Investors,"Dar, Bakir Illahi and Kumar, Jatinder",GLOBAL BUSINESS REVIEW,2023,10.1177/09721509231192229,https://doi.org/10.1177/09721509231192229,FROM_WOS,1.0,Scopus + WoS,WOS:001070639700001,SCOPUS_UI,10.1177/09721509231192229,MATCH,INCLUDE,"I1,I2,I3,I4","Estudia determinantes conductuales (sesgo cognitivo, percepción de riesgo, exceso de confianza) de la decisión de inversión de inversionistas individuales.",INCLUDE,
Does Cognitive Bias and Risk Perception Impact Investment Decision? Women Investors’ Perspective,"Pushpa A., Singh J.K., Ramirez-Asis N., ... Fernandez-Celestino W., Acosta-Ponce W.","Studies in Computational Intelligence, 1113",2023,10.1007/978-3-031-43300-9_31,https://doi.org/10.1007/978-3-031-43300-9_31,VERIFIED,1.0,Scopus only,,SCOPUS_UI,10.1007/978-3-031-43300-9_31,MATCH,INCLUDE,"I1,I2,I3,I4","Analiza contabilidad mental, anclaje y percepción de riesgo en decisiones de inversión de mujeres inversionistas individuales.",INCLUDE,
The Factors Influencing Investor’s Decision towards Invest in Equity Shares in Tumkur District,"Naveen Kumar T.S., Gowd M.S., Amith D.","14th International Conference on Advances in Computing Control and Telecommunication Technologies Act 2023, 2023-June",2023,,,NOT_FOUND,0.733,Scopus only,,SCOPUS_UI,,NO_NATIVE,INCLUDE,"I1,I2,I3,I4",Usa la tolerancia al riesgo como variable interviniente en la decisión de inversión en acciones de inversionistas individuales.,INCLUDE,
Behavioral biases affecting investment decisions of capital market investors in Bangladesh: A behavioral finance approach,"Yasmin F., Ferdaous J.","Investment Management and Financial Innovations, 20(2)",2023,10.21511/imfi.20(2).2023.13,https://doi.org/10.21511/imfi.20(2).2023.13,VERIFIED,1.0,Scopus only,,SCOPUS_UI,10.21511/imfi.20(2).2023.13,MATCH,INCLUDE,"I1,I2,I3,I4","Identifica sesgos conductuales (aversión a la pérdida, exceso de confianza, herding) en decisiones de inversión de inversionistas individuales.",INCLUDE,
Risk tolerance as mediating factor in individual financial investment decisions: a developing-country study,"Hussain S., Rasheed A.","Journal for Studies in Economics and Econometrics, 47(2)",2023,10.1080/03796205.2023.2218053,https://doi.org/10.1080/03796205.2023.2218053,VERIFIED,1.0,Scopus only,,SCOPUS_UI,10.1080/03796205.2023.2218053,MATCH,INCLUDE,"I1,I2,I3,I4","Estudia la tolerancia al riesgo como mediador entre literacidad financiera, personalidad, exceso de confianza y decisión de inversión individual.",INCLUDE,
The Analysis Level of Optimism that Influence Investor’s Risk Tolerance in Asset Allocation | Analisis Tahap Optimisme yang Mempengaruhi Toleransi Risiko Pelabur dalam Peruntukan Saham,"Abidin S.N.Z., Jaaman S.H., Bakar A.S.A.","Sains Malaysiana, 52(10)",2023,,,NOT_FOUND,0.667,Scopus only,,SCOPUS_UI,10.17576/jsm-2023-5210-20,NO_DOI,INCLUDE,"I1,I2,I3,I4",Propone un modelo que combina tolerancia al riesgo y optimismo del inversionista para la asignación de activos accionarios.,INCLUDE,
"Investigating the Antecedents of Investment Intention and the Mediating Effect of Investment Self-efficacy among Young Adults in Shandong, China","Lim T.S., Qi P.C.","Global Business and Finance Review, 28(2)",2023,10.17549/gbfr.2023.28.2.1,https://doi.org/10.17549/gbfr.2023.28.2.1,VERIFIED,1.0,Scopus only,,SCOPUS_UI,10.17549/gbfr.2023.28.2.1,MATCH,INCLUDE,"I1,I2,I3,I4",Examina la autoeficacia de inversión y percepción de riesgo como mediadores de la intención de inversión financiera en jóvenes.,INCLUDE,
Demography of Investors and Behavioral Biases - An Empirical Study,"Bushra, Srivastav S., Pandey A.","Scms Journal of Indian Management, 20(1)",2023,,,NOT_FOUND,0.429,Scopus only,,SCOPUS_UI,,NO_NATIVE,INCLUDE,"I1,I2,I3,I4","Analiza anclaje, contabilidad mental, exceso de confianza, herding y aversión a la pérdida en inversionistas minoristas.",INCLUDE,
Harnessing Behavioral Traits to Enhance Financial Stock Recommender Systems: Tackling the User Cold Start Problem,"Takayanagi T., Izumi K.",Proceedings 2023 IEEE International Conference on Big Data Bigdata 2023,2023,10.1109/bigdata59044.2023.10386644,https://doi.org/10.1109/bigdata59044.2023.10386644,VERIFIED,1.0,Scopus only,,SCOPUS_UI,10.1109/BigData59044.2023.10386644,MATCH,INCLUDE,"I1,I2,I3,I4",Incorpora rasgos conductuales y tolerancia al riesgo de inversionistas individuales en un sistema de recomendación de acciones.,INCLUDE,
Financial Literacy and Heuristic Driven Biases: The Role of Risk Perception,"Kathpal, Shashank and Akhtar, Asif and Zaheer, Asma",REVIEW OF BEHAVIORAL ECONOMICS,2023,10.1561/105.00000177,https://doi.org/10.1561/105.00000177,FROM_WOS,1.0,Scopus + WoS,WOS:001106557500001,SCOPUS_UI,10.1561/105.00000177,MATCH,INCLUDE,"I1,I2,I3,I4","Examina sesgos heurísticos (exceso de confianza, anclaje) y percepción de riesgo de inversionistas individuales en India.",INCLUDE,
AN EMPIRICAL INVESTIGATION ON INVESTOR PSYCHOLOGICAL BIASES,Khalaf B.A.,"Corporate and Business Strategy Review, 4(2)",2023,10.22495/cbsrv4i2art1,https://doi.org/10.22495/cbsrv4i2art1,VERIFIED,1.0,Scopus only,,SCOPUS_UI,10.22495/cbsrv4i2art1,MATCH,INCLUDE,"I1,I2,I3,I4","Estudia exceso de confianza, aversión a la pérdida y anclaje en decisiones financieras de inversionistas jordanos.",INCLUDE,
Disposition Effect: Brazilian Investors' Behavior during the Covid-19 Pandemic,"de Albuquerque Barreto P.L., da Silveira Barbedo C.H., Camilo-Da-Silva E.","Brazilian Business Review, 20(1)",2023,10.15728/bbr.2023.20.1.1.en,https://doi.org/10.15728/bbr.2023.20.1.1.en,VERIFIED,1.0,Scopus only,,SCOPUS_UI,10.15728/bbr.2023.20.1.1.en,MATCH,INCLUDE,"I1,I2,I3,I4",Analiza el efecto disposición en el comportamiento de trading de inversionistas brasileños durante la pandemia.,INCLUDE,
Predicting the financial behavior of Indian salaried-class individuals,"Mulasi A., Mathew J., Desai K.","Investment Management and Financial Innovations, 20(1)",2023,10.21511/imfi.20(1).2023.03,https://doi.org/10.21511/imfi.20(1).2023.03,VERIFIED,1.0,Scopus only,,SCOPUS_UI,10.21511/imfi.20(1).2023.03,MATCH,INCLUDE,"I1,I2,I3,I4","Examina conservadurismo, herding y autoeficacia financiera de inversionistas asalariados individuales.",INCLUDE,
Investor Behavior during Periods of Crises: The Chinese Funds Market during the 2020 Pandemic,"Marjerison R.K., Han L., Chen J.","Review of Integrative Business and Economics Research, 12(1)",2023,,,NOT_FOUND,0.531,Scopus only,,SCOPUS_UI,,NO_NATIVE,INCLUDE,"I1,I2,I3,I4","Analiza aversión al riesgo, heurísticas, prospecto y herding en el comportamiento de inversionistas de fondos durante la pandemia.",INCLUDE,
Is the investor's reliance on cognition and emotional regulation predict preference for selecting value versus growth stocks?,"Ahmad, Fawad and Oriani, Raffaele",EUROPEAN JOURNAL OF FINANCE,2023,10.1080/1351847X.2022.2086478,https://doi.org/10.1080/1351847X.2022.2086478,FROM_WOS,1.0,Scopus + WoS,WOS:000812658100001,SCOPUS_UI,10.1080/1351847X.2022.2086478,MATCH,INCLUDE,"I1,I2,I3,I4",Examina la regulación emocional y el estilo cognitivo del inversionista en la selección de acciones de valor versus crecimiento.,INCLUDE,
Big Five Personality Traits and Financial Literacy: Effect on Risk Tolerance of Filipino Investors from Higher Education Institutions in Metro Manila,"Mendoza D.M., Padernal A.M.G., Pante E.M.S., Magbata E.V.S., Mandigma M.B.S.","Review of Integrative Business and Economics Research, 12(2)",2023,,,NOT_FOUND,0.636,Scopus only,,SCOPUS_UI,,NO_NATIVE,INCLUDE,"I1,I2,I3,I4",Analiza el efecto de rasgos de personalidad y literacidad financiera sobre la tolerancia al riesgo de inversionistas filipinos.,INCLUDE,
An Application of the IFM Method for the Risk Assessment of Financial Instruments,"Pons, Adria and Cristobal-Fransi, Eduard and Vintro, Carla and Rius, Josep and Querol, Oriol and Vilaplana, Jordi",COMPUTATIONAL ECONOMICS,2023,10.1007/s10614-021-10208-4,https://doi.org/10.1007/s10614-021-10208-4,FROM_WOS,1.0,Scopus + WoS,WOS:000707903900003,SCOPUS_UI,10.1007/s10614-021-10208-4,MATCH,EXCLUDE,E6,"Es un método cuantitativo (IFM, GARCH, cópulas) de predicción de VaR de instrumentos financieros, sin examinar un constructo conductual del inversionista.",EXCLUDE,
The Role of Asset Ownership in PSS Theory: An Insight from Expert Interviews,"Stoll O., West S., Pirola F., Sala R.","IFIP Advances in Information and Communication Technology, 692 AICT",2023,10.1007/978-3-031-43688-8_29,https://doi.org/10.1007/978-3-031-43688-8_29,VERIFIED,1.0,Scopus only,,SCOPUS_UI,10.1007/978-3-031-43688-8_29,MATCH,EXCLUDE,E6,"Trata sobre sistemas producto-servicio (servitización) y propiedad de activos industriales, no sobre riesgo conductual de inversionistas.",EXCLUDE,
The EU Taxonomy's (Potential) Effects on the Banking Sector and Bank Lending to Firms,Kirschenmann K.,"Economists Voice, 19(2)",2022,10.1515/ev-2022-0027,https://doi.org/10.1515/ev-2022-0027,VERIFIED,1.0,Scopus only,,SCOPUS_UI,10.1515/ev-2022-0027,MATCH,EXCLUDE,E4,"Analiza el perfil de riesgo ESG de firmas y el crédito bancario corporativo, sin ángulo conductual del inversionista individual.",EXCLUDE,
Measuring the gap between elicited and revealed risk for investors: An empirical study,"Thompson J.R.J., Feng L., Reesor R.M., Grace C., Metzler A.","Financial Planning Review, 5(4), e1151",2022,10.1002/cfp2.1151,https://doi.org/10.1002/cfp2.1151,VERIFIED,1.0,Scopus only,,SCOPUS_UI,10.1002/cfp2.1151,MATCH,INCLUDE,"I1,I2,I3,I4",Compara el riesgo elicitado y revelado (tolerancia al riesgo) de clientes inversionistas frente a su asignación real de portafolio.,INCLUDE,
Unsupervised machine learning to reveal South African risk behaviour archetypes in the domain of discretionary investment decisions,"Nixon, Paul and Gilbert, Evan",JOURNAL OF BEHAVIORAL AND EXPERIMENTAL FINANCE,2022,10.1016/j.jbef.2022.100757,https://doi.org/10.1016/j.jbef.2022.100757,FROM_WOS,1.0,Scopus + WoS,WOS:000867432800005,SCOPUS_UI,10.1016/j.jbef.2022.100757,MATCH,INCLUDE,"I1,I2,I3,I4","Identifica arquetipos de comportamiento de riesgo (aversión a la pérdida, búsqueda de riesgo) en decisiones discrecionales de inversión individual.",INCLUDE,
The Influence of Social and Personal Factors in Individual Investment Decision Making,"Pa, Andiena Nindya Putri and Wiksuana, IGB. and Suartana, I. Wayan and Artini, Luh Gede Sri",QUALITY-ACCESS TO SUCCESS,2022,10.47750/QAS/23.191.10,https://doi.org/10.47750/QAS/23.191.10,FROM_WOS,1.0,Scopus + WoS,WOS:000935175300009,SCOPUS_UI,10.47750/QAS/23.191.10,MATCH,INCLUDE,"I1,I2,I3,I4","Examina tolerancia al riesgo, literacidad financiera y percepción de riesgo social en la decisión de inversión de mujeres individuales.",INCLUDE,
Behavioural Bias: Does it Affect an Investor's Rationality?,"Joshi C.S., Badola S., Chopra G.","Scms Journal of Indian Management, 19(4)",2022,,,NOT_FOUND,0.526,Scopus only,,SCOPUS_UI,,NO_NATIVE,INCLUDE,"I1,I2,I3,I4","Analiza aversión a la pérdida, statu quo y sesgo de optimismo en la decisión de inversión de inversionistas individuales indios.",INCLUDE,
A Multimodal Affective Sensing Model for Constructing a Personality-Based Financial Advisor System,"Lee, Chung-Hong and Yang, Hsin-Chang and Su, Xuan-Qi and Tang, Yao-Xiang",APPLIED SCIENCES-BASEL,2022,10.3390/app121910066,https://doi.org/10.3390/app121910066,FROM_WOS,1.0,Scopus + WoS,WOS:000866793500001,SCOPUS_UI,10.3390/app121910066,MATCH,INCLUDE,"I1,I2,I3,I4",Relaciona rasgos de personalidad con la tolerancia al riesgo del inversionista para un sistema de asesoría financiera.,INCLUDE,
Does the Adaptive Market Hypothesis Reconcile the Behavioral Finance and the Efficient Market Hypothesis?,"Noreen, Umara and Shafique, Attayah and Ayub, Usman and Saeed, Syed Kashif",RISKS,2022,10.3390/risks10090168,https://doi.org/10.3390/risks10090168,FROM_WOS,1.0,Scopus + WoS,WOS:000859642500001,SCOPUS_UI,10.3390/risks10090168,MATCH,INCLUDE,"I1,I2,I3,I4",Usa el comportamiento miope frente a pérdidas (aversión a la pérdida) de inversionistas como proxy de comportamiento adaptativo de mercado.,INCLUDE,
Artificial humanity: Smart tooling to implement the human touch in digital investing,Vandenbroucke J.,"Journal of Digital Banking, 7(2)",2022,10.69554/yywp7445,https://doi.org/10.69554/yywp7445,VERIFIED,1.0,Scopus only,,SCOPUS_UI,10.69554/YYWP7445,MATCH,UNCERTAIN,AMBIGUO,"El abstract es genérico sobre digitalización de servicios de inversión y comprensión del comportamiento humano, sin evidencia sustantiva sobre un constructo específico de riesgo conductual.",EXCLUDE,"Excluido por decision explicita del autor de la tesis (2026-08-16): ante la duda sobre ajuste con los criterios de poblacion/constructo/activo, se opta por excluir por precaucion. Registro identificado queda disponible para reconsideracion en fases posteriores si se requiere."
"Disposition bias among Borsa Istanbul investors: What do we know about type, size and trading frequency?","Kahya, Evrim Hilal and Ekinci, Cumhur",JOURNAL OF BEHAVIORAL AND EXPERIMENTAL FINANCE,2022,10.1016/j.jbef.2022.100682,https://doi.org/10.1016/j.jbef.2022.100682,FROM_WOS,1.0,Scopus + WoS,WOS:000911783000002,SCOPUS_UI,10.1016/j.jbef.2022.100682,MATCH,INCLUDE,"I1,I2,I3,I4","Analiza el sesgo de disposición según tipo, tamaño y frecuencia de trading de inversionistas de la bolsa de Estambul.",INCLUDE,
Do Investor Overconfidence and Loss Aversion Drive Saudi Firm Market Performance? The Moderating Effect of Corporate Governance,"Aljughaiman, Abdullah A. and Chebbi, Kaouther E.",SUSTAINABILITY,2022,10.3390/su141610072,https://doi.org/10.3390/su141610072,FROM_WOS,1.0,Scopus + WoS,WOS:000845228800001,SCOPUS_UI,10.3390/su141610072,MATCH,INCLUDE,"I1,I2,I3,I4",Examina el exceso de confianza y la aversión a la pérdida de los inversionistas como sesgos que afectan el valor de mercado de firmas saudíes.,INCLUDE,
Investor Segments by Perceived Project Risk and Their Characteristics Based on Primary Research Results,"Garai-Fodor M., Szemere T.P., Csiszarik-Kocsir A.","Risks, 10(8), 159",2022,10.3390/risks10080159,https://doi.org/10.3390/risks10080159,VERIFIED,1.0,Scopus only,,SCOPUS_UI,10.3390/risks10080159,MATCH,UNCERTAIN,AMBIGUO,"No queda claro si los 'proyectos de inversión' analizados corresponden a activos financieros o a proyectos físicos/de desarrollo, pese al enfoque conductual de percepción de riesgo.",EXCLUDE,"Excluido por decision explicita del autor de la tesis (2026-08-16): ante la duda sobre ajuste con los criterios de poblacion/constructo/activo, se opta por excluir por precaucion. Registro identificado queda disponible para reconsideracion en fases posteriores si se requiere."
Are Firms Biasing Stakeholder Expectations by Attributing Prior Poor Performance to COVID-19?,Desai H.,"Iim Kozhikode Society and Management Review, 11(2)",2022,10.1177/22779752211061207,https://doi.org/10.1177/22779752211061207,VERIFIED,1.0,Scopus only,,SCOPUS_UI,10.1177/22779752211061207,MATCH,EXCLUDE,E4,"Analiza la divulgación corporativa de factores de riesgo en reportes SEC de firmas, sin ángulo conductual del inversionista individual.",EXCLUDE,
Behavioural biases affecting investors’ decision-making process: a scale development approach,"Jain, Jinesh and Walia, Nidhi and Kaur, Manpreet and Singh, Simarjeet",MANAGEMENT RESEARCH REVIEW,2022,10.1108/MRR-02-2021-0139,https://doi.org/10.1108/MRR-02-2021-0139,FROM_WOS,1.0,Scopus + WoS,WOS:000724819600001,SCOPUS_UI,10.1108/MRR-02-2021-0139,MATCH,INCLUDE,"I1,I2,I3,I4","Desarrolla una escala multidimensional de sesgos conductuales (disponibilidad, herding, anclaje, aversión a la pérdida) de inversionistas individuales en acciones.",INCLUDE,
Do sustainable institutional investors contribute to firms’ environmental performance? Empirical evidence from Europe,"Kordsachia, Othar and Focke, Maximilian and Velte, Patrick",REVIEW OF MANAGERIAL SCIENCE,2022,10.1007/s11846-021-00484-7,https://doi.org/10.1007/s11846-021-00484-7,FROM_WOS,1.0,Scopus + WoS,WOS:000679027300001,SCOPUS_UI,10.1007/s11846-021-00484-7,MATCH,EXCLUDE,E4,"Analiza el efecto de la propiedad institucional sostenible sobre el desempeño ambiental corporativo, sin ángulo conductual del inversionista individual.",EXCLUDE,
"Carbon market and the conventional and Islamic equity markets: Where lays the environmental cleanliness of their utilities, energy, and ESG sectoral stocks?","Asl M.G., Adekoya O.B., Oliyide J.A.","Journal of Cleaner Production, 351, 131523",2022,10.1016/j.jclepro.2022.131523,https://doi.org/10.1016/j.jclepro.2022.131523,VERIFIED,1.0,Scopus only,,SCOPUS_UI,10.1016/j.jclepro.2022.131523,MATCH,EXCLUDE,E6,"Es un análisis cuantitativo de dependencia entre mercado de carbono y retornos sectoriales, sin constructo conductual del inversionista.",EXCLUDE,
Do sociodemographic factors have influence on risk tolerance level of stock market investors? An analysis from a developing country perspective,"Muktadir-Al-Mukit, Dewan",SOUTH ASIAN JOURNAL OF BUSINESS STUDIES,2022,10.1108/SAJBS-11-2019-0193,https://doi.org/10.1108/SAJBS-11-2019-0193,FROM_WOS,1.0,Scopus + WoS,WOS:000600146500001,SCOPUS_UI,10.1108/SAJBS-11-2019-0193,MATCH,INCLUDE,"I1,I2,I3,I4",Analiza factores sociodemográficos que influyen en el nivel de tolerancia al riesgo de inversionistas minoristas del mercado accionario.,INCLUDE,
Moderating Role of Information Asymmetry Between Cognitive Biases and Investment Decisions: A Mediating Effect of Risk Perception,"Zhang, Mingming and Nazir, Mian Sajid and Farooqi, Rabia and Ishfaq, Muhammad",FRONTIERS IN PSYCHOLOGY,2022,10.3389/fpsyg.2022.828956,https://doi.org/10.3389/fpsyg.2022.828956,FROM_WOS,1.0,Scopus + WoS,WOS:000788793600001,SCOPUS_UI,10.3389/fpsyg.2022.828956,MATCH,UNCERTAIN,AMBIGUO,"Mezcla dominio inmobiliario (inversionistas de bienes raíces) con sesgos cognitivos y percepción de riesgo explícitos, sin claridad de si es literatura de activos financieros.",EXCLUDE,"Excluido por decision explicita del autor de la tesis (2026-08-16): ante la duda sobre ajuste con los criterios de poblacion/constructo/activo, se opta por excluir por precaucion. Registro identificado queda disponible para reconsideracion en fases posteriores si se requiere."
Examining Risk Absorption Capacity as a Mediating Factor in the Relationship between Cognition and Neuroplasticity in Investors in Investment Decision Making,"Behera, Yadav Devi Prasad and Nanda, Sudhansu Sekhar and Sharma, Shibani and Sahoo, Tushar Ranjan",INTERNATIONAL JOURNAL OF FINANCIAL STUDIES,2022,10.3390/ijfs10010021,https://doi.org/10.3390/ijfs10010021,FROM_WOS,1.0,Scopus + WoS,WOS:000775262400001,SCOPUS_UI,10.3390/ijfs10010021,MATCH,INCLUDE,"I1,I2,I3,I4",Examina la capacidad de absorción de riesgo y la cognición de inversionistas minoristas individuales en su decisión de invertir en el mercado accionario.,INCLUDE,
Dividend announcement effect analysis before and during the COVID-19 pandemic in the Indonesia Stock Exchange,"Robiyanto R., Yunitaria F.","SN Business and Economics, 2(2), 20",2022,10.1007/s43546-021-00198-8,https://doi.org/10.1007/s43546-021-00198-8,VERIFIED,1.0,Scopus only,,SCOPUS_UI,10.1007/s43546-021-00198-8,MATCH,EXCLUDE,E6,Es un estudio de eventos sobre volatilidad de mercado ante anuncios de dividendos; el 'perfilamiento de riesgo' aparece solo tangencialmente.,EXCLUDE,
Overconfidence heuristic-driven bias in investment decision-making and performance: mediating effects of risk perception and moderating effects of financial literacy,"Ahmad, Maqsood and Shah, Syed Zulfiqar Ali",JOURNAL OF ECONOMIC AND ADMINISTRATIVE SCIENCES,2022,10.1108/JEAS-07-2020-0116,https://doi.org/10.1108/JEAS-07-2020-0116,FROM_WOS,1.0,Scopus + WoS,WOS:000599969000001,SCOPUS_UI,10.1108/JEAS-07-2020-0116,MATCH,INCLUDE,"I1,I2,I3,I4",Examina el exceso de confianza y la percepción de riesgo como mediadores de la decisión de inversión de inversionistas individuales paquistaníes.,INCLUDE,
Impacts on catastrophe risk assessments from multi-segment and multi-fault ruptures in the UCERF3 model,"Lee Y., Hui Z., Daneshvaran S., Sedaghati F., Graf W.P.","Earthquake Spectra, 38(1)",2022,10.1177/87552930211042038,https://doi.org/10.1177/87552930211042038,VERIFIED,1.0,Scopus only,,SCOPUS_UI,10.1177/87552930211042038,MATCH,EXCLUDE,E1,"Es un modelo sismológico/de ingeniería de riesgo catastrófico de portafolios de edificaciones, sin relación con perfiles conductuales de inversionistas.",EXCLUDE,
What makes risk-averse investors tick? A practitioners guide,"Van den Bergh-Lindeque, Anzel and Ferreira-Schenk, Sune and Dickason-Koekemoer, Zandri and Habanabakize, Thomas",COGENT ECONOMICS \& FINANCE,2022,10.1080/23322039.2022.2111786,https://doi.org/10.1080/23322039.2022.2111786,FROM_WOS,1.0,Scopus + WoS,WOS:000842369700001,SCOPUS_UI,10.1080/23322039.2022.2111786,MATCH,INCLUDE,"I1,I2,I3,I4",Propone un modelo para perfilar la tolerancia al riesgo de inversionistas individuales aversos al riesgo.,INCLUDE,
Energy efficiency finance and Multiple Benefits - two sides of the same coin,"Toth Z., Rohde C.",Eceee Summer Study Proceedings,2022,10.1016/j.enpol.2019.111070,https://doi.org/10.1016/j.enpol.2019.111070,UNCERTAIN,0.754,Scopus only,,SCOPUS_UI,,NO_NATIVE,EXCLUDE,E6,"Trata sobre financiamiento y beneficios múltiples de eficiencia energética a nivel institucional/de políticas, sin constructo conductual del inversionista individual.",EXCLUDE,
History matters: How short-term price charts hurt investment performance,"Borsboom, Charlotte and Janssen, Dirk-Jan and Strucks, Markus and Zeisberger, Stefan",JOURNAL OF BANKING \& FINANCE,2022,10.1016/j.jbankfin.2021.106351,https://doi.org/10.1016/j.jbankfin.2021.106351,FROM_WOS,1.0,Scopus + WoS,WOS:000720289700001,SCOPUS_UI,10.1016/j.jbankfin.2021.106351,MATCH,INCLUDE,"I1,I2,I3,I4",Experimento controlado con inversionistas minoristas sobre cómo el marco temporal de gráficos de precios afecta su comportamiento de trading y toma de riesgo.,INCLUDE,
Behavioral Biases and the Decision-Making in Entrepreneurs and Managers | Vieses Comportamentais e a Tomada de Decisão em Empreendedores e Gestores,"Nobre F.C., Machado M.J.C., Nobre L.H.N.","Revista De Administracao Contemporanea, 26, e200369",2022,,,NOT_FOUND,0.657,Scopus only,,SCOPUS_UI,10.1590/1982-7849rac2022200369.en,NO_DOI,EXCLUDE,E4,"Los sesgos conductuales se estudian en emprendedores/gerentes que invierten en activos reales dentro de sus organizaciones, un contexto corporativo, no de inversionistas individuales en mercados financieros.",EXCLUDE,
Discriminants of risk tolerance among Indian investors: a dichotomous discriminant approach,"Chhatoi, Biswajit Prasad and Mohanty, Munmun",INTERNATIONAL JOURNAL OF MANAGERIAL AND FINANCIAL ACCOUNTING,2023,10.1504/IJMFA.2023.127528,https://doi.org/10.1504/IJMFA.2023.127528,FROM_WOS,1.0,Scopus + WoS,WOS:000895297100005,SCOPUS_UI,10.1504/ijmfa.2023.127528,MATCH,INCLUDE,"I1,I2,I3,I4","El estudio identifica discriminantes de la tolerancia al riesgo financiero en inversionistas individuales indios mediante analisis discriminante, cumpliendo poblacion, constructo conductual y marco de clasificacion.",INCLUDE,
Donald Duck: a narrative that embeds behavioral finance?,"Kleine, Jens and Peschke, Thomas and Wuschick, Anna",STUDIES IN ECONOMICS AND FINANCE,2022,10.1108/SEF-12-2021-0521,https://doi.org/10.1108/SEF-12-2021-0521,FROM_WOS,1.0,Scopus + WoS,WOS:000775155000001,SCOPUS_UI,10.1108/SEF-12-2021-0521,MATCH,EXCLUDE,E6,"El articulo analiza sesgos de finanzas conductuales en narrativas de comics (Donald Duck), sin poblacion real de inversionistas ni evidencia empirica/teorica sobre inversion financiera.",EXCLUDE,
Stock Market Investment Behavior Based on Behavioral Finance Based on Data Fusion Algorithm,"Yuan F., Zhan H.",IETE Journal of Research,2022,10.1080/03772063.2021.2016507,https://doi.org/10.1080/03772063.2021.2016507,VERIFIED,1.0,Scopus only,,SCOPUS_UI,10.1080/03772063.2021.2016507,MATCH,INCLUDE,"I1,I2,I3,I4","Examina el comportamiento de inversion de inversionistas individuales en el mercado bursatil desde la optica de las finanzas conductuales, con sesgos psicologicos de percepcion de riesgo.",INCLUDE,
Portfolio Optimization by Asset Allocation,"Safiudeen M., Miraz M.H.",Proceedings 2022 International Conference on Computing Networking Telecommunications and Engineering Sciences Applications Contesa 2022,2022,,,NOT_FOUND,0.597,Scopus only,,SCOPUS_UI,10.1109/CoNTESA57046.2022.10011354,NO_DOI,UNCERTAIN,AMBIGUO,"Es una revision general de teoria de asignacion de activos y construccion de portafolios que menciona tangencialmente la tolerancia al riesgo, sin evidencia sustantiva centrada en el constructo conductual.",EXCLUDE,"Excluido por decision explicita del autor de la tesis (2026-08-16): ante la duda sobre ajuste con los criterios de poblacion/constructo/activo, se opta por excluir por precaucion. Registro identificado queda disponible para reconsideracion en fases posteriores si se requiere."
Behavioral Heterogeneity in the Stock Market Revisited: What Factors Drive Investors as Fundamentalists or Chartists?,"Li, Leon and Miu, Peter",JOURNAL OF BEHAVIORAL FINANCE,2022,10.1080/15427560.2020.1841767,https://doi.org/10.1080/15427560.2020.1841767,FROM_WOS,1.0,Scopus + WoS,WOS:000586094700001,SCOPUS_UI,10.1080/15427560.2020.1841767,MATCH,INCLUDE,"I1,I2,I3,I4",Estudia la heterogeneidad conductual de inversionistas bursatiles (fundamentalistas vs. chartistas) y el horizonte de inversion como determinante conductual explicito.,INCLUDE,
Influence of COVID-induced fear on sovereign bond yield,"Paule-Vianez, Jessica and Orden-Cruz, Carmen and Escamilla-Solano, Sandra",ECONOMIC RESEARCH-EKONOMSKA ISTRAZIVANJA,2022,10.1080/1331677X.2021.1934509,https://doi.org/10.1080/1331677X.2021.1934509,FROM_WOS,1.0,Scopus + WoS,WOS:000658641100001,SCOPUS_UI,10.1080/1331677X.2021.1934509,MATCH,EXCLUDE,E6,"El estudio analiza el efecto del miedo por COVID-19 en la percepcion de riesgo pais y el rendimiento de bonos soberanos a nivel macro, sin abordar el perfil conductual de inversionistas individuales.",EXCLUDE,
OPTIMAL MANAGEMENT OF OFFSHORE WIND ASSETS AT DIFFERENT STAGES OF LIFE EXTENSION ACCOUNTING FOR UNCERTAINTY PROPAGATION,"Yeter B., Garbatov Y., Soares C.G.","Proceedings of the International Conference on Offshore Mechanics and Arctic Engineering OMAE, 2, V002T02A060",2022,10.1115/omae2022-78185,https://doi.org/10.1115/omae2022-78185,VERIFIED,1.0,Scopus only,,SCOPUS_UI,10.1115/OMAE2022-78185,MATCH,EXCLUDE,E2,"Trata sobre gestion optima de activos fisicos de parques eolicos offshore mediante teoria de portafolio, sin angulo conductual del inversionista.",EXCLUDE,
Computer Vision Based Industrial and Forest Fire Detection Using Support Vector Machine (SVM),"Rahman M.A., Hasan S.T., Kader M.A.",2022 International Conference on Innovations in Science Engineering and Technology Iciset 2022,2022,10.1109/iciset54810.2022.9775775,https://doi.org/10.1109/iciset54810.2022.9775775,VERIFIED,1.0,Scopus only,,SCOPUS_UI,10.1109/ICISET54810.2022.9775775,MATCH,EXCLUDE,E6,"El articulo trata sobre deteccion de incendios mediante vision por computador, sin relacion alguna con inversionistas ni riesgo conductual.",EXCLUDE,
"Multiscale spillovers and connectedness between gold, copper, oil, wheat and currency markets","Nekhili R., Mensi W., Vo X.V.","Resources Policy, 74, 102263",2021,10.1016/j.resourpol.2021.102263,https://doi.org/10.1016/j.resourpol.2021.102263,VERIFIED,1.0,Scopus only,,SCOPUS_UI,10.1016/j.resourpol.2021.102263,MATCH,EXCLUDE,E6,"Analiza el contagio de volatilidad y retorno entre mercados de commodities y divisas, sin abordar el perfil conductual del inversionista individual.",EXCLUDE,
Machine-learning based vulnerability analysis of existing buildings,"Ruggieri S., Cardellicchio A., Leggieri V., Uva G.","Automation in Construction, 132, 103936",2021,10.1016/j.autcon.2021.103936,https://doi.org/10.1016/j.autcon.2021.103936,VERIFIED,1.0,Scopus only,,SCOPUS_UI,10.1016/j.autcon.2021.103936,MATCH,EXCLUDE,E1,"Presenta un marco de aprendizaje automatico para el analisis de vulnerabilidad sismica de edificios existentes, un riesgo de infraestructura fisica sin relacion con perfiles conductuales de inversionistas.",EXCLUDE,
Artificial intelligence in financial services: a qualitative research to discover robo-advisory services,"Bhatia, Ankita and Chandani, Arti and Atiq, Rizwana and Mehta, Mita and Divekar, Rajiv",QUALITATIVE RESEARCH IN FINANCIAL MARKETS,2021,10.1108/QRFM-10-2020-0199,https://doi.org/10.1108/QRFM-10-2020-0199,FROM_WOS,1.0,Scopus + WoS,WOS:000693641100001,SCOPUS_UI,10.1108/QRFM-10-2020-0199,MATCH,INCLUDE,"I1,I2,I3,I4",Explora la percepcion y sesgos conductuales de inversionistas individuales indios frente a los robo-advisors y el perfilamiento de riesgo.,INCLUDE,
Examining drivers and deterrents of individuals’ investment intentions: a qualitative multistage analysis,"Misra, Rupali and Goel, Puneeta and Srivastava, Sumita",QUALITATIVE RESEARCH IN FINANCIAL MARKETS,2021,10.1108/QRFM-07-2020-0135,https://doi.org/10.1108/QRFM-07-2020-0135,FROM_WOS,1.0,Scopus + WoS,WOS:000703540300001,SCOPUS_UI,10.1108/QRFM-07-2020-0135,MATCH,INCLUDE,"I1,I2,I3,I4","Identifica impulsores y disuasores conductuales (autoeficacia financiera, entre otros) de la intencion de inversion de inversionistas minoristas, proponiendo una clasificacion conductual.",INCLUDE,
Why retail investors traded equity during the pandemic? An application of artificial neural networks to examine behavioral biases,"Talwar, Shalini and Talwar, Manish and Tarjanne, Visa and Dhir, Amandeep",PSYCHOLOGY \& MARKETING,2021,10.1002/mar.21550,https://doi.org/10.1002/mar.21550,FROM_WOS,1.0,Scopus + WoS,WOS:000678885300001,SCOPUS_UI,10.1002/mar.21550,MATCH,INCLUDE,"I1,I2,I3,I4","Examina el efecto de ocho sesgos conductuales (exceso de confianza, aversion a la perdida, efecto manada, etc.) en la actividad de trading de inversionistas minoristas durante la pandemia.",INCLUDE,
Cognitive biases on the iran stock exchange: Unsupervised learning approach to examining feature bundles in investors’ portfolios,"Ossareh, Adele and Pourjafar, Mohammad Saeed and Kopczewski, Tomasz",APPLIED SCIENCES-BASEL,2021,10.3390/app112210916,https://doi.org/10.3390/app112210916,FROM_WOS,1.0,Scopus + WoS,WOS:000778205300045,SCOPUS_UI,10.3390/app112210916,MATCH,INCLUDE,"I1,I2,I3,I4","Analiza el agrupamiento de sesgos cognitivos en inversionistas de la bolsa de Iran mediante aprendizaje no supervisado, generando perfiles conductuales de inversionistas.",INCLUDE,
Maximum drawdown distributions: The cross-asset dimension,"Warken, Peter and Kostyrina, Angelina",JOURNAL OF INVESTING,2021,10.3905/joi.2021.1.194,https://doi.org/10.3905/joi.2021.1.194,FROM_WOS,1.0,Scopus + WoS,WOS:000704508100002,SCOPUS_UI,10.3905/joi.2021.1.194,MATCH,EXCLUDE,E6,"El articulo desarrolla una medida cuantitativa de drawdown maximo para el perfilamiento de riesgo de portafolios, sin abordar ningun constructo conductual del inversionista.",EXCLUDE,
Institutional investor heterogeneity and market price dynamics: Evidence from investment horizon and portfolio concentration,"Kim, Donghan and Kim, Hyun-Dong and Joe, Denis Yongmin and Oh, Ji Yeol Jimmy",JOURNAL OF FINANCIAL MARKETS,2021,10.1016/j.finmar.2020.100604,https://doi.org/10.1016/j.finmar.2020.100604,FROM_WOS,1.0,Scopus + WoS,WOS:000656885900004,SCOPUS_UI,10.1016/j.finmar.2020.100604,MATCH,EXCLUDE,E4,"Estudia la heterogeneidad de inversionistas institucionales (horizonte de inversion y concentracion de cartera) y su efecto en la dinamica de precios de mercado, sin angulo conductual del inversionista individual.",EXCLUDE,
Applying risk tolerance and socio-technical dynamics for more realistic energy transition pathways,"Cotterman T., Small M.J., Wilson S., Abdulla A., Wong-Parodi G.","Applied Energy, 291, 116751",2021,10.1016/j.apenergy.2021.116751,https://doi.org/10.1016/j.apenergy.2021.116751,VERIFIED,1.0,Scopus only,,SCOPUS_UI,10.1016/j.apenergy.2021.116751,MATCH,EXCLUDE,E2,"Aplica un modelo de tolerancia al riesgo a la aceptacion social de la energia nuclear en la transicion energetica, sin relacion con decisiones de inversion financiera individual.",EXCLUDE,
Experimental evidences for prospect theory in Vietnam,"Dzung P.T.T., Tung N.X., Van L.H.T., Thanh N.T.H.","Indian Journal of Finance, 15(5-7)",2021,10.17010/ijf/2021/v15i5-7/164491,https://doi.org/10.17010/ijf/2021/v15i5-7/164491,VERIFIED,1.0,Scopus only,,SCOPUS_UI,10.17010/ijf/2021/v15i5-7/164491,MATCH,INCLUDE,"I1,I2,I3,I4",Aporta evidencia experimental sobre la teoria de las perspectivas y la aversion a la perdida en inversionistas bursatiles de Vietnam.,INCLUDE,
Are mutual fund investors loss averse? Evidence from China,"Jiang, Jie and Shrider, David G. and Ting, Huangwen and Wu, Yanran",FINANCIAL REVIEW,2021,10.1111/fire.12252,https://doi.org/10.1111/fire.12252,FROM_WOS,1.0,Scopus + WoS,WOS:000571546200001,SCOPUS_UI,10.1111/fire.12252,MATCH,INCLUDE,"I1,I2,I3,I4",Analiza empiricamente la aversion a la perdida en inversionistas de fondos mutuos chinos mediante analisis de supervivencia.,INCLUDE,
NODE: a large‐scale seismic risk prioritization tool for Italy based on nominal structural performance,"Petruzzelli F., Iervolino I.","Bulletin of Earthquake Engineering, 19(7)",2021,10.1007/s10518-021-01093-1,https://doi.org/10.1007/s10518-021-01093-1,VERIFIED,1.0,Scopus only,,SCOPUS_UI,10.1007/s10518-021-01093-1,MATCH,EXCLUDE,E1,"Desarrolla una herramienta de priorizacion de riesgo sismico a gran escala en Italia, riesgo de infraestructura fisica sin relacion con perfiles conductuales de inversionistas.",EXCLUDE,
Farmers' resource endowment and risk management affect agricultural practices and innovation capacity in the Northwestern uplands of Cambodia,"Kong R., Castella J.-C.","Agricultural Systems, 190, 103067",2021,10.1016/j.agsy.2021.103067,https://doi.org/10.1016/j.agsy.2021.103067,VERIFIED,1.0,Scopus only,,SCOPUS_UI,10.1016/j.agsy.2021.103067,MATCH,EXCLUDE,E6,"Estudia la gestion de riesgo agricola de agricultores en Camboya, fuera del dominio de inversion en activos financieros y sin constructo conductual de inversionistas.",EXCLUDE,
Framing effects of information on investment risk perception,"Monteiro B.A., Bressan A.A.","Revista Contabilidade E Financas, 32(86)",2021,10.1590/1808-057x202111290,https://doi.org/10.1590/1808-057x202111290,VERIFIED,1.0,Scopus only,,SCOPUS_UI,10.1590/1808-057X202111290,MATCH,INCLUDE,"I1,I2,I3,I4",Examina como el encuadre (framing) de la informacion afecta la percepcion de riesgo de inversionistas individuales e institucionales en fondos de inversion.,INCLUDE,
Nonlinear static characterisation of masonry-infilled RC building portfolios accounting for variability of infill properties,"Mucedero G., Perrone D., Monteiro R.","Bulletin of Earthquake Engineering, 19(6)",2021,10.1007/s10518-021-01068-2,https://doi.org/10.1007/s10518-021-01068-2,VERIFIED,1.0,Scopus only,,SCOPUS_UI,10.1007/s10518-021-01068-2,MATCH,EXCLUDE,E1,"Analiza la caracterizacion estatica no lineal de portafolios de edificios de mamposteria frente a riesgo sismico, riesgo de infraestructura fisica sin angulo conductual.",EXCLUDE,
The Compounding Effect of Investors’ Cognition and Risk Absorption Potential on Enhancing the Level of Interest towards Investment in the Domestic Capital Market,"Behera, Yadav Devi Prasad and Nanda, Sudhansu Sekhar and Sahoo, Saroj Kumar and Sahoo, Tushar Ranjan",JOURNAL OF RISK AND FINANCIAL MANAGEMENT,2021,10.3390/jrfm14030095,https://doi.org/10.3390/jrfm14030095,FROM_WOS,1.0,Scopus + WoS,WOS:000633780800001,SCOPUS_UI,10.3390/jrfm14030095,MATCH,INCLUDE,"I1,I2,I3,I4",Estudia el efecto de la cognicion y la capacidad de absorcion de riesgo de inversionistas minoristas indios sobre el interes en la inversion en el mercado de capitales.,INCLUDE,
Pricing Liquidity Risk with Heterogeneous Investment Horizons,"Beber A., Driessen J., Neuberger A., Tuijp P.","Journal of Financial and Quantitative Analysis, 56(2)",2021,10.2139/ssrn.2065907,https://doi.org/10.2139/ssrn.2065907,VERIFIED,1.0,Scopus only,,SCOPUS_UI,10.1017/S0022109020000137,MISMATCH,UNCERTAIN,AMBIGUO,"Desarrolla un modelo de valoracion de activos con horizontes de inversion heterogeneos como supuesto de segmentacion, sin evidencia conductual explicita sobre el inversionista, resultando marginal.",EXCLUDE,"Excluido por decision explicita del autor de la tesis (2026-08-16): ante la duda sobre ajuste con los criterios de poblacion/constructo/activo, se opta por excluir por precaucion. Registro identificado queda disponible para reconsideracion en fases posteriores si se requiere."
Robo-advising risk profiling through content analysis for sustainable development in the Hong Kong financial market,"So, Mike K. P.",SUSTAINABILITY,2021,10.3390/su13031306,https://doi.org/10.3390/su13031306,FROM_WOS,1.0,Scopus + WoS,WOS:000615645600001,SCOPUS_UI,10.3390/su13031306,MATCH,INCLUDE,"I1,I2,I3,I4","Realiza perfilamiento de riesgo de inversionistas individuales para robo-advising en Hong Kong mediante analisis de contenido, aportando taxonomia de factores de riesgo.",INCLUDE,
Know Your Clients’ Behaviours: A Cluster Analysis of Financial Transactions,"Thompson, John R. J. and Feng, Longlong and Reesor, R. Mark and Grace, Chuck",JOURNAL OF RISK AND FINANCIAL MANAGEMENT,2021,10.3390/jrfm14020050,https://doi.org/10.3390/jrfm14020050,FROM_WOS,1.0,Scopus + WoS,WOS:000622704500001,SCOPUS_UI,10.3390/jrfm14020050,MATCH,INCLUDE,"I1,I2,I3,I4","Utiliza clustering para identificar comportamientos de inversionistas a partir de datos KYC y transacciones financieras, incluyendo tolerancia al riesgo.",INCLUDE,
Risk Tolerance Profiling Measure: Testing Its Reliability and Validities,"Chung, Wee Kang and Au, Wing Tung",JOURNAL OF FINANCIAL COUNSELING AND PLANNING,2021,10.1891/JFCP-19-00033,https://doi.org/10.1891/JFCP-19-00033,FROM_WOS,1.0,Scopus + WoS,WOS:000699755700010,SCOPUS_UI,10.1891/JFCP-19-00033,MATCH,INCLUDE,"I1,I2,I3,I4",Valida psicometricamente una medida de perfilamiento de tolerancia al riesgo de inversionistas y su capacidad predictiva de ansiedad ante perdidas.,INCLUDE,
SEISMIC ASSESSMENT AND RISK PROFILING OF LARGE BUILDING INVENTORIES IN NORTH AMERICA,"Gilsanz R., Yang C., Lan Y., Mugford J., Hinchcliffe J.","World Conference on Earthquake Engineering Proceedings, 2021, 8c-0070",2021,,,NOT_FOUND,0.503,Scopus only,,SCOPUS_UI,,NO_NATIVE,EXCLUDE,E1,"Trata sobre evaluacion y perfilamiento de riesgo sismico de inventarios de edificios, riesgo de infraestructura fisica sin relacion con el comportamiento del inversionista individual.",EXCLUDE,
A Digital Assistant for Stock Market Prediction,"Thangam S., Pai A., Sai Surya Teja Y.M., Yeswanth Sai T., Sravan Kumar Reddy V.",Proceedings of the 5th International Conference on I Smac Iot in Social Mobile Analytics and Cloud I Smac 2021,2021,10.1109/i-smac52330.2021.9640981,https://doi.org/10.1109/i-smac52330.2021.9640981,VERIFIED,1.0,Scopus only,,SCOPUS_UI,10.1109/I-SMAC52330.2021.9640981,MATCH,EXCLUDE,E6,Propone un asistente digital de prediccion bursatil basado en analisis fundamental; la mencion de perfiles de riesgo es incidental y no constituye evidencia sustantiva de un constructo conductual.,EXCLUDE,
Predictive Claim Scores for Dynamic Multi-Product Risk Classification in Insurance,"Verschuren, Robert Matthijs",ASTIN BULLETIN-THE JOURNAL OF THE INTERNATIONAL ACTUARIAL ASSOCIATION,2021,10.1017/asb.2020.34,https://doi.org/10.1017/asb.2020.34,FROM_WOS,1.0,Scopus + WoS,WOS:000609544400001,SCOPUS_UI,10.1017/asb.2020.34,MATCH,EXCLUDE,E5,"Desarrolla un modelo de clasificacion de riesgo de reclamaciones para tarificacion de seguros, un contexto actuarial sin relacion con el comportamiento de inversion.",EXCLUDE,
What explains the investment decision-making behaviour? The role of financial literacy and financial risk tolerance,"Ahmed Z., Noreen U., Ramakrishnan S.A.L., Binti Abdullah D.F.","Afro Asian Journal of Finance and Accounting, 11(1)",2021,10.1504/aajfa.2021.111814,https://doi.org/10.1504/aajfa.2021.111814,VERIFIED,1.0,Scopus only,,SCOPUS_UI,10.1504/AAJFA.2021.111814,MATCH,INCLUDE,"I1,I2,I3,I4",Investiga el rol mediador de la tolerancia al riesgo financiero entre alfabetizacion financiera y comportamiento de decision de inversion de inversionistas individuales paquistanies.,INCLUDE,
Behavioral Biases on Investment Decision: A Case Study in Indonesia,"Kartini, Kartini and Nahda, Katiya",JOURNAL OF ASIAN FINANCE ECONOMICS AND BUSINESS,2021,10.13106/jafeb.2021.vol8.no3.1231,https://doi.org/10.13106/jafeb.2021.vol8.no3.1231,FROM_WOS,1.0,Scopus + WoS,WOS:000639112300118,SCOPUS_UI,10.13106/jafeb.2021.vol8.no3.1231,MATCH,INCLUDE,"I1,I2,I3,I4","Examina la influencia de sesgos conductuales cognitivos y emocionales (anclaje, aversion a la perdida, efecto manada, etc.) en decisiones de inversion de inversionistas individuales indonesios.",INCLUDE,
Why does a prestigious emission house emit a loan for a peripheral state? The house of Rothschild and the Greek guaranteed loan of 1833,"Schoenhaerl, Korinna",BUSINESS HISTORY,2021,10.1080/00076791.2019.1593373,https://doi.org/10.1080/00076791.2019.1593373,FROM_WOS,1.0,Scopus + WoS,WOS:000470458300001,SCOPUS_UI,10.1080/00076791.2019.1593373,MATCH,EXCLUDE,E4,"Es un estudio historico de caso sobre la percepcion de riesgo de un banquero (Rothschild) al emitir un prestamo soberano, una decision institucional/corporativa sin poblacion de inversionistas individuales.",EXCLUDE,
The Impact of the Behavioral Factors on Investment Decision-Making: A Systemic Review on Financial Institutions,"Shah S.F., Alshurideh M., Kurdi B.A., Salloum S.A.","Advances in Intelligent Systems and Computing, 1261 AISC",2021,10.1007/978-3-030-58669-0_9,https://doi.org/10.1007/978-3-030-58669-0_9,VERIFIED,1.0,Scopus only,,SCOPUS_UI,10.1007/978-3-030-58669-0_9,MATCH,INCLUDE,"I1,I2,I3,I4","Revision sistematica sobre el impacto de factores conductuales (exceso de confianza, anclaje, efecto manada, aversion a la perdida) en la toma de decisiones de inversion.",INCLUDE,
Performance profiling of the unit trust funds in Malaysia with data mining techniques,"Ng K.-H., Khairuddin A.F., Khor K.-C.","F1000research, 10, 1272",2021,10.12688/f1000research.73467.1,https://doi.org/10.12688/f1000research.73467.1,VERIFIED,1.0,Scopus only,,SCOPUS_UI,10.12688/f1000research.73467.1,MATCH,UNCERTAIN,AMBIGUO,"Realiza perfilamiento de desempeno de fondos de inversion mediante mineria de datos para orientar a inversionistas minoristas segun su tolerancia al riesgo, pero no mide directamente el constructo conductual del inversionista, resultando marginal.",EXCLUDE,"Excluido por decision explicita del autor de la tesis (2026-08-16): ante la duda sobre ajuste con los criterios de poblacion/constructo/activo, se opta por excluir por precaucion. Registro identificado queda disponible para reconsideracion en fases posteriores si se requiere."
Market discipline in the behavioral finance perspective: a case of Sharia mutual funds in Indonesia,"Widyastuti, Umi and Febrian, Erie and Sutisna, Sutisna and Fitrijanti, Tettet",JOURNAL OF ISLAMIC ACCOUNTING AND BUSINESS RESEARCH,2022,10.1108/JIABR-06-2020-0194,https://doi.org/10.1108/JIABR-06-2020-0194,FROM_WOS,1.0,Scopus + WoS,WOS:000708399800001,SCOPUS_UI,10.1108/JIABR-06-2020-0194,MATCH,INCLUDE,"I1,I2,I3,I4","Analiza determinantes conductuales (alfabetizacion financiera islamica, tolerancia al riesgo financiero) de la intencion de retiro de inversionistas minoristas en fondos mutuos sharia.",INCLUDE,
Reference Prices and Turnover: Evidence from Small-Capitalization Stocks,"Pandey, Ashish",JOURNAL OF RISK AND FINANCIAL MANAGEMENT,2021,10.3390/jrfm14010029,https://doi.org/10.3390/jrfm14010029,FROM_WOS,1.0,Scopus + WoS,WOS:000610321800001,SCOPUS_UI,10.3390/jrfm14010029,MATCH,INCLUDE,"I1,I2,I3,I4",Investiga el efecto de los precios de referencia y la aversion a la perdida miope en las decisiones de negociacion de inversionistas bursatiles indios.,INCLUDE,
The behavior of the various personalities of secondary equity investors: Big five personality model,"Renu Isidore R., Joe Arun C.","Journal of Wealth Management, 24(1)",2021,10.3905/jwm.2021.1.128,https://doi.org/10.3905/jwm.2021.1.128,VERIFIED,1.0,Scopus only,,SCOPUS_UI,10.3905/JWM.2021.1.128,MATCH,INCLUDE,"I1,I2,I3,I4",Analiza como los rasgos de personalidad (Big Five) se relacionan con sesgos conductuales de inversionistas individuales en el mercado secundario de acciones.,INCLUDE,
Analytical fragility curves for masonry school building portfolios in Nepal,"Giordano N., De Luca F., Sextos A.","Bulletin of Earthquake Engineering, 19(2)",2021,10.1007/s10518-020-00989-8,https://doi.org/10.1007/s10518-020-00989-8,VERIFIED,1.0,Scopus only,,SCOPUS_UI,10.1007/s10518-020-00989-8,MATCH,EXCLUDE,E1,"Presenta curvas de fragilidad sismica para portafolios de edificios escolares en Nepal, riesgo de infraestructura fisica sin relacion con inversionistas.",EXCLUDE,
Impact of masonry infill variability on the estimation of floor response spectra in RC buildings,"Mucedero G., Perrone D., Brunesi E., Monteiro R.","Compdyn Proceedings, 2021-June",2021,10.7712/120121.8463.18662,https://doi.org/10.7712/120121.8463.18662,VERIFIED,1.0,Scopus only,,SCOPUS_UI,10.7712/120121.8463.18662,MATCH,EXCLUDE,E1,"Analiza el efecto de la variabilidad de muros de mamposteria en la respuesta sismica de edificios de concreto reforzado, riesgo de infraestructura fisica.",EXCLUDE,
A Comparative Study of Machine Learning Approaches for Non Performing Loan Prediction,"Serengil S.I., Imece S., Tosun U.G., Buyukbas E.B., Koroglu B.",Proceedings 6th International Conference on Computer Science and Engineering Ubmk 2021,2021,10.1109/ubmk52708.2021.9558894,https://doi.org/10.1109/ubmk52708.2021.9558894,VERIFIED,1.0,Scopus only,,SCOPUS_UI,10.1109/UBMK52708.2021.9558894,MATCH,EXCLUDE,E4,"Compara algoritmos de aprendizaje automatico para predecir prestamos no productivos en un banco, un riesgo crediticio corporativo/institucional sin angulo conductual del inversionista individual.",EXCLUDE,
Understanding the impact of investor sentiment on the price formation process: A review of the conduct of American stock markets,Ahmed B.,"Journal of Economic Asymmetries, 22, e00172",2020,10.1016/j.jeca.2020.e00172,https://doi.org/10.1016/j.jeca.2020.e00172,VERIFIED,1.0,Scopus only,,SCOPUS_UI,10.1016/j.jeca.2020.e00172,MATCH,UNCERTAIN,AMBIGUO,"Analiza el efecto del sentimiento del inversionista y desplazamientos en la tolerancia al riesgo sobre la formacion de precios bursatiles, pero el foco principal es la dinamica de mercado agregada mas que el perfil conductual individual, resultando marginal.",EXCLUDE,"Excluido por decision explicita del autor de la tesis (2026-08-16): ante la duda sobre ajuste con los criterios de poblacion/constructo/activo, se opta por excluir por precaucion. Registro identificado queda disponible para reconsideracion en fases posteriores si se requiere."
Determination of Individual Investors' Financial Risk Tolerance by Machine Learning Methods | Bireysel Yatirimci Finansal Risk Toleransinin Makine Ogrenmesi Yontemleriyle Belirlenmesi,"Altuntas Y., Kocamaz A.F., Ulkgun A.M.","2020 28th Signal Processing and Communications Applications Conference Siu 2020 Proceedings, 9302294",2020,,,NOT_FOUND,0.667,Scopus only,,SCOPUS_UI,10.1109/SIU49456.2020.9302294,NO_DOI,INCLUDE,"I1,I2,I3,I4",Determina la tolerancia al riesgo financiero de inversionistas individuales mediante metodos de aprendizaje automatico a partir de variables demograficas y socioeconomicas.,INCLUDE,
"Loss aversion, overconfidence and their effects on a virtual stock exchange","Bertella M.A., Silva J.N., Stanley H.E.","Physica A Statistical Mechanics and Its Applications, 554, 123909",2020,10.1016/j.physa.2019.123909,https://doi.org/10.1016/j.physa.2019.123909,VERIFIED,1.0,Scopus only,,SCOPUS_UI,10.1016/j.physa.2019.123909,MATCH,INCLUDE,"I1,I2,I3,I4","Estudia mediante un modelo de bolsa artificial los efectos del exceso de confianza y la aversion a la perdida en el comportamiento de agentes inversionistas, aportando evidencia teorica sobre estos constructos conductuales.",INCLUDE,
Risk-intolerant but risk-taking-towards a better understanding of inconsistent survey responses of the Euro area households,"Kochaniak, Katarzyna and Ulman, Pawel",SUSTAINABILITY,2020,10.3390/su12176912,https://doi.org/10.3390/su12176912,FROM_WOS,1.0,Scopus + WoS,WOS:000569975800001,SCOPUS_UI,10.3390/SU12176912,MATCH,INCLUDE,"I1,I2,I3,I4","Analiza la inconsistencia entre la tolerancia al riesgo declarada y la tenencia real de activos riesgosos en hogares europeos, un constructo conductual central de perfilamiento de inversionistas.",INCLUDE,
Measurement of risk preference,"Filiz, Ibrahim and Nahmer, Thomas and Spiwoks, Markus and Gubaydullina, Zulia",JOURNAL OF BEHAVIORAL AND EXPERIMENTAL FINANCE,2020,10.1016/j.jbef.2020.100355,https://doi.org/10.1016/j.jbef.2020.100355,FROM_WOS,1.0,Scopus + WoS,WOS:000571151100013,SCOPUS_UI,10.1016/j.jbef.2020.100355,MATCH,UNCERTAIN,AMBIGUO,"Propone un nuevo procedimiento para medir la preferencia por el riesgo y la aversion a la perdida, pero la poblacion de sujetos no se define explicitamente como inversionistas, resultando marginal.",EXCLUDE,"Excluido por decision explicita del autor de la tesis (2026-08-16): ante la duda sobre ajuste con los criterios de poblacion/constructo/activo, se opta por excluir por precaucion. Registro identificado queda disponible para reconsideracion en fases posteriores si se requiere."
Continuous quantitative risk management in smart grids using attack defense trees,"Rios E., Rego A., Iturbe E., Higuero M., Larrucea X.","Sensors Switzerland, 20(16), 4404",2020,10.3390/s20164404,https://doi.org/10.3390/s20164404,VERIFIED,1.0,Scopus only,,SCOPUS_UI,10.3390/s20164404,MATCH,EXCLUDE,E3,"Propone una metodologia de gestion continua de riesgo cibernetico en redes electricas inteligentes mediante arboles de ataque-defensa, sin relacion con decisiones de inversion.",EXCLUDE,
Predicting Financial Health of Banks for Investor Guidance Using Machine Learning Algorithms,"Viswanathan, P. K. and Srinivasan, Suresh and Hariharan, N.",JOURNAL OF EMERGING MARKET FINANCE,2020,10.1177/0972652720913478,https://doi.org/10.1177/0972652720913478,FROM_WOS,1.0,Scopus + WoS,WOS:000533092200001,SCOPUS_UI,10.1177/0972652720913478,MATCH,EXCLUDE,E6,"Clasifica bancos segun su salud financiera mediante aprendizaje automatico para orientar a depositantes minoristas, sin estudiar ningun constructo conductual de riesgo del inversionista.",EXCLUDE,
Evaluation of behavioral biases affecting investment decision making of individual equity investors by fuzzy analytic hierarchy process,"Jain, Jinesh and Walia, Nidhi and Gupta, Sanjay",REVIEW OF BEHAVIORAL FINANCE,2020,10.1108/RBF-03-2019-0044,https://doi.org/10.1108/RBF-03-2019-0044,FROM_WOS,1.0,Scopus + WoS,WOS:000544841000007,SCOPUS_UI,10.1108/RBF-03-2019-0044,MATCH,INCLUDE,"I1,I2,I3,I4","Evalua y jerarquiza mediante proceso jerarquico difuso los sesgos conductuales (exceso de confianza, anclaje, aversion a la perdida, efecto manada) que afectan la decision de inversion de inversionistas individuales de acciones.",INCLUDE,
Risk Identification and Decision Making for P2P Companies: An Empirical Study in the Bohai Coast Regions,"Ma, Liyi and Li, Yingxia and Li, Dandan and Li, Hui and Wang, Yane and Ren, Chengmei",JOURNAL OF COASTAL RESEARCH,2020,10.2112/SI106-045.1,https://doi.org/10.2112/SI106-045.1,FROM_WOS,1.0,Scopus + WoS,WOS:000550684000045,SCOPUS_UI,10.2112/SI106-045.1,MATCH,EXCLUDE,E4,"Desarrolla un modelo de identificacion y perfilamiento de riesgo corporativo de plataformas P2P para ayudar a los inversionistas a elegir, pero el objeto de estudio es el riesgo institucional de las plataformas, no el comportamiento del inversionista.",EXCLUDE,
An investigation of financial investment intention using covariance-based structural equation modelling,"Lima T.S., Mail R., Karim M.R.A., ... Mifli M., Jaidi J.","Global Business and Finance Review, 25(2)",2020,10.17549/gbfr.2020.25.2.37,https://doi.org/10.17549/gbfr.2020.25.2.37,VERIFIED,1.0,Scopus only,,SCOPUS_UI,10.17549/gbfr.2020.25.2.37,MATCH,INCLUDE,"I1,I2,I3,I4",Investiga los predictores de la percepcion de riesgo y la actitud hacia la intencion de inversion financiera de individuos mediante modelamiento de ecuaciones estructurales.,INCLUDE,
Impact of behavioral biases on investment decisions: A study on selected risk averse investors in india,"Samal A., Dasmohapatra A.K.","International Journal of Advanced Science and Technology, 29(6 Special Issue)",2020,,,NOT_FOUND,0.618,Scopus only,,SCOPUS_UI,,NO_NATIVE,INCLUDE,"I1,I2,I3,I4",Examina la presencia de sesgos conductuales en inversionistas indios aversos al riesgo y cual sesgo predomina en este perfil.,INCLUDE,
"Do as i say, not as i do: An analysis of portfolio development recommendations made by financial advisors","Grable J., Hubble A., Kruger M.","Journal of Wealth Management, 22(4)",2020,10.3905/jwm.2019.1.089,https://doi.org/10.3905/jwm.2019.1.089,VERIFIED,0.981,Scopus only,,SCOPUS_UI,10.3905/jwm.2019.1.089,MATCH,INCLUDE,"I1,I2,I3,I4","Analiza como los asesores financieros usan y ponderan los insumos de perfilamiento de riesgo (horizonte, edad) al recomendar portafolios a sus clientes inversionistas, aportando evidencia sobre la practica de clasificacion conductual.",INCLUDE,
Role of emotional bias on investment decision from behavioural finance perspective,"Khilar R.P., Singh S.","International Journal of Scientific and Technology Research, 9(3)",2020,,,NOT_FOUND,0.542,Scopus only,,SCOPUS_UI,,NO_NATIVE,INCLUDE,"I1,I2,I3,I4","Estudia el rol de sesgos emocionales (exceso de confianza, aversion a la perdida, sesgo de dotacion) en la decision de inversion de inversionistas individuales en India.",INCLUDE,
Online risk monitoring using offline simulation,"Jiang G., Hong L.J., Nelson B.L.","Informs Journal on Computing, 32(2)",2020,10.1287/ijoc.2019.0892,https://doi.org/10.1287/ijoc.2019.0892,VERIFIED,1.0,Scopus only,,SCOPUS_UI,10.1287/ijoc.2019.0892,MATCH,EXCLUDE,E6,"Propone un metodo estadistico de clasificacion de niveles de riesgo de portafolio mediante simulacion y regresion logistica, sin abordar ningun constructo conductual del inversionista.",EXCLUDE,
Optimal proportional reinsurance and investment problem for insurers with loss aversion,"Sun Q., Rong X., Zhao H.","Xitong Gongcheng Lilun Yu Shijian System Engineering Theory and Practice, 40(2)",2020,10.4236/tel.2019.94073,https://doi.org/10.4236/tel.2019.94073,UNCERTAIN,0.875,Scopus only,,SCOPUS_UI,10.12011/1000-6788-2018-1484-14,MISMATCH,EXCLUDE,E5,"Estudia el problema optimo de reaseguro e inversion para una aseguradora con aversion a la perdida, un contexto actuarial/institucional sin relacion con el comportamiento del inversionista individual.",EXCLUDE,
Loss aversion in an agent-based asset pricing model,"Pruna, Radu T. and Polukarov, Maria and Jennings, Nicholas R.",QUANTITATIVE FINANCE,2020,10.1080/14697688.2019.1655784,https://doi.org/10.1080/14697688.2019.1655784,FROM_WOS,1.0,Scopus + WoS,WOS:000493664000001,SCOPUS_UI,10.1080/14697688.2019.1655784,MATCH,INCLUDE,"I1,I2,I3,I4",Introduce la aversion a la perdida en un modelo de fijacion de precios de activos basado en agentes para evaluar sus implicaciones conductuales en el comportamiento de los inversionistas.,INCLUDE,
Preference-based evolutionary multi-objective optimization for portfolio selection: a new credibilistic model under investor preferences,"Ruiz A.B., Saborido R., Bermudez J.D., Luque M., Vercher E.","Journal of Global Optimization, 76(2)",2020,10.1007/s10898-019-00782-1,https://doi.org/10.1007/s10898-019-00782-1,VERIFIED,1.0,Scopus only,,SCOPUS_UI,10.1007/s10898-019-00782-1,MATCH,INCLUDE,"I1,I2,I3,I4","Propone un modelo de seleccion de portafolio que incorpora la aversion a la perdida como funcion objetivo y define perfiles de inversionista (conservador, cauteloso, agresivo).",INCLUDE,
The impact of longevity on a valuation of long-term investments returns: The case of selected european countries,Trzpiot G.,Studies in Classification Data Analysis and Knowledge Organization,2020,10.1007/978-3-030-52348-0_10,https://doi.org/10.1007/978-3-030-52348-0_10,VERIFIED,1.0,Scopus only,,SCOPUS_UI,10.1007/978-3-030-52348-0_10,MATCH,EXCLUDE,E6,"Analiza el impacto de la longevidad en la valoracion de inversiones de largo plazo mediante perfiles de riesgo (bajo, medio, alto) genericos, sin constructo conductual del inversionista.",EXCLUDE,
An emergent taxonomy for operational risk: Capturing the wisdom of crowds,"Carrivick, Luke and Bishop, Steve and Ivell, Tom and Wong, Valerie and Farha, Ramy",JOURNAL OF OPERATIONAL RISK,2020,10.21314/JOP.2020.238,https://doi.org/10.21314/JOP.2020.238,FROM_WOS,1.0,Scopus + WoS,WOS:000584982400002,SCOPUS_UI,10.21314/JOP.2020.238,MATCH,EXCLUDE,E4,"Construye una taxonomia de riesgo operacional para instituciones financieras a partir de la sabiduria colectiva de expertos, riesgo corporativo/institucional puro sin angulo conductual del inversionista individual.",EXCLUDE,
What makes an investment risky? An analysis of price path characteristics,"Borsboom, Charlotte and Zeisberger, Stefan",JOURNAL OF ECONOMIC BEHAVIOR \& ORGANIZATION,2020,10.1016/j.jebo.2019.11.002,https://doi.org/10.1016/j.jebo.2019.11.002,FROM_WOS,1.0,Scopus + WoS,WOS:000541109600007,SCOPUS_UI,10.1016/j.jebo.2019.11.002,MATCH,INCLUDE,"I1,I2,I3,I4",Examina mediante experimentos de encuesta como las caracteristicas de la trayectoria de precios historicos influyen en la percepcion de riesgo y la propension a invertir de individuos.,INCLUDE,
Predicting a Model for the Financial Risk Tolerance of Retail Investors of Durgapur City on Their Demographic Factors Using Multiple Discriminant Analysis,"Bhattacharya A., Dutta A.","Smart Innovation Systems and Technologies, 159",2020,10.1007/978-981-13-9282-5_65,https://doi.org/10.1007/978-981-13-9282-5_65,VERIFIED,1.0,Scopus only,,SCOPUS_UI,10.1007/978-981-13-9282-5_65,MATCH,INCLUDE,"I1,I2,I3,I4",Predice la tolerancia al riesgo financiero de inversionistas minoristas de Durgapur en funcion de factores demograficos mediante analisis discriminante multiple.,INCLUDE,
"3rd International Conference on Smart Computing and Informatics, SCI 2018",[No Authors Found],"Smart Innovation Systems and Technologies, 159",2020,10.1109/ic3i44769.2018,https://doi.org/10.1109/ic3i44769.2018,UNCERTAIN,0.842,Scopus only,,SCOPUS_UI,,NO_NATIVE,EXCLUDE,E7,"Es la tabla de contenidos de las actas de una conferencia con multiples trabajos no relacionados entre si, sin contenido sustantivo propio sobre riesgo conductual de inversionistas.",EXCLUDE,
"Affective portfolio analysis: Risk, ambiguity and (IR)rationality",Brown D.J.,"Lecture Notes in Economics and Mathematical Systems, 691",2020,10.2139/ssrn.3458976,https://doi.org/10.2139/ssrn.3458976,VERIFIED,1.0,Scopus only,,SCOPUS_UI,10.1007/978-3-030-59512-8_3,MISMATCH,INCLUDE,"I1,I2,I3,I4","Analiza el analisis afectivo de portafolios y la tolerancia al riesgo y a la ambiguedad de inversionistas frente a activos ambiguos como criptomonedas, un constructo conductual explicitamente contemplado.",INCLUDE,
Cluster-specific latent factor estimation in high-dimensional financial time series,"Begui S., Kostanjar Z.","IEEE Access, 8",2020,10.1109/access.2020.3021898,https://doi.org/10.1109/access.2020.3021898,VERIFIED,1.0,Scopus only,,SCOPUS_UI,10.1109/ACCESS.2020.3021898,MATCH,EXCLUDE,E6,"Propone un metodo de estimacion de factores latentes para series de tiempo financieras de alta dimension con fines de modelado cuantitativo de riesgo, sin constructo conductual del inversionista.",EXCLUDE,
Cross-Asset Holding in Fund Families,"Shin H.-H., Auh J.K., Choi B.","Asian Review of Financial Research, 32(4)",2019,10.37197/arfr.2019.32.4.2,https://doi.org/10.37197/arfr.2019.32.4.2,VERIFIED,1.0,Scopus only,,SCOPUS_UI,10.37197/arfr.2019.32.4.2,MATCH,EXCLUDE,E4,"Estudia la correlacion de decisiones de tenencia de activos cruzados entre fondos hermanos de una misma familia de fondos (inversionistas institucionales), sin foco en el comportamiento conductual del inversionista individual.",EXCLUDE,
The monitoring role of institutional investors: Geographical proximity and investment horizon,"Wang, Xiaoqiong and Wei, Siqi",STUDIES IN ECONOMICS AND FINANCE,2019,10.1108/SEF-11-2017-0309,https://doi.org/10.1108/SEF-11-2017-0309,FROM_WOS,1.0,Scopus + WoS,WOS:000490767500003,SCOPUS_UI,10.1108/SEF-11-2017-0309,MATCH,EXCLUDE,E4,"Examina el rol de monitoreo de inversionistas institucionales segun proximidad geografica y horizonte de inversion sobre decisiones corporativas, un enfoque institucional sin angulo conductual del inversionista individual.",EXCLUDE,
The efficient frontuzzle: What investment risk profiling still fails to solve,"Hubble, Amy and Grable, John E.",JOURNAL OF INVESTING,2019,10.3905/joi.2019.1.098,https://doi.org/10.3905/joi.2019.1.098,FROM_WOS,1.0,Scopus + WoS,WOS:000640352200007,SCOPUS_UI,10.3905/joi.2019.1.098,MATCH,INCLUDE,"I1,I2,I3,I4","Evalua como los asesores financieros utilizan de forma inconsistente los factores de perfilamiento de riesgo al recomendar portafolios a clientes, evidenciando fallas en el marco de perfilamiento conductual de inversionistas.",INCLUDE,
Foreign Direct Investment in Infrastructure Projects: Taxonomy of Political Risk Profiles in Developing Countries,"Jiang, Weiling and Martek, Igor and Hosseini, M. Reza and Chen, Chuan and Ma, Le",JOURNAL OF INFRASTRUCTURE SYSTEMS,2019,10.1061/(ASCE)IS.1943-555X.0000503,https://doi.org/10.1061/(ASCE)IS.1943-555X.0000503,FROM_WOS,1.0,Scopus + WoS,WOS:000475476000006,SCOPUS_UI,10.1061/(ASCE)IS.1943-555X.0000503,MATCH,EXCLUDE,E1,"Analiza una taxonomia de perfiles de riesgo politico para la inversion extranjera directa en proyectos de infraestructura en paises en desarrollo, un objeto de activos fisicos/infraestructura sin angulo conductual del inversionista individual.",EXCLUDE,
Can platform competition support market segmentation? Network externalities versus matching efficiency in equity crowdfunding markets,"Gal-Or, Esther and Gal-Or, Ronen and Penmetsa, Nabita",JOURNAL OF ECONOMICS \& MANAGEMENT STRATEGY,2019,10.1111/jems.12286,https://doi.org/10.1111/jems.12286,FROM_WOS,1.0,Scopus + WoS,WOS:000469357500003,SCOPUS_UI,10.1111/jems.12286,MATCH,EXCLUDE,E6,"El estudio es un modelo de competencia entre plataformas de crowdfunding que usa la aversión al riesgo como parámetro exógeno de segmentación de mercado, sin examinar el perfil conductual del inversionista.",EXCLUDE,
How much is behavioral advice worth?,Pompian M.M.,"Journal of Wealth Management, 22(2)",2019,10.3905/jwm.2019.1.077,https://doi.org/10.3905/jwm.2019.1.077,VERIFIED,1.0,Scopus only,,SCOPUS_UI,10.3905/jwm.2019.1.077,MATCH,INCLUDE,"I1,I2,I3,I4","Analiza aversión a la pérdida y contabilidad mental como sesgos conductuales que afectan las decisiones de inversión de un inversionista privado, cuantificando su costo.",INCLUDE,
Safety in construction in the field of investment in urban infrastructure,"Lyapuntsova E., Belozerova I., Drozdova I., Korol O.","E3s Web of Conferences, 97, 06034",2019,10.1051/e3sconf/20199706034,https://doi.org/10.1051/e3sconf/20199706034,VERIFIED,1.0,Scopus only,,SCOPUS_UI,10.1051/e3sconf/20199706034,MATCH,EXCLUDE,E1,"El artículo trata sobre gestión de riesgo en proyectos de infraestructura urbana y construcción, sin relación con el perfil conductual de inversionistas individuales.",EXCLUDE,
Personality traits and investor profile analysis: A behavioral finance study,"De Bortoli, Daiane and da Costa, Jr., Newton and Goulart, Marco and Campara, Jssica",PLOS ONE,2019,10.1371/journal.pone.0214062,https://doi.org/10.1371/journal.pone.0214062,FROM_WOS,1.0,Scopus + WoS,WOS:000462465800049,SCOPUS_UI,10.1371/journal.pone.0214062,MATCH,INCLUDE,"I1,I2,I3,I4","Compara paradigmas (teoría de las perspectivas, IPA, Big Five, CRT) para explicar el perfil de riesgo de inversionistas en sus decisiones de inversión en activos financieros.",INCLUDE,
Applying Utility Theory to Improve Performance of Fuzzy Decision Support Systems for Personal Financial Planning,Deb S.,"2019 IEEE 5th International Conference for Convergence in Technology I2ct 2019, 9033953",2019,10.1109/i2ct45611.2019.9033953,https://doi.org/10.1109/i2ct45611.2019.9033953,VERIFIED,1.0,Scopus only,,SCOPUS_UI,10.1109/I2CT45611.2019.9033953,MATCH,INCLUDE,"I1,I2,I3,I4",Combina teoría de la utilidad y finanzas conductuales para construir perfiles de tolerancia al riesgo de individuos aplicados a la asignación de inversiones.,INCLUDE,
Scoring models for roboadvisory platforms: A network approach,"Giudici, Paolo and Polinesi, Gloria",JOURNAL OF NETWORK THEORY IN FINANCE,2019,10.21314/JNTF.2019.053,https://doi.org/10.21314/JNTF.2019.053,FROM_WOS,1.0,Scopus + WoS,WOS:000566764000002,SCOPUS_UI,10.21314/JNTF.2019.053,MATCH,INCLUDE,"I1,I2,I3,I4",Propone un modelo de clasificación/perfilamiento de inversionistas por su perfil de riesgo conductual (cuestionario MIFID) para roboadvisors.,INCLUDE,
What are investors afraid of? Finding the big bad wolf,"Alemanni, Barbara and Uberti, Pierpaolo",INTERNATIONAL JOURNAL OF FINANCIAL STUDIES,2019,10.3390/ijfs7030042,https://doi.org/10.3390/ijfs7030042,FROM_WOS,1.0,Scopus + WoS,WOS:000487979400008,SCOPUS_UI,10.3390/ijfs7030042,MATCH,INCLUDE,"I1,I2,I3,I4",Mide el perfil de riesgo y la aversión a la pérdida de segmentos de inversionistas mediante clustering conductual y evidencia de asignación de activos.,INCLUDE,
Enterprise risk profiling using asset transaction history and condition measurements,Platfoot R.A.,Lecture Notes in Mechanical Engineering,2019,10.1007/978-3-319-95711-1_50,https://doi.org/10.1007/978-3-319-95711-1_50,VERIFIED,1.0,Scopus only,,SCOPUS_UI,10.1007/978-3-319-95711-1_50,MATCH,EXCLUDE,E1,"El 'riesgo' analizado corresponde a fallas de activos físicos de ingeniería (mantenimiento predictivo), no a perfiles conductuales de inversionistas.",EXCLUDE,
Does company warrant create value for Malaysian right issue?,"Chong C.-F., Hooy C.-W., Ali R.","International Journal of Business and Society, 20(1)",2019,,,NOT_FOUND,0.622,Scopus only,,SCOPUS_UI,,NO_NATIVE,EXCLUDE,E4,"El 'perfil de riesgo' se refiere al riesgo corporativo de la firma emisora en una emisión de derechos, sin ángulo de comportamiento del inversionista individual.",EXCLUDE,
Impact of behavioral finance on stock investment decisions applied study on a sample of investors at Amman Stock Exchange,"Areiqat A.Y., Abu-Rumman A., Al-Alani Y.S., Alhorani A.","Academy of Accounting and Financial Studies Journal, 23(2)",2019,,,NOT_FOUND,0.736,Scopus only,,SCOPUS_UI,,NO_NATIVE,INCLUDE,"I1,I2,I3,I4","Examina exceso de confianza, aversión a la pérdida, percepción de riesgo y efecto manada en las decisiones de inversión bursátil de inversionistas individuales.",INCLUDE,
Study of traits of individual investors to determine their investment pattern,"Patwardhan S., Katdare V., Joshi M.","Journal of Advanced Research in Dynamical and Control Systems, 11(2 Special Issue)",2019,,,NOT_FOUND,0.503,Scopus only,,SCOPUS_UI,,NO_NATIVE,INCLUDE,"I1,I2,I3,I4","Estudia rasgos, tolerancia al riesgo y patrones de inversión de inversionistas individuales.",INCLUDE,
The EGARCH effect test of chinese stock market from the perspective of behavioral finance,"Cao W., Luo J., Wu X.","Advances in Intelligent Systems and Computing, 885",2019,10.1007/978-3-030-02804-6_131,https://doi.org/10.1007/978-3-030-02804-6_131,VERIFIED,1.0,Scopus only,,SCOPUS_UI,10.1007/978-3-030-02804-6_131,MATCH,INCLUDE,"I1,I2,I3,I4","Explica la volatilidad bursátil china recurriendo a sesgos conductuales de inversionistas minoristas (efecto certeza, aversión a la pérdida, efecto manada).",INCLUDE,
Investment portfolio optimization on russian stock market in context of behavioral theory,Redkin N.M.,"Finance Theory and Practice, 23(4)",2019,10.26794/2587-5671-2019-23-4-99-116,https://doi.org/10.26794/2587-5671-2019-23-4-99-116,VERIFIED,1.0,Scopus only,,SCOPUS_UI,10.26794/2587-5671-2019-23-4-99-116,MATCH,INCLUDE,"I1,I2,I3,I4",Optimiza portafolios en el mercado ruso incorporando teoría prospectiva conductual y aversión a la pérdida de inversionistas.,INCLUDE,
Factors explaining the market discipline of sharia mutual funds from a behavioural finance perspective: A theoretical approach,"Widyastuti U., Febrian E., Sutisna, Fitrijanti T.","International Journal of Economics and Business Administration, 7(3)",2019,10.35808/ijeba/319,https://doi.org/10.35808/ijeba/319,VERIFIED,1.0,Scopus only,,SCOPUS_UI,10.35808/ijeba/319,MATCH,INCLUDE,"I1,I2,I3,I4","Propone determinantes conductuales (tolerancia al riesgo financiero, actitud) de la disciplina de mercado en inversionistas de fondos mutuos sharia.",INCLUDE,
Improved Shrinkage Estimators of Covariance Matrices with Toeplitz-Structured Targets in Small Sample Scenarios,"Zhang B., Zhou J., Li J.","IEEE Access, 7, 8807200",2019,10.1109/access.2019.2936402,https://doi.org/10.1109/access.2019.2936402,VERIFIED,1.0,Scopus only,,SCOPUS_UI,10.1109/ACCESS.2019.2936402,MATCH,EXCLUDE,E6,"Es un artículo de estadística/ingeniería sobre estimadores de matrices de covarianza; la mención a 'riesgo de portafolio' es solo un ejemplo de aplicación, sin constructo conductual.",EXCLUDE,
Large-scale simplified seismic risk mapping of residential buildings through rapid visual screening,"Ahmed S., Perrone D.","Compdyn Proceedings, 1",2019,10.7712/120119.7030.19230,https://doi.org/10.7712/120119.7030.19230,VERIFIED,1.0,Scopus only,,SCOPUS_UI,10.7712/120119.7030.19230,MATCH,EXCLUDE,E1,Mapeo de riesgo sísmico de edificios residenciales; riesgo de infraestructura física sin relación con inversionistas.,EXCLUDE,
A high-performance computational platform to assess liquefaction-induced damage at critical structures and infrastructures,"Meslem A., Iversen H., Lang D.H., Kaschwich T., Drange L.S.",Earthquake Geotechnical Engineering for Protection and Development of Environment and Constructions Proceedings of the 7th International Conference on Earthquake Geotechnical Engineering 2019,2019,10.1007/s10518-020-01021-9,https://doi.org/10.1007/s10518-020-01021-9,UNCERTAIN,0.778,Scopus only,,SCOPUS_UI,,NO_NATIVE,EXCLUDE,E1,Evaluación de riesgo de licuefacción en infraestructuras críticas; riesgo de ingeniería geotécnica sin ángulo conductual de inversionistas.,EXCLUDE,
A Novel Key Influencing Factors Selection Approach of P2P Lending Investment Risk,"Xia P., Ni Z., Zhu X., Ni L.","Mathematical Problems in Engineering, 2019, 6086089",2019,10.1155/2019/6086089,https://doi.org/10.1155/2019/6086089,VERIFIED,1.0,Scopus only,,SCOPUS_UI,10.1155/2019/6086089,MATCH,EXCLUDE,E6,"Selección de factores de riesgo de inversión en préstamos P2P mediante métodos de IA, sin examinar ningún constructo conductual del inversionista.",EXCLUDE,
Influence of investor sentiment and its antecedent on investment decision-making using partial least square technique,"Haritha, P. H. and Uchil, Rashmi",MANAGEMENT RESEARCH REVIEW,2020,10.1108/MRR-06-2019-0254,https://doi.org/10.1108/MRR-06-2019-0254,FROM_WOS,1.0,WoS only,WOS:000539505000001,WOS_BIB,,NO_NATIVE,INCLUDE,"I1,I2,I3,I4","Analiza cómo el efecto manada, medios, recomendaciones y la interacción social influyen en el sentimiento y la decisión de inversión de inversionistas individuales indios.",INCLUDE,
"Retail investor experience, asset learning, and portfolio risk-adjusted returns","Fjesme, Sturla Lyngnes",FINANCE RESEARCH LETTERS,2020,10.1016/j.frl.2019.101315,https://doi.org/10.1016/j.frl.2019.101315,FROM_WOS,1.0,WoS only,WOS:000571036300020,WOS_BIB,,NO_NATIVE,UNCERTAIN,AMBIGUO,"Relaciona experiencia de trading y concentración de portafolio con rendimientos ajustados por riesgo, pero no aborda claramente un sesgo o rasgo conductual específico de riesgo.",EXCLUDE,"Excluido por decision explicita del autor de la tesis (2026-08-16): ante la duda sobre ajuste con los criterios de poblacion/constructo/activo, se opta por excluir por precaucion. Registro identificado queda disponible para reconsideracion en fases posteriores si se requiere."
"Risk factors, uncertainty, and investment decision: evidence from mutual fund flows from India","Nedumparambil, Elizabeth and Bhandari, Anup Kumar",INDIAN ECONOMIC REVIEW,2022,10.1007/s41775-022-00155-8,https://doi.org/10.1007/s41775-022-00155-8,FROM_WOS,1.0,WoS only,WOS:001191316800016,WOS_BIB,,NO_NATIVE,UNCERTAIN,AMBIGUO,"Examina cómo los inversionistas identifican modelos de fijación de precios de activos (CAPM) vía flujos de fondos, sin un constructo conductual de riesgo explícito y claramente definido.",EXCLUDE,"Excluido por decision explicita del autor de la tesis (2026-08-16): ante la duda sobre ajuste con los criterios de poblacion/constructo/activo, se opta por excluir por precaucion. Registro identificado queda disponible para reconsideracion en fases posteriores si se requiere."
Consumer Investment Behaviour: A Systematic Review Using TCM and ADO Frameworks,"Kumar, Arun and Ranjani, K. S.",INTERNATIONAL JOURNAL OF CONSUMER STUDIES,2025,10.1111/ijcs.70110,https://doi.org/10.1111/ijcs.70110,FROM_WOS,1.0,WoS only,WOS:001549799500001,WOS_BIB,,NO_NATIVE,INCLUDE,"I1,I2,I3,I4","Revisión sistemática sobre sesgos psicológicos, teoría de las perspectivas y toma de riesgo en el comportamiento de inversión de inversionistas minoristas.",INCLUDE,
Regret aversion in Japanese and US stock markets: Analyzing the effects of market conditions,"Kim, Somyung and Ohk, Kiyool",JAPAN AND THE WORLD ECONOMY,2025,10.1016/j.japwor.2025.101311,https://doi.org/10.1016/j.japwor.2025.101311,FROM_WOS,1.0,WoS only,WOS:001495156900001,WOS_BIB,,NO_NATIVE,INCLUDE,"I1,I2,I3,I4",Examina la aversión al arrepentimiento y el efecto disposición en las decisiones de inversión bursátil de inversionistas.,INCLUDE,
The Effect of Investment Literacy on the Likelihood of Retail Investor Margin Trading and Having a Margin Call,"Kim, Hohyun and Kim, Kyoung Tae and Hanna, Sherman D.",FINANCE RESEARCH LETTERS,2022,10.1016/j.frl.2021.102146,https://doi.org/10.1016/j.frl.2021.102146,FROM_WOS,1.0,WoS only,WOS:000761168200003,WOS_BIB,,NO_NATIVE,INCLUDE,"I1,I2,I3,I4",Estudia el exceso de confianza y la tolerancia al riesgo de inversionistas minoristas en el trading con margen.,INCLUDE,
A model for female South African investors' financial risk tolerance,"Lawrenson, J. and Dickason-Koekemoer, Z.",COGENT ECONOMICS \& FINANCE,2020,10.1080/23322039.2020.1794493,https://doi.org/10.1080/23322039.2020.1794493,FROM_WOS,1.0,WoS only,WOS:000550161600001,WOS_BIB,,NO_NATIVE,INCLUDE,"I1,I2,I3,I4",Modela la tolerancia al riesgo financiero de inversionistas sudafricanas en función de rasgos de personalidad y demografía.,INCLUDE,
The importance of staying positive: The impact of emotions on attitude to risk,"Brooks, Chris and Sangiorgi, Ivan and Saraeva, Anastasiya and Hillenbrand, Carola and Money, Kevin",INTERNATIONAL JOURNAL OF FINANCE \& ECONOMICS,2023,10.1002/ijfe.2591,https://doi.org/10.1002/ijfe.2591,FROM_WOS,1.0,WoS only,WOS:000743760000001,WOS_BIB,,NO_NATIVE,INCLUDE,"I1,I2,I3,I4",Analiza el efecto de las emociones sobre la tolerancia y aversión al riesgo financiero en inversionistas minoristas del Reino Unido.,INCLUDE,
Interconnectedness of Emotions With Investment Decision-Making: A Conceptual Framework,"Verma, Shubhangi and Rao, Purnima and Burton, Bruce and Kumar, Satish",JOURNAL OF ECONOMIC SURVEYS,2026,10.1111/joes.12706,https://doi.org/10.1111/joes.12706,FROM_WOS,1.0,WoS only,WOS:001490771500001,WOS_BIB,,NO_NATIVE,INCLUDE,"I1,I2,I3,I4",Revisión y marco conceptual sobre cómo las emociones influyen en la apreciación del riesgo y la toma de decisiones de inversión.,INCLUDE,
Can cryptocurrencies improve portfolio diversification? Evidence from the prospect risk perspective,"Wang, Zhan and Gao, Xiang and Gu, Jiahao",RESEARCH IN INTERNATIONAL BUSINESS AND FINANCE,2025,10.1016/j.ribaf.2025.102828,https://doi.org/10.1016/j.ribaf.2025.102828,FROM_WOS,1.0,WoS only,WOS:001444207200001,WOS_BIB,,NO_NATIVE,INCLUDE,"I1,I2,I3,I4",Mide el 'riesgo prospectivo' (teoría de las perspectivas) de inversionistas en criptoactivos y su relación con sesgos de comportamiento.,INCLUDE,
"Financial awareness, risk aversion and portfolio choice","Chhatwani, Malvika",APPLIED ECONOMICS,2025,10.1080/00036846.2024.2356896,https://doi.org/10.1080/00036846.2024.2356896,FROM_WOS,1.0,WoS only,WOS:001229868400001,WOS_BIB,,NO_NATIVE,INCLUDE,"I1,I2,I3,I4",Analiza cómo la aversión al riesgo y la conciencia financiera afectan la participación de inversionistas indios en mercados de acciones y derivados.,INCLUDE,
Investor sentiment and the risk-return relation: A two-in-one approach,"Duxbury, Darren and Wang, Wenzhao",EUROPEAN FINANCIAL MANAGEMENT,2024,10.1111/eufm.12427,https://doi.org/10.1111/eufm.12427,FROM_WOS,1.0,WoS only,WOS:000986421700001,WOS_BIB,,NO_NATIVE,UNCERTAIN,AMBIGUO,Combina sentimiento de inversionistas minoristas e institucionales sin distinguir claramente su efecto individual sobre la relación riesgo-rendimiento (población institucional/individual mixta).,EXCLUDE,"Excluido por decision explicita del autor de la tesis (2026-08-16): ante la duda sobre ajuste con los criterios de poblacion/constructo/activo, se opta por excluir por precaucion. Registro identificado queda disponible para reconsideracion en fases posteriores si se requiere."
THE CAUSALITY RELATIONSHIP BETWEEN CREDIT DEFAULT SWAPS (CDS) AND PORTFOLIO INVESTMENTS: THE CASE OF TÜRKİYE,"Kucukosman, Asiye and Uzun, Sumeyye",EKONOMI POLITIKA \& FINANS ARASTIRMALARI DERGISI,2024,10.30784/epfad.1535924,https://doi.org/10.30784/epfad.1535924,FROM_WOS,1.0,WoS only,WOS:001343460800003,WOS_BIB,,NO_NATIVE,EXCLUDE,E6,"Analiza causalidad macroeconómica entre primas CDS soberanas y flujos de inversión de cartera a nivel país, sin perfilamiento conductual de inversionistas individuales.",EXCLUDE,
Multi-period portfolio optimization based on credibilistic lower and upper VaR ratios,"Jin, Xiu and Li, He and Hou, Yuting",JOURNAL OF INTELLIGENT \& FUZZY SYSTEMS,2023,10.3233/JIFS-224517,https://doi.org/10.3233/JIFS-224517,FROM_WOS,1.0,WoS only,WOS:001059229800082,WOS_BIB,,NO_NATIVE,INCLUDE,"I1,I2,I3,I4",Clasifica inversionistas conservadores vs. agresivos según su preferencia de riesgo (VaR) para la selección de portafolio.,INCLUDE,
Paralyzed by shock: the portfolio formation behavior of peer-to-business lending investors,"Dorfleitner, Gregor and Hornuf, Lars and Weber, Martina",REVIEW OF MANAGERIAL SCIENCE,2023,10.1007/s11846-022-00544-6,https://doi.org/10.1007/s11846-022-00544-6,FROM_WOS,1.0,WoS only,WOS:000795187300002,WOS_BIB,,NO_NATIVE,INCLUDE,"I1,I2,I3,I4",Identifica el 'sesgo de shock por incumplimiento' como error conductual de inversión en una plataforma de préstamos entre pares.,INCLUDE,
Investor attention and the use of leverage,"Davydov, Denis and Peltomaki, Jarkko",FINANCIAL REVIEW,2023,10.1111/fire.12337,https://doi.org/10.1111/fire.12337,FROM_WOS,1.0,WoS only,WOS:000930091800001,WOS_BIB,,NO_NATIVE,INCLUDE,"I1,I2,I3,I4",Examina cómo la atención del inversionista (constructo conductual) modera el efecto del apalancamiento en el desempeño de portafolios de inversionistas minoristas.,INCLUDE,
BIAS IN SME INVESTMENT DECISIONS: A CROSS-COUNTRY STUDY,"Rafinda, A. and Suroso, A. and Purwaningtyas, P. and Mubaroq, A. C.",POLISH JOURNAL OF MANAGEMENT STUDIES,2024,10.17512/pjms.2024.30.1.17,https://doi.org/10.17512/pjms.2024.30.1.17,FROM_WOS,1.0,WoS only,WOS:001410206000017,WOS_BIB,,NO_NATIVE,UNCERTAIN,AMBIGUO,"Estudia sesgos conductuales (exceso de confianza, teoría de las perspectivas, manada) en decisiones de inversión de propietarios de pymes, sin distinguir si son decisiones de inversión en activos financieros o de capital empresarial.",EXCLUDE,"Excluido por decision explicita del autor de la tesis (2026-08-16): ante la duda sobre ajuste con los criterios de poblacion/constructo/activo, se opta por excluir por precaucion. Registro identificado queda disponible para reconsideracion en fases posteriores si se requiere."
Relative Growth Rate Optimization Under Behavioral Criterion\textbackslash{}ast,"Peng, Jing and Wei, Pengyu and Xu, Zuo Quan",SIAM JOURNAL ON FINANCIAL MATHEMATICS,2023,10.1137/22M1496943,https://doi.org/10.1137/22M1496943,FROM_WOS,1.0,WoS only,WOS:001095133600007,WOS_BIB,,NO_NATIVE,INCLUDE,"I1,I2,I3,I4",Modelo de selección de portafolio en tiempo continuo para un inversionista conductual con preferencias tipo prospectivas y tolerancia al riesgo.,INCLUDE,
Development and validation of behavioral biases scale: a SEM approach,"Ritika and Kishor, Nawal",REVIEW OF BEHAVIORAL FINANCE,2022,10.1108/RBF-05-2020-0087,https://doi.org/10.1108/RBF-05-2020-0087,FROM_WOS,1.0,WoS only,WOS:000592672100001,WOS_BIB,,NO_NATIVE,INCLUDE,"I1,I2,I3,I4",Desarrolla y valida una escala de sesgos conductuales para la toma de decisiones de inversionistas individuales en mercados financieros.,INCLUDE,
Humanoid psychological sentiments and enigma of investment,"Chishti, Mazhar Farid and Bashir, Rizwana and Mancinelli, Tanja and Hussain, Rana Tanveer",JOURNAL OF ECONOMIC AND ADMINISTRATIVE SCIENCES,2023,10.1108/JEAS-05-2021-0100,https://doi.org/10.1108/JEAS-05-2021-0100,FROM_WOS,1.0,WoS only,WOS:000749532400001,WOS_BIB,,NO_NATIVE,INCLUDE,"I1,I2,I3,I4","Analiza factores conductuales (manada, exceso de confianza, anclaje, teoría prospectiva) que influyen en la decisión de inversión de inversionistas individuales pakistaníes.",INCLUDE,
The Analysis Level of Optimism that Influence Investor's Risk Tolerance in Asset Allocation,"Abidin, Siti Nazifah Zainol and Jaaman, Saiful Hafizah and Abu Bakar, Ahmad Syafadhli",SAINS MALAYSIANA,2023,10.17576/jsm-2023-5210-20,https://doi.org/10.17576/jsm-2023-5210-20,FROM_WOS,1.0,WoS only,WOS:001134576100001,WOS_BIB,,NO_NATIVE,INCLUDE,"I1,I2,I3,I4",Complementa la clasificación de tolerancia al riesgo de inversionistas con su nivel de optimismo para la asignación de activos.,INCLUDE,
Overconfidence and Investment Loss Tolerance: A Large-Scale Survey Analysis of Japanese Investors,"Nabeshima, Honoka and Khan, Mostafa Saidur Rahim and Kadoya, Yoshihiko",RISKS,2025,10.3390/risks13080142,https://doi.org/10.3390/risks13080142,FROM_WOS,1.0,WoS only,WOS:001558504800001,WOS_BIB,,NO_NATIVE,INCLUDE,"I1,I2,I3,I4",Examina la asociación entre exceso de confianza y tolerancia a la pérdida de inversión en una gran encuesta de inversionistas japoneses.,INCLUDE,
The financial advice puzzle: The role of consumer heterogeneity in the advisor choice,"Amaral, Christopher and Kolsarici, Ceren",JOURNAL OF RETAILING AND CONSUMER SERVICES,2020,10.1016/j.jretconser.2019.102014,https://doi.org/10.1016/j.jretconser.2019.102014,FROM_WOS,1.0,WoS only,WOS:000528835800021,WOS_BIB,,NO_NATIVE,INCLUDE,"I1,I2,I3,I4",Relaciona tolerancia al riesgo y autoeficacia con la elección de asesor financiero por parte de consumidores/inversionistas.,INCLUDE,
"Investor sentiment, financing constraints, and corporate risk-taking: Mechanisms and heterogeneity analysis","Zhao, Cui-Xia and Li, Yan and Wang, Hao-Kui",INTERNATIONAL REVIEW OF FINANCIAL ANALYSIS,2025,10.1016/j.irfa.2025.104629,https://doi.org/10.1016/j.irfa.2025.104629,FROM_WOS,1.0,WoS only,WOS:001583700400001,WOS_BIB,,NO_NATIVE,EXCLUDE,E4,"Analiza cómo el sentimiento del inversionista y las restricciones financieras afectan la toma de riesgo corporativa de empresas chinas, un fenómeno a nivel firma, no perfil conductual del inversionista individual.",EXCLUDE,
Stochastic portfolio optimization: A regret-based approach on volatility risk measures: An empirical evidence from The New York stock market,"Larni-Fooeik, AmirMohammad and Sadjadi, Seyed Jafar and Mohammadi, Emran",PLOS ONE,2024,10.1371/journal.pone.0299699,https://doi.org/10.1371/journal.pone.0299699,FROM_WOS,1.0,WoS only,WOS:001207195800020,WOS_BIB,,NO_NATIVE,INCLUDE,"I1,I2,I3,I4",Incorpora el arrepentimiento (sesgo conductual) en la optimización estocástica de portafolios bursátiles.,INCLUDE,
Practice Briefing: Understanding investor archetypes in real estate,"Wiegelmann, Thomas and Schwab, William H.",JOURNAL OF PROPERTY INVESTMENT \& FINANCE,2025,10.1108/JPIF-06-2025-0080,https://doi.org/10.1108/JPIF-06-2025-0080,FROM_WOS,1.0,WoS only,WOS:001556521800001,WOS_BIB,,NO_NATIVE,UNCERTAIN,AMBIGUO,"Describe arquetipos conductuales y tolerancias al riesgo de inversionistas inmobiliarios (institucionales y privados mixtos), con activo objeto no financiero (bienes raíces) y metodología de opinión de expertos.",EXCLUDE,"Excluido por decision explicita del autor de la tesis (2026-08-16): ante la duda sobre ajuste con los criterios de poblacion/constructo/activo, se opta por excluir por precaucion. Registro identificado queda disponible para reconsideracion en fases posteriores si se requiere."
Early-Life Famine Experience and Households' Diversity of Financial Asset Portfolio: Evidence From China,"Xu, Shulin and Yang, Zhen",SOCIAL SCIENCE QUARTERLY,2025,10.1111/ssqu.13493,https://doi.org/10.1111/ssqu.13493,FROM_WOS,1.0,WoS only,WOS:001425985300001,WOS_BIB,,NO_NATIVE,INCLUDE,"I1,I2,I3,I4",Relaciona la experiencia temprana de hambruna con la aversión al riesgo y la diversificación de portafolios financieros de hogares.,INCLUDE,
Investor Regret and Stock Returns,"Arisoy, Y. Eser and Bali, Turan G. and Tang, Yi",MANAGEMENT SCIENCE,2024,10.1287/mnsc.2022.03389,https://doi.org/10.1287/mnsc.2022.03389,FROM_WOS,1.0,WoS only,WOS:001140985100001,WOS_BIB,,NO_NATIVE,INCLUDE,"I1,I2,I3,I4",Desarrolla una medida de arrepentimiento (sesgo conductual) de inversionistas bursátiles y su relación con los rendimientos.,INCLUDE,
"Investor ambiguity, systemic banking risk and economic activity: The case of too-big-to-fail","Driouchi, Tarik and So, Raymond H. Y. and Trigeorgis, Lenos",JOURNAL OF CORPORATE FINANCE,2020,10.1016/j.jcorpfin.2019.101549,https://doi.org/10.1016/j.jcorpfin.2019.101549,FROM_WOS,1.0,WoS only,WOS:000534353900007,WOS_BIB,,NO_NATIVE,UNCERTAIN,AMBIGUO,"Usa la ambigüedad conductual de inversionistas en opciones para explicar el riesgo sistémico bancario; el foco principal es el riesgo institucional/sistémico, no el perfil del inversionista.",EXCLUDE,"Excluido por decision explicita del autor de la tesis (2026-08-16): ante la duda sobre ajuste con los criterios de poblacion/constructo/activo, se opta por excluir por precaucion. Registro identificado queda disponible para reconsideracion en fases posteriores si se requiere."
Does operating risk affect portfolio risk? Evidence from insurers' securities holding,"Chen, Xuanjuan and Sun, Zhenzhen and Yao, Tong and Yu, Tong",JOURNAL OF CORPORATE FINANCE,2020,10.1016/j.jcorpfin.2020.101579,https://doi.org/10.1016/j.jcorpfin.2020.101579,FROM_WOS,1.0,WoS only,WOS:000534353900022,WOS_BIB,,NO_NATIVE,EXCLUDE,E4,"Examina cómo el riesgo operativo de aseguradoras (institucionales) afecta su toma de riesgo en inversión de cartera; es gestión de riesgo corporativa, no perfil conductual de inversionista individual.",EXCLUDE,
Impact of investor sentiment on mutual fund risk taking and performance: evidence from China,"Wang, Jian and Wang, Xiaoting and Yang, Jun and Zhuang, Xintian",ENTERPRISE INFORMATION SYSTEMS,2020,10.1080/17517575.2020.1758795,https://doi.org/10.1080/17517575.2020.1758795,FROM_WOS,1.0,WoS only,WOS:000533741800001,WOS_BIB,,NO_NATIVE,EXCLUDE,E4,"Estudia cómo el sentimiento del inversionista afecta la toma de riesgo de gestores de fondos mutuos, un fenómeno a nivel de la firma/fondo, no del inversionista individual.",EXCLUDE,
RISK PERCEPTION UNDER UNCERTAINTY: A BEHAVIORAL ANALYSIS OF SAFE-HAVEN ASSET RETURN RESPONSES,"Saldanli, Arif and Medetoglu, Batuhan and Gunay, Fatih and Kavas, Yusuf Bahadir",EKONOMI POLITIKA \& FINANS ARASTIRMALARI DERGISI-JOURNAL OF RESEARCH IN ECONOMICS POLITICS \& FINANCE,2026,10.30784/epfad.1934878,https://doi.org/10.30784/epfad.1934878,FROM_WOS,1.0,WoS only,WOS:001822057500013,WOS_BIB,,NO_NATIVE,INCLUDE,"I1,I2,I3,I4","Analiza percepción de riesgo, aversión a la pérdida y aversión a la ambigüedad de inversionistas ante activos refugio bajo incertidumbre.",INCLUDE,
A multi-period fuzzy portfolio optimization model with investors' loss aversion,"Yang, Xingyu and Chen, Jingui and Liu, Weilong and Zhao, Xuejin",SOFT COMPUTING,2023,10.1007/s00500-023-09030-x,https://doi.org/10.1007/s00500-023-09030-x,FROM_WOS,1.0,WoS only,WOS:001048868100003,WOS_BIB,,NO_NATIVE,INCLUDE,"I1,I2,I3,I4",Modelo de portafolio multiperíodo que incorpora la aversión a la pérdida de los inversionistas (teoría de las perspectivas).,INCLUDE,
The Importance of Risk Preference Parameters in Prospect Theory: Evidence from Mutual Fund Flows,"Artavanis, Nikolaos and Eksi, Asli",JOURNAL OF BEHAVIORAL FINANCE,2025,10.1080/15427560.2024.2348558,https://doi.org/10.1080/15427560.2024.2348558,FROM_WOS,1.0,WoS only,WOS:001222627800001,WOS_BIB,,NO_NATIVE,INCLUDE,"I1,I2,I3,I4",Examina parámetros de preferencia de riesgo de la teoría de las perspectivas (aversión a la pérdida) en inversionistas minoristas de fondos mutuos.,INCLUDE,
Are women more risk averse in investments? Brazilian evidence,"De Sa, Rachel Borges Cyrino and Tessmann, Mathias Schneid and Cerqueira, Alex Cerqueira",REVIEW OF BEHAVIORAL FINANCE,2024,10.1108/RBF-11-2023-0300,https://doi.org/10.1108/RBF-11-2023-0300,FROM_WOS,1.0,WoS only,WOS:001253231800001,WOS_BIB,,NO_NATIVE,INCLUDE,"I1,I2,I3,I4",Analiza si el género explica diferencias en aversión al riesgo en portafolios de inversión de clientes individuales brasileños.,INCLUDE,
Consistency and discrepancy in fine art investment: upward bias in investors' expectation,"Ryu, Jiye and Ahn, Keunbae and Robertson, Iain and Hong, Kihoon",REVIEW OF BEHAVIORAL FINANCE,2025,10.1108/RBF-07-2024-0200,https://doi.org/10.1108/RBF-07-2024-0200,FROM_WOS,1.0,WoS only,WOS:001415361000001,WOS_BIB,,NO_NATIVE,UNCERTAIN,AMBIGUO,"Estudia la percepción y el sesgo de expectativas de inversionistas en arte, un activo no financiero (coleccionable), mezclando dominio financiero y no financiero.",EXCLUDE,"Excluido por decision explicita del autor de la tesis (2026-08-16): ante la duda sobre ajuste con los criterios de poblacion/constructo/activo, se opta por excluir por precaucion. Registro identificado queda disponible para reconsideracion en fases posteriores si se requiere."
"Investor response to Morningstar's ratings, category information, and alpha in the Japanese mutual fund market","Omori, Kozo and Kitamura, Tomoki",INTERNATIONAL REVIEW OF FINANCIAL ANALYSIS,2023,10.1016/j.irfa.2023.102758,https://doi.org/10.1016/j.irfa.2023.102758,FROM_WOS,1.0,WoS only,WOS:001048589300001,WOS_BIB,,NO_NATIVE,UNCERTAIN,AMBIGUO,"Estudia la respuesta de inversionistas de fondos mutuos a calificaciones (heurística de Morningstar), pero no examina explícitamente un sesgo o rasgo conductual de riesgo definido en los criterios.",EXCLUDE,"Excluido por decision explicita del autor de la tesis (2026-08-16): ante la duda sobre ajuste con los criterios de poblacion/constructo/activo, se opta por excluir por precaucion. Registro identificado queda disponible para reconsideracion en fases posteriores si se requiere."
"Investor sentiment, credit rating, and stock returns","Lee, Jong Hwa and Sung, Taeyoon and Seo, Sung Won",INTERNATIONAL REVIEW OF ECONOMICS \& FINANCE,2022,10.1016/j.iref.2022.04.002,https://doi.org/10.1016/j.iref.2022.04.002,FROM_WOS,1.0,WoS only,WOS:000794853000004,WOS_BIB,,NO_NATIVE,INCLUDE,"I1,I2,I3,I4",El sentimiento (comportamiento) de inversionistas individuales explica la relación entre calificación crediticia y rendimientos accionarios.,INCLUDE,
Default Risk and Stock Returns: Evidence from Indian Corporate Sector,"Singh, Gurmeet and Singla, Ravi",VISION-THE JOURNAL OF BUSINESS PERSPECTIVE,2023,10.1177/09722629211003358,https://doi.org/10.1177/09722629211003358,FROM_WOS,1.0,WoS only,WOS:001015327000005,WOS_BIB,,NO_NATIVE,EXCLUDE,E4,"Analiza el riesgo de incumplimiento corporativo (Z-score de Altman) y su relación con rendimientos accionarios, sin ángulo conductual del inversionista.",EXCLUDE,
Investor reactions to key audit matters: Financial and non-financial contexts,"Hoang, Hien and Moroney, Robyn and Phang, Soon-Yeow and Xiao, Xinning",ACCOUNTING AND FINANCE,2023,10.1111/acfi.13041,https://doi.org/10.1111/acfi.13041,FROM_WOS,1.0,WoS only,WOS:000904022800001,WOS_BIB,,NO_NATIVE,UNCERTAIN,AMBIGUO,"Examina cómo divulgaciones de auditoría (KAM) afectan la evaluación de riesgo de inversión de los inversionistas, mezclando el dominio de auditoría/contabilidad con la percepción de riesgo conductual.",EXCLUDE,"Excluido por decision explicita del autor de la tesis (2026-08-16): ante la duda sobre ajuste con los criterios de poblacion/constructo/activo, se opta por excluir por precaucion. Registro identificado queda disponible para reconsideracion en fases posteriores si se requiere."
How persistent are the effects of experience sampling on investor behavior?,"Bradbury, Meike A. S. and Hens, Thorsten and Zeisberger, Stefan",JOURNAL OF BANKING \& FINANCE,2019,10.1016/j.jbankfin.2018.10.014,https://doi.org/10.1016/j.jbankfin.2018.10.014,FROM_WOS,1.0,WoS only,WOS:000454465300004,WOS_BIB,,NO_NATIVE,INCLUDE,"I1,I2,I3,I4",Experimento sobre cómo la forma de presentar el riesgo (muestreo de experiencia) afecta la toma de riesgo de inversionistas en decisiones de inversión repetidas.,INCLUDE,
Unusual investor behavior under tacit and endogenous market signals,"Wang, Lanfang and Wang, Susheng",INTERNATIONAL REVIEW OF ECONOMICS \& FINANCE,2021,10.1016/j.iref.2020.12.029,https://doi.org/10.1016/j.iref.2020.12.029,FROM_WOS,1.0,WoS only,WOS:000632647100006,WOS_BIB,,NO_NATIVE,INCLUDE,"I1,I2,I3,I4","Modelo teórico donde diferencias en actitudes de riesgo, conocimiento y experiencia de inversionistas heterogéneos generan comportamientos inusuales de inversión.",INCLUDE,
Fuzzy portfolio selection with prospect consistency constraint based on possibility theory,"Deng, Xue and Chen, Chuangjie",JOURNAL OF INTELLIGENT \& FUZZY SYSTEMS,2021,10.3233/JIFS-201457,https://doi.org/10.3233/JIFS-201457,FROM_WOS,1.0,WoS only,WOS:000626775000056,WOS_BIB,,NO_NATIVE,INCLUDE,"I1,I2,I3,I4",Combina teoría de las perspectivas y de la posibilidad para modelar preferencias de riesgo de inversionistas en la selección de portafolio.,INCLUDE,
Investor sentiment and insurers' financial stability: do sovereign ratings matter?,"Ahmed, Danish and Shahab, Yasir and Ullah, Farid and Ye, Zhiwei",GENEVA PAPERS ON RISK AND INSURANCE-ISSUES AND PRACTICE,2020,10.1057/s41288-020-00160-z,https://doi.org/10.1057/s41288-020-00160-z,FROM_WOS,1.0,WoS only,WOS:000516143200001,WOS_BIB,,NO_NATIVE,EXCLUDE,E4,"Analiza cómo el sentimiento de inversionistas se relaciona con la estabilidad financiera de aseguradoras (institucional), sin perfil conductual del inversionista individual.",EXCLUDE,
Does Your Personality Affect the Investment Risk You Take?,"Poddar, Shiwangi and Adhikari, Risav",NMIMS MANAGEMENT REVIEW,2022,10.53908/NMMR.300215,https://doi.org/10.53908/NMMR.300215,FROM_WOS,1.0,WoS only,WOS:000829449000005,WOS_BIB,,NO_NATIVE,INCLUDE,"I1,I2,I3,I4",Relaciona rasgos de personalidad (Big Five) con el riesgo de inversión asumido por inversionistas individuales.,INCLUDE,
Risk-adjusted valuation for real option decisions,"Alexander, Carol and Chen, Xi and Ward, Charles",JOURNAL OF ECONOMIC BEHAVIOR \& ORGANIZATION,2021,10.1016/j.jebo.2021.09.011,https://doi.org/10.1016/j.jebo.2021.09.011,FROM_WOS,1.0,WoS only,WOS:000714677600004,WOS_BIB,,NO_NATIVE,EXCLUDE,E4,"Modelo de valoración de opciones reales para decisiones de inversión corporativa (capital budgeting) usando preferencias de riesgo del decisor, sin foco en el inversionista minorista de activos financieros.",EXCLUDE,
Market-wide overconfidence and stock returns,"Chen, Qiang and Han, Yu and Huang, Ying",JOURNAL OF FUTURES MARKETS,2024,10.1002/fut.22462,https://doi.org/10.1002/fut.22462,FROM_WOS,1.0,WoS only,WOS:001071007100001,WOS_BIB,,NO_NATIVE,INCLUDE,"I1,I2,I3,I4",Desarrolla una medida de exceso de confianza a nivel de mercado y su relación con la toma de riesgo y los rendimientos bursátiles.,INCLUDE,
Prospect theory and stock returns: Evidence from foreign share markets,"Wang, Junbo and Wu, Chunchi and Zhong, Xiaoling",PACIFIC-BASIN FINANCE JOURNAL,2021,10.1016/j.pacfin.2021.101644,https://doi.org/10.1016/j.pacfin.2021.101644,FROM_WOS,1.0,WoS only,WOS:000706886200013,WOS_BIB,,NO_NATIVE,INCLUDE,"I1,I2,I3,I4",La teoría de las perspectivas explica el comportamiento y la demanda tipo lotería de inversionistas individuales en mercados accionarios.,INCLUDE,
Robust investment strategies with two risky assets,"Lin, Qian and Luo, Yulei and Sun, Xianming",JOURNAL OF ECONOMIC DYNAMICS \& CONTROL,2022,10.1016/j.jedc.2021.104275,https://doi.org/10.1016/j.jedc.2021.104275,FROM_WOS,1.0,WoS only,WOS:000777226300002,WOS_BIB,,NO_NATIVE,INCLUDE,"I1,I2,I3,I4",Modelo de decisión de inversión robusta bajo ambigüedad (tolerancia a la ambigüedad) para inversionistas con dos activos riesgosos.,EXCLUDE,"Validacion por muestreo (2026-08-16): segunda pasada IA independiente (ciega) decidio 'EXCLUDE' (discrepancia con la clasificacion original 'INCLUDE'). Motivo de la segunda pasada: Es un modelo normativo de teoría de portafolio bajo ambigüedad de retornos (utilidad CRRA), no un estudio conductual sobre perfiles de riesgo de inversionistas. Resuelto EXCLUDE aplicando la misma regla de precaucion del autor (ante desacuerdo/duda entre revisores, excluir)."
What are the benefits of attracting gambling investors? Evidence from stock splits in China,"Hu, Conghui and Lin, Ji-Chai and Liu, Yu-Jane",JOURNAL OF CORPORATE FINANCE,2022,10.1016/j.jcorpfin.2022.102199,https://doi.org/10.1016/j.jcorpfin.2022.102199,FROM_WOS,1.0,WoS only,WOS:000806553300004,WOS_BIB,,NO_NATIVE,INCLUDE,"I1,I2,I3,I4",Analiza la preferencia por 'apuesta' (sesgo de comportamiento tipo lotería) de inversionistas atraídos por splits accionarios.,INCLUDE,
Increasing return response to changes in risk,"Dicle, Mehmet F.",REVIEW OF FINANCIAL ECONOMICS,2019,10.1002/rfe.1032,https://doi.org/10.1002/rfe.1032,FROM_WOS,1.0,WoS only,WOS:000457610200010,WOS_BIB,,NO_NATIVE,INCLUDE,"I1,I2,I3,I4","Examina cómo la respuesta de rendimiento de los inversionistas cambia con el nivel de riesgo, en el marco de la teoría de aversión al riesgo.",INCLUDE,
A new behavioral finance mean variance framework,"Feldman, Todd and Liu, Shuming",REVIEW OF BEHAVIORAL FINANCE,2023,10.1108/RBF-05-2021-0088,https://doi.org/10.1108/RBF-05-2021-0088,FROM_WOS,1.0,WoS only,WOS:000739867400001,WOS_BIB,,NO_NATIVE,INCLUDE,"I1,I2,I3,I4",Propone un marco de finanzas conductuales con un indicador dinámico de aversión al riesgo para la asignación de portafolio.,INCLUDE,
A study on stock market investors during COVID phase - prospect theory approach,"Virdikar, Bhagyashree and Kulkarni, Mugdha",CARDIOMETRY,2022,10.18137/cardiometry.2022.23.263271,https://doi.org/10.18137/cardiometry.2022.23.263271,FROM_WOS,1.0,WoS only,WOS:000859993800030,WOS_BIB,,NO_NATIVE,INCLUDE,"I1,I2,I3,I4","Investigadores individuales de bolsa durante COVID analizados con teoria de las perspectivas (aversion a la perdida, aversion al riesgo) en activos financieros.",INCLUDE,
"Easy, breezy, risky: Lay investors fail to diversify because correlated assets feel more fluent and less risky","Cornil, Yann and Hardisty, David J. and Bart, Yakov",ORGANIZATIONAL BEHAVIOR AND HUMAN DECISION PROCESSES,2019,10.1016/j.obhdp.2019.06.001,https://doi.org/10.1016/j.obhdp.2019.06.001,FROM_WOS,1.0,WoS only,WOS:000511223400008,WOS_BIB,,NO_NATIVE,INCLUDE,"I1,I2,I3,I4",Estudia como inversionistas legos (baja alfabetizacion financiera) perciben erroneamente el riesgo de portafolios de activos financieros por sesgos de fluidez cognitiva.,INCLUDE,
"The Impact of Emotional Finance, and Market Knowledge and Investor Protection on Investment Performance in Stock and Real Estate Markets","Irfan, Muhammad and Adeel, Raima and Malik, Muhammad Shaukat",SAGE OPEN,2023,10.1177/21582440231206900,https://doi.org/10.1177/21582440231206900,FROM_WOS,1.0,WoS only,WOS:001095947000001,WOS_BIB,,NO_NATIVE,INCLUDE,"I1,I2,I3,I4","Examina como las emociones (ansiedad, felicidad, optimismo) de inversionistas individuales en acciones y bienes raices se asocian con el desempeno de inversion.",INCLUDE,
"Sentiment, Loss Firms, and Investor Expectations of Future Earnings{*}","Riedl, Edward J. and Sun, Estelle Y. and Wang, Guannan",CONTEMPORARY ACCOUNTING RESEARCH,2021,10.1111/1911-3846.12618,https://doi.org/10.1111/1911-3846.12618,FROM_WOS,1.0,WoS only,WOS:000593118900001,WOS_BIB,,NO_NATIVE,UNCERTAIN,AMBIGUO,"Trata sobre sentimiento agregado de mercado y su relacion con la mala valoracion de ganancias futuras a nivel de firma, sin que sea claro si el enfoque es un constructo de riesgo conductual del inversionista individual (I2 discutible).",EXCLUDE,"Excluido por decision explicita del autor de la tesis (2026-08-16): ante la duda sobre ajuste con los criterios de poblacion/constructo/activo, se opta por excluir por precaucion. Registro identificado queda disponible para reconsideracion en fases posteriores si se requiere."
How do the determinants of investment decisions get prioritized? Peeking into the minds of investors,"Sood, Kirti and Pathak, Prachi and Gupta, Sanjay",KYBERNETES,2025,10.1108/K-04-2023-0662,https://doi.org/10.1108/K-04-2023-0662,FROM_WOS,1.0,WoS only,WOS:001135350100001,WOS_BIB,,NO_NATIVE,INCLUDE,"I1,I2,I3,I4",Investiga como inversionistas individuales de renta variable priorizan factores psicologicos y sesgos conductuales al tomar decisiones de inversion.,INCLUDE,
A COMPREHENSIVE REVIEW OF BEHAVIORAL BIASES IN FINANCIAL DECISION-MAKING: FROM CLASSICAL FINANCE TO BEHAVIORAL FINANCE PERSPECTIVES,"Kanapickiene, Rasa and Vasiliauskaite, Deimante and Keliuotyte-Staniuleniene, Greta and Spicas, Renatas and Omeir, Ahmad Kaab and Kanapickas, Tomas",JOURNAL OF BUSINESS ECONOMICS AND MANAGEMENT,2024,10.3846/jbem.2024.22314,https://doi.org/10.3846/jbem.2024.22314,FROM_WOS,1.0,WoS only,WOS:001336497600002,WOS_BIB,,NO_NATIVE,INCLUDE,"I1,I2,I3,I4","Revision sistematica de sesgos conductuales que afectan a inversionistas individuales y su impacto en decisiones de inversion, aporta evidencia de soporte sin requerir taxonomia propia.",INCLUDE,
The influence of emotional intelligence and behavioural biases on mutual fund churning frequency: Evidence from India,"Annapurna, R. and Basri, Savitha",ACTA PSYCHOLOGICA,2024,10.1016/j.actpsy.2024.104426,https://doi.org/10.1016/j.actpsy.2024.104426,FROM_WOS,1.0,WoS only,WOS:001282153100001,WOS_BIB,,NO_NATIVE,INCLUDE,"I1,I2,I3,I4","Analiza el efecto de la inteligencia emocional sobre sesgos conductuales (herding, exceso de confianza, efecto disposicion) en inversionistas de fondos mutuos.",INCLUDE,
Why does stock-market investor sentiment influence corporate investment?,"Du, Ding and Hu, Ou",REVIEW OF QUANTITATIVE FINANCE AND ACCOUNTING,2020,10.1007/s11156-019-00823-6,https://doi.org/10.1007/s11156-019-00823-6,FROM_WOS,1.0,WoS only,WOS:000531439400003,WOS_BIB,,NO_NATIVE,EXCLUDE,E4,"El objeto de estudio es la inversion corporativa de firmas influida por el sentimiento del inversionista de mercado, no la decision conductual del inversionista individual.",EXCLUDE,
"NAVIGATING THE STOCK MARKET: MODELING WEALTH EXCHANGE AND NETWORK INTERACTION WITH LOSS AVERSION, DISPOSITION EFFECT AND ANCHORING AND ADJUSTMENT BIAS","Saltik, Omur",EKONOMI POLITIKA \& FINANS ARASTIRMALARI DERGISI,2024,10.30784/epfad.1435009,https://doi.org/10.30784/epfad.1435009,FROM_WOS,1.0,WoS only,WOS:001343077000005,WOS_BIB,,NO_NATIVE,INCLUDE,"I1,I2,I3,I4","Modela mediante agentes los efectos de aversion a la perdida, efecto disposicion y anclaje sobre decisiones de inversionistas en el mercado bursatil.",INCLUDE,
Influence of Overconfidence and Loss Aversion on Financial Decision-Making of Teachers in Ghana: The moderating role of Financial Literacy,"Tetteh, Joseph Emmanuel and Adu-Darko, Eunice and Agyirey-Kwakye, Benedicta",AFRICAN REVIEW OF ECONOMICS AND FINANCE-AREF,2024,,,FROM_WOS,0,WoS only,WOS:001418061800011,WOS_BIB,,NO_NATIVE,EXCLUDE,I1,"El propio estudio declara que examina la decision financiera de una poblacion no inversionista (docentes), no la decision de inversion en activos financieros.",EXCLUDE,
Behavioural Portfolio Selection and Optimisation: Equities versus Cryptocurrencies,"Ababio, Kofi Agyarko",JOURNAL OF AFRICAN BUSINESS,2020,10.1080/15228916.2019.1625018,https://doi.org/10.1080/15228916.2019.1625018,FROM_WOS,1.0,WoS only,WOS:000539694300001,WOS_BIB,,NO_NATIVE,INCLUDE,"I1,I2,I3,I4",Compara la seleccion conductual de portafolios de inversionistas reales entre acciones y criptoactivos usando teoria acumulativa de las perspectivas.,INCLUDE,
Impact of Psychological Biases and Personality Traits on Investor Trading Behavior,"Anjum, Zafar Uz Zaman and Phulpoto, Nazar H. and Memon, Sohail A. and Pahore, Raza M. and Imran, M. and Bhutto, Zuhaibuddin",INTERNATIONAL JOURNAL OF COMPUTER SCIENCE AND NETWORK SECURITY,2019,,,FROM_WOS,0,WoS only,WOS:000490560300017,WOS_BIB,,NO_NATIVE,INCLUDE,"I1,I2,I3,I4","Examina el efecto de sesgos psicologicos (exceso de confianza, aversion a la perdida, autocontrol) y rasgos de personalidad sobre el comportamiento de trading de inversionistas.",INCLUDE,
Salience theory and mutual fund flows: Empirical evidence from China,"Hu, Shiyang and Xiang, Cheng and Quan, Xiaofeng",EMERGING MARKETS REVIEW,2023,10.1016/j.ememar.2022.100988,https://doi.org/10.1016/j.ememar.2022.100988,FROM_WOS,1.0,WoS only,WOS:000899356600003,WOS_BIB,,NO_NATIVE,INCLUDE,"I1,I2,I3,I4","Evidencia que la teoria de la relevancia distorsiona los pesos de decision de los inversionistas individuales al elegir activos riesgosos, afectando flujos de fondos mutuos.",INCLUDE,
Is the disposition effect in bonds as strong as in stocks? Evidence from an emerging market,"Hincapie-Salazar, Juliana and Agudelo, Diego A.",GLOBAL FINANCE JOURNAL,2020,10.1016/j.gfj.2019.100508,https://doi.org/10.1016/j.gfj.2019.100508,FROM_WOS,1.0,WoS only,WOS:000596093700009,WOS_BIB,,NO_NATIVE,INCLUDE,"I1,I2,I3,I4",Mide el efecto disposicion (sesgo conductual) de inversionistas individuales y family offices en bonos frente a acciones en un mercado emergente.,INCLUDE,
A Fuzzy Rough Feature Selection Framework for Investors Behavior Towards Gold Exchange-Traded Fund,"Acharjya, Biswajit and Natarajan, Subhashree",INTERNATIONAL JOURNAL OF BUSINESS ANALYTICS,2019,10.4018/IJBAN.2019040103,https://doi.org/10.4018/IJBAN.2019040103,FROM_WOS,1.0,WoS only,WOS:000511328300004,WOS_BIB,,NO_NATIVE,UNCERTAIN,AMBIGUO,"El abstract es generico sobre 'comportamiento del inversionista' hacia un ETF de oro sin especificar con claridad un constructo de riesgo conductual concreto, insuficiente para decidir con confianza.",EXCLUDE,"Excluido por decision explicita del autor de la tesis (2026-08-16): ante la duda sobre ajuste con los criterios de poblacion/constructo/activo, se opta por excluir por precaucion. Registro identificado queda disponible para reconsideracion en fases posteriores si se requiere."
Financial risk tolerance within couples of retail bank clients,"Broihanne, Marie-Helene and Orkut, Hava",INTERNATIONAL REVIEW OF ECONOMICS \& FINANCE,2026,10.1016/j.iref.2025.104828,https://doi.org/10.1016/j.iref.2025.104828,FROM_WOS,1.0,WoS only,WOS:001648867700001,WOS_BIB,,NO_NATIVE,INCLUDE,"I1,I2,I3,I4","Analiza la tolerancia al riesgo financiero (perfilamiento MiFID) de clientes minoristas de banca en pareja, activo financiero (renta variable) y asesoria.",INCLUDE,
"Impact of investors' demographic, behavior, attitudes and knowledge and skills on their risk tolerance levels in Bangladesh's emerging capital market","Ghosh, Sutap Kumar",RAJAGIRI MANAGEMENT JOURNAL,2025,10.1108/RAMJ-12-2024-0328,https://doi.org/10.1108/RAMJ-12-2024-0328,FROM_WOS,1.0,WoS only,WOS:001599343100001,WOS_BIB,,NO_NATIVE,INCLUDE,"I1,I2,I3,I4",Examina el impacto de factores demograficos y conductuales sobre el nivel de tolerancia al riesgo de inversionistas en el mercado bursatil de Bangladesh.,INCLUDE,
Impact of Personality Traits on Risk Tolerance and Investors' Decision Making,"Sadiq, Misbah and Amna, Hareem",INTERNATIONAL JOURNAL OF APPLIED BEHAVIORAL ECONOMICS,2019,10.4018/IJABE.2019010101,https://doi.org/10.4018/IJABE.2019010101,FROM_WOS,1.0,WoS only,WOS:000501126000001,WOS_BIB,,NO_NATIVE,INCLUDE,"I1,I2,I3,I4",Estudia como los rasgos de personalidad determinan la tolerancia al riesgo y las decisiones de inversion de inversionistas individuales.,INCLUDE,
The Relationship between Behavioral Tendencies and Stock Market Participation: A Study for Accounting and Finance Academics,"Cavusoglu, Abdulvahid and Eksi, Ibrahim Halil and Sit, Ahmet",ISTANBUL BUSINESS RESEARCH,2023,10.26650/ibr.2023.52.955732,https://doi.org/10.26650/ibr.2023.52.955732,FROM_WOS,1.0,WoS only,WOS:000996169500003,WOS_BIB,,NO_NATIVE,INCLUDE,"I1,I2,I3,I4","Analiza tendencias conductuales (tolerancia al riesgo, autoconfianza, herding, anclaje) y su relacion con la participacion en el mercado bursatil.",INCLUDE,
Overconfidence and risky investment choices,"Baek, Hyungkee Young and Cho, David D.",ECONOMICS BULLETIN,2022,,,FROM_WOS,0,WoS only,WOS:001228456800004,WOS_BIB,,NO_NATIVE,INCLUDE,"I1,I2,I3,I4",Examina como el exceso de confianza afecta la toma de riesgo de inversionistas activos de EE.UU. en decisiones de inversion en activos financieros.,INCLUDE,
Iterative under-sampling for delisting risk prediction of Chinese listed companies based on financial information,"Zhu, Yun-Hao and Zhang, Zhong-Liang and Liu, Wan-An",ENGINEERING APPLICATIONS OF ARTIFICIAL INTELLIGENCE,2025,10.1016/j.engappai.2025.110830,https://doi.org/10.1016/j.engappai.2025.110830,FROM_WOS,1.0,WoS only,WOS:001478811000001,WOS_BIB,,NO_NATIVE,EXCLUDE,E4,"El objeto de estudio es la prediccion de riesgo de exclusion bursatil (delisting) de empresas mediante modelos de aprendizaje automatico, un riesgo corporativo, no un perfil conductual de inversionistas.",EXCLUDE,
Financial risk propensity and investment decisions: An empirical analysis using behavioural biases,"Ul Islam, Khalid and Bhat, Suhail Ahmad and Lone, Umer Mushtaq and Darzi, Mushtaq Ahmad and Malik, Irshad Ahmad",IIMB MANAGEMENT REVIEW,2024,10.1016/j.iimb.2024.06.004,https://doi.org/10.1016/j.iimb.2024.06.004,FROM_WOS,1.0,WoS only,WOS:001321973900001,WOS_BIB,,NO_NATIVE,INCLUDE,"I1,I2,I3,I4","Analiza como sesgos conductuales (perspectiva, herding, heuristicas) influyen en la propension al riesgo financiero y en las decisiones de inversion de inversionistas.",INCLUDE,
"Household aging, commercial insurance participation, and risky asset allocation","Li, Bing and Liu, Yaping",INTERNATIONAL REVIEW OF FINANCIAL ANALYSIS,2025,10.1016/j.irfa.2025.104291,https://doi.org/10.1016/j.irfa.2025.104291,FROM_WOS,1.0,WoS only,WOS:001487564800002,WOS_BIB,,NO_NATIVE,INCLUDE,"I1,I2,I3,I4",Examina como el envejecimiento del hogar influye en la asignacion de activos riesgosos a traves de canales de preferencia por el riesgo y alfabetizacion financiera.,INCLUDE,
Impact of financial communication practices on investors' risk perception and decision-making,"Ramchandani, Vinita and Chatterjee, Anindita S.",INTERNATIONAL JOURNAL OF INDIAN CULTURE AND BUSINESS MANAGEMENT,2024,10.1504/IJICBM.2024.138994,https://doi.org/10.1504/IJICBM.2024.138994,FROM_WOS,1.0,WoS only,WOS:001241611700004,WOS_BIB,,NO_NATIVE,INCLUDE,"I1,I2,I3,I4",Analiza el efecto de practicas de comunicacion financiera sobre la percepcion de riesgo y la toma de decisiones de inversionistas.,INCLUDE,
IMPACT OF BEHAVIOURAL FINANCE ON RISK AND FINANCIAL DECISIONS OF MOROCCAN INVESTORS,"El Ghmari, Omar and El Ghmari, Imad and Trid, Sabah and M'hamdi, Mohamed",FINANCIAL AND CREDIT ACTIVITY-PROBLEMS OF THEORY AND PRACTICE,2024,10.55643/fcaptp.4.57.2024.4451,https://doi.org/10.55643/fcaptp.4.57.2024.4451,FROM_WOS,1.0,WoS only,WOS:001404924800019,WOS_BIB,,NO_NATIVE,INCLUDE,"I1,I2,I3,I4","Explora sesgos conductuales (aversion a la perdida, exceso de confianza) de inversionistas marroquies y su influencia en decisiones financieras de inversion.",INCLUDE,
Moderator effect of income on sharia stock investment decisions on the Stockbit,"Juliana, Juliana and Ismail, Shafinar and Patrullah, Ahmad Rifky and Al Adawiyah, Rumaisah Azizah and Muflih, Muhammad and Abduh, Muhamad",JOURNAL OF ISLAMIC ACCOUNTING AND BUSINESS RESEARCH,2026,10.1108/JIABR-04-2025-0223,https://doi.org/10.1108/JIABR-04-2025-0223,FROM_WOS,1.0,WoS only,WOS:001800323900001,WOS_BIB,,NO_NATIVE,INCLUDE,"I1,I2,I3,I4",Examina como la percepcion de riesgo y la alfabetizacion financiera moderadas por el ingreso afectan las decisiones de inversion bursatil sharia de inversionistas individuales.,INCLUDE,
Informational Tradeoffs From Banking Concentration and Institutional Ownership on Firm Investment: Evidence From Europe,"Alvarez, Roberto and Jara, Mauricio and Pombo, Carlos and Vargas, Paulina",BRQ-BUSINESS RESEARCH QUARTERLY,2026,10.1177/23409444261421239,https://doi.org/10.1177/23409444261421239,FROM_WOS,1.0,WoS only,WOS:001695721400001,WOS_BIB,,NO_NATIVE,EXCLUDE,E4,"Estudia el efecto de la concentracion bancaria y la propiedad institucional sobre las restricciones financieras y la inversion de las firmas, un riesgo puramente corporativo/institucional.",EXCLUDE,
What drives investment choices? A behavioral perspective from Gujarat state,"Patel, Bhautik Alpeshkumar and Patel, Brijesh Mukeshbhai",RAJAGIRI MANAGEMENT JOURNAL,2026,10.1108/RAMJ-07-2025-0136,https://doi.org/10.1108/RAMJ-07-2025-0136,FROM_WOS,1.0,WoS only,WOS:001712896800001,WOS_BIB,,NO_NATIVE,INCLUDE,"I1,I2,I3,I4","Examina como factores demograficos y sesgos conductuales influyen en la percepcion de riesgo, expectativas de retorno y decisiones de inversion de inversionistas individuales.",INCLUDE,
When local and foreign investors meet the Chinese government's risk perception about COVID-19,"Deng, Chao and Li, Shiyu and Hong, Yun",JOURNAL OF MULTINATIONAL FINANCIAL MANAGEMENT,2024,10.1016/j.mulfin.2024.100858,https://doi.org/10.1016/j.mulfin.2024.100858,FROM_WOS,1.0,WoS only,WOS:001226913600001,WOS_BIB,,NO_NATIVE,UNCERTAIN,AMBIGUO,"El abstract se centra en reacciones extremas de mercado ante cobertura mediatica estatal por COVID-19, sin desarrollar claramente un constructo de percepcion de riesgo conductual individual medido directamente.",EXCLUDE,"Excluido por decision explicita del autor de la tesis (2026-08-16): ante la duda sobre ajuste con los criterios de poblacion/constructo/activo, se opta por excluir por precaucion. Registro identificado queda disponible para reconsideracion en fases posteriores si se requiere."
"Role of perceived COVID-19 disruption, personality traits and risk perception in determining the investment behavior of retail investors: a hybrid regression-neural network approach","Manzoor, Arfat and Jan, Andleebah and Shafi, Mohammad and Parry, Mohammad Ashraf and Mir, Tawseef",JOURNAL OF ECONOMIC AND ADMINISTRATIVE SCIENCES,2025,10.1108/JEAS-01-2023-0026,https://doi.org/10.1108/JEAS-01-2023-0026,FROM_WOS,1.0,WoS only,WOS:001018783000001,WOS_BIB,,NO_NATIVE,INCLUDE,"I1,I2,I3,I4",Analiza el efecto de rasgos de personalidad y percepcion de riesgo sobre el comportamiento de inversion de inversionistas minoristas en el mercado bursatil indio.,INCLUDE,
"Contagion. FTX, A Sector's Crisis \& Crypto's Silent Victims","Breydo, Lev E.",AMERICAN BANKRUPTCY LAW JOURNAL,2024,,,FROM_WOS,0,WoS only,WOS:001378267700003,WOS_BIB,,NO_NATIVE,EXCLUDE,E6,"Es un analisis juridico-regulatorio sobre insolvencia y supervision de plataformas cripto tras el colapso de FTX, sin examinar un constructo de riesgo conductual del inversionista.",EXCLUDE,
Tangibility bias in investment risk judgments,"Atasoy, Ozgun and Trudel, Remi and Noseworthy, Theodore J. and Kaufmann, Patrick J.",ORGANIZATIONAL BEHAVIOR AND HUMAN DECISION PROCESSES,2022,10.1016/j.obhdp.2022.104150,https://doi.org/10.1016/j.obhdp.2022.104150,FROM_WOS,1.0,WoS only,WOS:000799384000001,WOS_BIB,,NO_NATIVE,INCLUDE,"I1,I2,I3,I4",Estudia el sesgo de tangibilidad en los juicios de riesgo de inversion de inversionistas al evaluar activos tangibles e intangibles.,INCLUDE,
Mediating Role of Optimism Bias and Risk Perception Between Emotional Intelligence and Decision-Making: A Serial Mediation Model,"Chen, Chaoran and Ishfaq, Muhammad and Ashraf, Farzana and Sarfaraz, Ayesha and Wang, Kan",FRONTIERS IN PSYCHOLOGY,2022,10.3389/fpsyg.2022.914649,https://doi.org/10.3389/fpsyg.2022.914649,FROM_WOS,1.0,WoS only,WOS:000812830900001,WOS_BIB,,NO_NATIVE,INCLUDE,"I1,I2,I3,I4",Examina el rol mediador del sesgo de optimismo y la percepcion de riesgo entre la inteligencia emocional y la toma de decisiones de inversionistas.,INCLUDE,
Anxiety in Returns,"Pigorsch, Uta and Schaefer, Sebastian",JOURNAL OF BEHAVIORAL FINANCE,2025,10.1080/15427560.2023.2257344,https://doi.org/10.1080/15427560.2023.2257344,FROM_WOS,1.0,WoS only,WOS:001065903200001,WOS_BIB,,NO_NATIVE,INCLUDE,"I1,I2,I3,I4",Evidencia empirica sobre como la aversion al riesgo de los inversionistas genera ansiedad ante perdidas realizadas y predice los retornos de acciones.,INCLUDE,
Beware the inexperienced financial advisor with a high trait emotional intelligence: Psychological determinants of the misperception of the risk-return relationship,"Priolo, Giulia and Vacondio, Martina and Bernasconi, Sara Maria and Rubaltelli, Enrico",PERSONALITY AND INDIVIDUAL DIFFERENCES,2022,10.1016/j.paid.2021.111458,https://doi.org/10.1016/j.paid.2021.111458,FROM_WOS,1.0,WoS only,WOS:000740162700007,WOS_BIB,,NO_NATIVE,UNCERTAIN,AMBIGUO,"La poblacion estudiada son asesores financieros profesionales, no inversionistas individuales, lo que hace marginal el cumplimiento del criterio de poblacion (I1).",EXCLUDE,"Excluido por decision explicita del autor de la tesis (2026-08-16): ante la duda sobre ajuste con los criterios de poblacion/constructo/activo, se opta por excluir por precaucion. Registro identificado queda disponible para reconsideracion en fases posteriores si se requiere."
On the hedging benefits of REITs: The role of risk aversion and market states,"Demirer, Riza and Yuksel, Asli and Yuksel, Aydin",ECONOMICS AND BUSINESS LETTERS,2021,10.17811/ebl.10.2.2021.126-132,https://doi.org/10.17811/ebl.10.2.2021.126-132,FROM_WOS,1.0,WoS only,WOS:000657545400005,WOS_BIB,,NO_NATIVE,UNCERTAIN,AMBIGUO,"No es claro si la aversion al riesgo utilizada es un indice agregado de mercado o un constructo conductual individual del inversionista; el enfoque central es una estrategia de cobertura, no el perfil del inversionista.",EXCLUDE,"Excluido por decision explicita del autor de la tesis (2026-08-16): ante la duda sobre ajuste con los criterios de poblacion/constructo/activo, se opta por excluir por precaucion. Registro identificado queda disponible para reconsideracion en fases posteriores si se requiere."
When do investors gamble in the stock market?,"Gong, Pu and Wen, Zhuzhu and Xiong, Xiong and Gong, Cynthia M.",INTERNATIONAL REVIEW OF FINANCIAL ANALYSIS,2021,10.1016/j.irfa.2021.101712,https://doi.org/10.1016/j.irfa.2021.101712,FROM_WOS,1.0,WoS only,WOS:000667135700014,WOS_BIB,,NO_NATIVE,INCLUDE,"I1,I2,I3,I4","Basado en teoria de las perspectivas, estudia cuando los inversionistas realizan trading motivado por apuesta (busqueda de retornos tipo loteria) en el mercado bursatil chino.",INCLUDE,
Bank risk-taking and market discipline: Evidence from CoCo bonds in Korea,"Lee, Younghwan and Park, Haerang",JOURNAL OF FUTURES MARKETS,2020,10.1002/fut.22097,https://doi.org/10.1002/fut.22097,FROM_WOS,1.0,WoS only,WOS:000510058100001,WOS_BIB,,NO_NATIVE,EXCLUDE,E4,"Estudia la disciplina de mercado sobre la toma de riesgo bancario mediante bonos CoCo, un fenomeno de riesgo corporativo/institucional sin angulo conductual del inversionista individual.",EXCLUDE,
A STUDY ON BEHAVIOURAL TRAITS OF RISK AVERSE INVESTORS : EVIDENCES FROM INDIA,"Mahmood, Athar and Ahmad, Moid U.",SMART-JOURNAL OF BUSINESS MANAGEMENT STUDIES,2020,10.5958/2321-2012.2020.00022.6,https://doi.org/10.5958/2321-2012.2020.00022.6,FROM_WOS,1.0,WoS only,WOS:000547435500013,WOS_BIB,,NO_NATIVE,INCLUDE,"I1,I2,I3,I4",Estudia rasgos conductuales asociados a la aversion al riesgo en inversionistas individuales indios mediante encuesta.,INCLUDE,
An Empirical Study on the Influence of the Basic Medical Insurance for Urban and Rural Residents on Family Financial Asset Allocation,"Li, Shenglin and Yang, Yifei",FRONTIERS IN PUBLIC HEALTH,2021,10.3389/fpubh.2021.725608,https://doi.org/10.3389/fpubh.2021.725608,FROM_WOS,1.0,WoS only,WOS:000689423800001,WOS_BIB,,NO_NATIVE,INCLUDE,"I1,I2,I3,I4",Examina como la participacion en seguro medico basico modifica la percepcion y actitud de riesgo de los hogares al asignar activos riesgosos frente a libres de riesgo.,EXCLUDE,"Validacion por muestreo (2026-08-16): segunda pasada IA independiente (ciega) decidio 'UNCERTAIN' (discrepancia con la clasificacion original 'INCLUDE'). Motivo de la segunda pasada: El foco principal es el efecto de una política de seguro médico sobre la asignación de activos familiares; la percepción/actitud de riesgo aparece solo como mecanismo mediador secundario, por lo que el cumplimiento de I1-I3 es discutible. Resuelto EXCLUDE aplicando la misma regla de precaucion del autor (ante desacuerdo/duda entre revisores, excluir)."
RISK MEASURE OPTIMIZATION: PERCEIVED RISK AND OVERCONFIDENCE OF STRUCTURED PRODUCT INVESTORS,"Chen, Xi and Wang, Zongrun and Deng, Songhai and Fang, Yong",JOURNAL OF INDUSTRIAL AND MANAGEMENT OPTIMIZATION,2019,10.3934/jimo.2018105,https://doi.org/10.3934/jimo.2018105,FROM_WOS,1.0,WoS only,WOS:000466101700023,WOS_BIB,,NO_NATIVE,INCLUDE,"I1,I2,I3,I4",Construye modelos de riesgo percibido y exceso de confianza de inversionistas individuales en productos financieros estructurados.,INCLUDE,
Diversification Benefits of REIT Preferred and Common Stock: New Evidence from a Utility-based Framework,"Boudry, I, Walter and deRoos, Jan A. and Ukhov, Andrey D.",REAL ESTATE ECONOMICS,2020,10.1111/1540-6229.12166,https://doi.org/10.1111/1540-6229.12166,FROM_WOS,1.0,WoS only,WOS:000514935900007,WOS_BIB,,NO_NATIVE,INCLUDE,"I1,I2,I3,I4","Segmenta inversionistas por nivel de aversion al riesgo para evaluar beneficios de diversificacion de REIT, aportando evidencia teorica sobre perfilamiento por riesgo.",INCLUDE,
Asset-Level Transparency and the (E)valuation of Asset-Backed Securities,"Neilson, Jed J. and Ryan, Stephen G. and Wang, K. Philip and Xie, Biqin",JOURNAL OF ACCOUNTING RESEARCH,2022,10.1111/1475-679X.12389,https://doi.org/10.1111/1475-679X.12389,FROM_WOS,1.0,WoS only,WOS:000674037500001,WOS_BIB,,NO_NATIVE,EXCLUDE,E6,"Examina el efecto de la divulgacion de informacion a nivel de activo sobre la valoracion de valores respaldados por activos por parte de agencias calificadoras, sin constructo de riesgo conductual del inversionista.",EXCLUDE,
Managers' skills and fund flows in the Japanese mutual fund market,"Omori, Kozo and Kitamura, Tomoki",STUDIES IN ECONOMICS AND FINANCE,2022,10.1108/SEF-05-2020-0147,https://doi.org/10.1108/SEF-05-2020-0147,FROM_WOS,1.0,WoS only,WOS:000716419100001,WOS_BIB,,NO_NATIVE,EXCLUDE,E6,"Analiza la sensibilidad de los flujos de fondos mutuos al desempeno (alfa) de los gestores mediante modelos de valoracion de activos, sin examinar un sesgo o perfil de riesgo conductual especifico.",EXCLUDE,
Modeling Asset Pricing Using Behavioral Variables: Fama- Macbeth Approach,"Nasiri, Mohammad and Sarraf, Fatemeh and Nourollahzadeh, Nowrouz and Hamidian, Mohsen and Noorifard, Yadollah",IRANIAN JOURNAL OF MANAGEMENT STUDIES,2021,10.22059/IJMS.2020.303308.674087,https://doi.org/10.22059/IJMS.2020.303308.674087,FROM_WOS,1.0,WoS only,WOS:000659904500005,WOS_BIB,,NO_NATIVE,EXCLUDE,E6,"Modela el pricing de activos a nivel de firma en la bolsa de Teheran usando variables conductuales agregadas (sentimiento, comportamiento de trading), sin poblacion de inversionistas individuales.",EXCLUDE,
MANAGERIAL AVERSION AND CAPITAL STRUCTURE: EVIDENCE FROM SOUTHEAST ASIA,"Adeneye, Yusuf Babatunde and Chu, Ei Yet",ASIAN ACADEMY OF MANAGEMENT JOURNAL OF ACCOUNTING AND FINANCE,2020,10.21315/aamjaf2020.16.1.8,https://doi.org/10.21315/aamjaf2020.16.1.8,FROM_WOS,1.0,WoS only,WOS:000560832400008,WOS_BIB,,NO_NATIVE,EXCLUDE,E4,"Estudia la aversion gerencial (directivos) y su efecto en la estructura de capital y valoracion de mercado de firmas, un fenomeno corporativo sin angulo del inversionista individual.",EXCLUDE,
Understanding the Psyche of Retail Investors in India and Their Reactions towards Market Highs and Lows While Making Investment Decisions during the Times of Covid-19,"Kothari, Anil and Baxi, Palak",PACIFIC BUSINESS REVIEW INTERNATIONAL,2021,,,FROM_WOS,0,WoS only,WOS:000719845200005,WOS_BIB,,NO_NATIVE,INCLUDE,"I1,I2,I3,I4","Analiza la psicologia de inversionistas minoristas indios, su perfil de riesgo y reacciones ante maximos y minimos del mercado durante COVID-19.",INCLUDE,
A Theory of Credit Rating Criteria,"Guo, Nan and Kou, Steven and Wang, Bin and Wang, Ruodu",MANAGEMENT SCIENCE,2025,10.1287/mnsc.2023.01075,https://doi.org/10.1287/mnsc.2023.01075,FROM_WOS,1.0,WoS only,WOS:001469810900038,WOS_BIB,,NO_NATIVE,EXCLUDE,E6,"Propone una teoria sobre los criterios de calificacion crediticia de valores por agencias calificadoras, sin relacion con el perfil de riesgo conductual del inversionista individual.",EXCLUDE,
Clustering Dutch citizens into behavioural phenotypes to understand green energy investment preferences,"Nikoloski, M. and Botzen, W. J. W. and Banerjee, S. and Blasch, J.",ECONOMICS LETTERS,2025,10.1016/j.econlet.2025.112566,https://doi.org/10.1016/j.econlet.2025.112566,FROM_WOS,1.0,WoS only,WOS:001559734800001,WOS_BIB,,NO_NATIVE,EXCLUDE,I4,"El objeto de inversion son mejoras energeticas residenciales (activo fisico), no activos financieros, aunque se perfile a los ciudadanos por fenotipos conductuales.",EXCLUDE,
Unraveling the role of personality in equity markets,"Singh, Anurag and Goel, Utkarsh and Kumar, Shailendra and Baker, H. Kent",REVIEW OF BEHAVIORAL ECONOMICS,2026,10.1108/RBE-06-2025-0046,https://doi.org/10.1108/RBE-06-2025-0046,FROM_WOS,1.0,WoS only,WOS:001758274400001,WOS_BIB,,NO_NATIVE,INCLUDE,"I1,I2,I3,I4","Integra rasgos de personalidad, autoeficacia financiera y tolerancia al riesgo individual para explicar las intenciones de inversion en renta variable de inversionistas individuales.",INCLUDE,
FROM NEWS TO CHARTS: RETHINKING MARKET PREDICTION WITH MULTIMODAL AI,"Guo, Haochen and Polak, Petr",MANAGEMENT-JOURNAL OF CONTEMPORARY MANAGEMENT ISSUES,2026,10.30924/mjcmi.31.1.6,https://doi.org/10.30924/mjcmi.31.1.6,FROM_WOS,1.0,WoS only,WOS:001822880600004,WOS_BIB,,NO_NATIVE,UNCERTAIN,AMBIGUO,"El foco principal es un modelo de IA multimodal para prediccion de mercado; los constructos conductuales (aversion a la perdida, herding) se usan solo como marco interpretativo, no como objeto medido en inversionistas.",EXCLUDE,"Excluido por decision explicita del autor de la tesis (2026-08-16): ante la duda sobre ajuste con los criterios de poblacion/constructo/activo, se opta por excluir por precaucion. Registro identificado queda disponible para reconsideracion en fases posteriores si se requiere."
Time-frequency connectedness and extreme dependencies in stock sector markets of the Chinese and US economies,"Roudari, Soheil and Ahmadian-Yazdi, Farzaneh and Homayounifar, Masoud and Mensi, Walid and Al-Yahyaee, Khamis Hamed",CHINA FINANCE REVIEW INTERNATIONAL,2026,10.1108/CFRI-11-2024-0708,https://doi.org/10.1108/CFRI-11-2024-0708,FROM_WOS,1.0,WoS only,WOS:001818441600001,WOS_BIB,,NO_NATIVE,EXCLUDE,E6,Analiza la conectividad e interdependencia extrema entre mercados sectoriales bursatiles de China y EE.UU. sin estudiar un constructo de riesgo conductual del inversionista.,EXCLUDE,
Does Anticipated Regret Affect the Predictability of Stock Returns?,"Dodonova, Anna and Khoroshilov, Yuri",FINANCIAL REVIEW,2026,10.1111/fire.70014,https://doi.org/10.1111/fire.70014,FROM_WOS,1.0,WoS only,WOS:001547859200001,WOS_BIB,,NO_NATIVE,INCLUDE,"I1,I2,I3,I4",Modelo teorico sobre inversionistas averso al arrepentimiento (sesgo conductual relacionado con aversion a la perdida) y su efecto en la prediccion de retornos accionarios.,INCLUDE,
Investment motives and performance expectations of impact investors☆,"Bachmann, Kremena and Meyer, Julia and Krauss, Annette",JOURNAL OF BEHAVIORAL AND EXPERIMENTAL FINANCE,2024,10.1016/j.jbef.2024.100911,https://doi.org/10.1016/j.jbef.2024.100911,FROM_WOS,1.0,WoS only,WOS:001222851000001,WOS_BIB,,NO_NATIVE,INCLUDE,"I1,I2,I3,I4","Analiza motivos y expectativas de desempeno de inversionistas minoristas de impacto, incluyendo sesgos en la revision de expectativas tras experimentar perdidas.",EXCLUDE,"Validacion por muestreo (2026-08-16): segunda pasada IA independiente (ciega) decidio 'UNCERTAIN' (discrepancia con la clasificacion original 'INCLUDE'). Motivo de la segunda pasada: El foco es la formación de expectativas de rendimiento según motivos financieros/no financieros de inversionistas de impacto, sin un sesgo o rasgo de riesgo conductual claramente definido, cumplimiento marginal de I2. Resuelto EXCLUDE aplicando la misma regla de precaucion del autor (ante desacuerdo/duda entre revisores, excluir)."
Firms' uncertainty perception and asset-debt maturity mismatch,"Li, Xiang and Peng, Xu and Chen, Lijuan and Ren, Zejuan",FINANCE RESEARCH LETTERS,2024,10.1016/j.frl.2024.106160,https://doi.org/10.1016/j.frl.2024.106160,FROM_WOS,1.0,WoS only,WOS:001335221600001,WOS_BIB,,NO_NATIVE,EXCLUDE,E4,"Estudia la percepcion de incertidumbre de firmas listadas chinas y su efecto en el desajuste de vencimientos activo-pasivo, un fenomeno corporativo sin angulo del inversionista individual.",EXCLUDE,
An insight of financial literacy and artificial intelligence to mitigate behavioral biases: a bibliometric and systematic review analysis using SPAR-4-SLR,"Annu and Tripathi, Ravindra",INTERNATIONAL JOURNAL OF EMERGING MARKETS,2025,10.1108/IJOEM-07-2024-1110,https://doi.org/10.1108/IJOEM-07-2024-1110,FROM_WOS,1.0,WoS only,WOS:001379716500001,WOS_BIB,,NO_NATIVE,INCLUDE,"I1,I2,I3,I4",Revision bibliometrica y sistematica sobre alfabetizacion financiera e inteligencia artificial para mitigar sesgos conductuales en decisiones de inversion.,INCLUDE,
Energy systems for climate change mitigation: A systematic review,"Kang, Jia-Ning and Wei, Yi-Ming and Liu, Lan-Cui and Han, Rong and Yu, Bi-Ying and Wang, Jin-Wei",APPLIED ENERGY,2020,10.1016/j.apenergy.2020.114602,https://doi.org/10.1016/j.apenergy.2020.114602,FROM_WOS,1.0,WoS only,WOS:000520402600028,WOS_BIB,,NO_NATIVE,EXCLUDE,E2,"Revision sistematica sobre sistemas energeticos para mitigacion del cambio climatico a nivel de sistema, sin angulo de comportamiento del inversionista individual.",EXCLUDE,
Determinants of mobile apps adoption by retail investors for online trading in emerging financial markets,"Nair, Parvathy S. and Shiva, Atul and Yadav, Nikhil and Tandon, Priyanka",BENCHMARKING-AN INTERNATIONAL JOURNAL,2023,10.1108/BIJ-01-2022-0019,https://doi.org/10.1108/BIJ-01-2022-0019,FROM_WOS,1.0,WoS only,WOS:000808588100001,WOS_BIB,,NO_NATIVE,UNCERTAIN,AMBIGUO,"El marco central es la adopcion tecnologica (UTAUT) de aplicaciones moviles de trading por inversionistas minoristas; el riesgo percibido aparece solo como variable secundaria, marginal respecto al constructo central de perfil de riesgo conductual.",EXCLUDE,"Excluido por decision explicita del autor de la tesis (2026-08-16): ante la duda sobre ajuste con los criterios de poblacion/constructo/activo, se opta por excluir por precaucion. Registro identificado queda disponible para reconsideracion en fases posteriores si se requiere."
Examining the Effect of Fear on Investment Decisions and Interpreting It with Psychological Factors: A Research on Turkiye2,"Ugur, Ahmet and Tosun, Nergis",SOSYOEKONOMI,2023,10.17233/sosyoekonomi.2023.02.15,https://doi.org/10.17233/sosyoekonomi.2023.02.15,FROM_WOS,1.0,WoS only,WOS:001008236600015,WOS_BIB,,NO_NATIVE,INCLUDE,"I1,I2,I3,I4","Examina el efecto del miedo y sesgos conductuales (aversion a la perdida, evitacion del arrepentimiento, herding) sobre las decisiones de inversion en instrumentos financieros en Turquia.",INCLUDE,
The Role of Emotions and Knowledge on Preference for Uncertainty: Follow Your Heart but Listen to Your Brain!,"Saraiva, Tania and Goncalves, Tiago Cruz",RISKS,2023,10.3390/risks11010002,https://doi.org/10.3390/risks11010002,FROM_WOS,1.0,WoS only,WOS:000926030300001,WOS_BIB,,NO_NATIVE,EXCLUDE,E6,"La poblacion estudiada son concursantes de un programa de television, no inversionistas ni personas tomando decisiones de inversion en mercados financieros.",EXCLUDE,
"Income, trading, and performance: Evidence from retail investors","Bui, Dien Giau and Hasan, Iftekhar and Lin, Chih-Yung and Zhai, Rui-Xiang",JOURNAL OF EMPIRICAL FINANCE,2022,10.1016/j.jempfin.2022.01.006,https://doi.org/10.1016/j.jempfin.2022.01.006,FROM_WOS,1.0,WoS only,WOS:000779555500009,WOS_BIB,,NO_NATIVE,INCLUDE,"I1,I2,I3,I4",Examina como el ingreso del hogar influye en el estilo de trading y la toma de riesgo (activos tipo loteria) de inversionistas minoristas.,INCLUDE,
Moderation effect of pleasure seeking and loss aversion in the relationship between personality traits and risky investment intention,"Aren, Selim and Hamamci, Hatice Nayman and Ozcan, Safvan",KYBERNETES,2021,10.1108/K-05-2020-0278,https://doi.org/10.1108/K-05-2020-0278,FROM_WOS,1.0,WoS only,WOS:000636747900001,WOS_BIB,,NO_NATIVE,INCLUDE,"I1,I2,I3,I4",Analiza el efecto moderador de la busqueda de placer y la aversion a la perdida entre rasgos de personalidad e intencion de inversion riesgosa.,INCLUDE,
Analyzing stock market trends using social media user moods and social influence,"Li, Daifeng and Wang, Yintian and Madden, Andrew and Ding, Ying and Tang, Jie and Sun, Gordon Guozheng and Zhang, Ning and Zhou, Enguo",JOURNAL OF THE ASSOCIATION FOR INFORMATION SCIENCE AND TECHNOLOGY,2019,10.1002/asi.24173,https://doi.org/10.1002/asi.24173,FROM_WOS,1.0,WoS only,WOS:000478640000008,WOS_BIB,,NO_NATIVE,INCLUDE,"I1,I2,I3,I4",Estudia la influencia social mediante estados de animo en redes sociales sobre comportamientos irracionales de inversionistas y tendencias del mercado bursatil.,INCLUDE,
Biased short: Short sellers' disposition effect and limits to arbitrage,"von Beschwitz, Bastian and Massa, Massimo",JOURNAL OF FINANCIAL MARKETS,2020,10.1016/j.finmar.2019.100512,https://doi.org/10.1016/j.finmar.2019.100512,FROM_WOS,1.0,WoS only,WOS:000566471800003,WOS_BIB,,NO_NATIVE,INCLUDE,"I1,I2,I3,I4",Investiga el efecto disposicion (sesgo conductual) en vendedores en corto de acciones y su relacion con los limites al arbitraje.,INCLUDE,
Is there an endogeneity problem between health and apartment value? Gender differences and the impact of obesity on property self-evaluation,"Arbel, Yuval and Fialkoff, Chaim and Kerner, Amichai",JOURNAL OF HOUSING AND THE BUILT ENVIRONMENT,2022,10.1007/s10901-021-09879-0,https://doi.org/10.1007/s10901-021-09879-0,FROM_WOS,1.0,WoS only,WOS:000693481600001,WOS_BIB,,NO_NATIVE,EXCLUDE,I4,"El objeto de estudio es la autoevaluacion del valor de apartamentos (activo fisico inmobiliario propio), no una decision de inversion en activos financieros ni un constructo central de riesgo conductual del inversionista.",EXCLUDE,
Analysis of attention on venture capital: A method of complex network on time series,"Zhang, Yu-Jie and Meng, Kou and Gao, Ting and Song, Yan-Qiu and Hu, Jun and Ti, En-Peng",INTERNATIONAL JOURNAL OF MODERN PHYSICS B,2020,10.1142/S0217979220502732,https://doi.org/10.1142/S0217979220502732,FROM_WOS,1.0,WoS only,WOS:000599878600009,WOS_BIB,,NO_NATIVE,EXCLUDE,E6,"Analiza series de tiempo de atencion de busqueda en internet sobre capital de riesgo mediante redes complejas, sin constructo de riesgo conductual del inversionista.",EXCLUDE,
The status quo and the investment decisions,"El Harbi, Sana and Toumia, Oumeima",MANAGERIAL FINANCE,2020,10.1108/MF-11-2019-0571,https://doi.org/10.1108/MF-11-2019-0571,FROM_WOS,1.0,WoS only,WOS:000538079800001,WOS_BIB,,NO_NATIVE,EXCLUDE,E4,"Estudia el sesgo de status quo en las decisiones de inversion de firmas de capital de riesgo (VC), poblacion institucional, no inversionistas individuales.",EXCLUDE,
Resistance to change in the financial management of small family-owned firms: a grounded theory of family firms in Laos,"Daovisan, Hanvedes and Chamaratana, Thanapauge",JOURNAL OF ACCOUNTING AND ORGANIZATIONAL CHANGE,2020,10.1108/JAOC-05-2020-0063,https://doi.org/10.1108/JAOC-05-2020-0063,FROM_WOS,1.0,WoS only,WOS:000562875200001,WOS_BIB,,NO_NATIVE,EXCLUDE,E4,"Teoria fundamentada sobre resistencia al cambio en la gestion financiera de firmas familiares, un fenomeno de gestion corporativa sin angulo del inversionista individual.",EXCLUDE,
Pricing Efficiency and Bounded Rationality: Evidence Based on the Responses Surrounding GICS Real Estate Category Creation,"Bao, Helen X. H. and Brady, Adam and Wang, Ziyou",INTERNATIONAL REAL ESTATE REVIEW,2020,,,FROM_WOS,0,WoS only,WOS:000549584200002,WOS_BIB,,NO_NATIVE,INCLUDE,"I1,I2,I3,I4","Evidencia efectos de encuadre (framing, relacionado con anclaje/teoria de las perspectivas) y racionalidad limitada entre inversionistas tras la reclasificacion sectorial de REIT.",INCLUDE,
A test of market efficiency using stock market anomalies: a behavioural approach,"ul Abdin, Syed Zain and Waqas, Muhammad and Ahmad, Mumtaz",MIDDLE EAST JOURNAL OF MANAGEMENT,2019,,,FROM_WOS,0,WoS only,WOS:000484418200003,WOS_BIB,,NO_NATIVE,INCLUDE,"I1,I2,I3,I4","Prueba la eficiencia de mercado mediante anomalias bursatiles explicadas por sesgos conductuales (contabilidad mental, aversion a la perdida, arrepentimiento) de inversionistas individuales.",INCLUDE,
