title,origin,year,decision,criterio,motivo,decision_final,resolucion
Seismic risk assessment of regional bridge networks using a stochastic emulator surrogate model,Scopus only,2027,EXCLUDE,E1,"Evalúa riesgo sísmico de puentes mediante modelos sustitutos, sin relación con perfiles conductuales de inversionistas (E1).",EXCLUDE,
Behavioural biases and investment decisions with mediating role of risk perception and moderating role of financial literacy,Scopus + WoS,2026,INCLUDE,"I1,I2,I3,I4",Estudia inversionistas minoristas del PSX y el efecto de sesgos conductuales y percepción de riesgo sobre decisiones de inversión en acciones (I1-I4).,INCLUDE,
Behavioral portfolio decisions in a GARCH world,Scopus + WoS,2026,INCLUDE,"I1,I2,I3,I4","Modela teóricamente decisiones de cartera de inversionistas conductuales (aversión a la pérdida, horizonte de inversión) bajo teoría de las perspectivas para activos de riesgo (I1-I4).",INCLUDE,
Behaviorally informed deep reinforcement learning for portfolio optimization with loss aversion and overconfidence,Scopus + WoS,2026,INCLUDE,"I1,I2,I3,I4",Integra aversión a la pérdida y exceso de confianza como sesgos conductuales del inversionista en un marco de optimización de cartera sobre criptoactivos y acciones (I1-I4).,INCLUDE,
Islamic Values and Gen Z's Investment Behavior in the Sharia Stock Market: Beyond Rationality,Scopus only,2026,INCLUDE,"I1,I2,I3,I4",Analiza cómo la percepción de riesgo y la alfabetización financiera influyen en decisiones de inversión bursátil de inversionistas individuales Gen Z (I1-I4).,INCLUDE,
A cultural finance perspective on the low volatility anomaly,Scopus + WoS,2026,INCLUDE,"I1,I2,I3,I4","Evidencia empírica de canales conductuales (exceso de confianza, aversión a la pérdida) que explican la anomalía de baja volatilidad en mercados accionarios (I1-I4).",INCLUDE,
Cybercrime in digital asset markets: evidence from high-frequency cryptocurrency data and implications for MiCA,Scopus only,2026,UNCERTAIN,AMBIGUO,"Mezcla ciberseguridad de criptomercados con marcos conductuales (manada, aversión a la pérdida, aprendizaje del inversionista); no es claro si el enfoque principal es el comportamiento del inversionista o el riesgo cibernético/regulatorio (AMBIGUO).",EXCLUDE,"Excluido por decision explicita del autor de la tesis (2026-08-16): ante la duda sobre ajuste con los criterios de poblacion/constructo/activo, se opta por excluir por precaucion. Registro identificado queda disponible para reconsideracion en fases posteriores si se requiere."
From Financial Literacy to Investment Intention: The Sequential Roles of Risk Perception and Trust,Scopus only,2026,INCLUDE,"I1,I2,I3,I4",Examina cómo la alfabetización financiera y la percepción de riesgo influyen en la intención de inversión de inversionistas individuales (I1-I4).,INCLUDE,
Behavioral Biases and Investor Decision-Making in the Saudi Stock Market: The Moderating Roles of Overconfidence and Loss Aversion in an Islamic and Oil-Dependent Economy,Scopus only,2026,INCLUDE,"I1,I2,I3,I4","Analiza exceso de confianza, efecto manada, anclaje y aversión a la pérdida en inversionistas minoristas del mercado saudí (I1-I4).",INCLUDE,
Optimizing commodity investor decision-making: A metaheuristic approach to addressing behavioral biases in finance,Scopus only,2026,INCLUDE,"I1,I2,I3,I4",Examina aversión al riesgo y percepción de riesgo de inversionistas individuales en commodities (I1-I4).,INCLUDE,
Expert-Based Risk Mapping for Low-Carbon Hydrogen Production Under Geopolitical Constraints: A Case Study of Russia,Scopus + WoS,2026,EXCLUDE,E2,"Mapeo de riesgos de un proyecto de hidrógeno bajo en carbono a nivel de sistema energético, sin ángulo conductual del inversionista individual (E2).",EXCLUDE,
A PRISMA-Based Systematic Review of Behavioral Biases and Demographic Moderators in Investment Decision-Making,Scopus only,2026,INCLUDE,"I1,I2,I3,I4","Revisión sistemática PRISMA sobre sesgos conductuales (exceso de confianza, manada, aversión a la pérdida, efecto disposición) y moderadores demográficos en la toma de decisiones de inversión (I1-I4).",INCLUDE,
Revisiting risk perception in goals-based equity investment: evidence from emerging investors in Bangalore,Scopus only,2026,INCLUDE,"I1,I2,I3,I4",Analiza percepción de riesgo y características demográficas en decisiones de inversión en renta variable de inversionistas emergentes (I1-I4).,INCLUDE,
A cyber risk economics model for organization-wide risk management (CYREM-ORM),Scopus only,2026,EXCLUDE,E3,"Modelo de economía de riesgo cibernético para gestión de riesgo organizacional, sin relación con el comportamiento del inversionista individual (E3).",EXCLUDE,
Understanding Impact Investment Intention Using the Extended Theory of Planned Behaviour,Scopus + WoS,2026,INCLUDE,"I1,I2,I3,I4",Examina la percepción de riesgo como determinante de la intención de inversión de impacto entre inversionistas indios (I1-I4).,INCLUDE,
"Political conservatism and investor risk tolerance: implications for suitability, profiling, and segmentation",Scopus + WoS,2026,INCLUDE,"I1,I2,I3,I4","Aporta un modelo de perfilamiento de inversionistas por tolerancia al riesgo asociado a rasgos ideológicos, con implicaciones directas para segmentación y suitability (I1-I4).",INCLUDE,
"Two financial worlds and the bridge between them: profiling crypto, traditional, and dual investors",Scopus + WoS,2026,INCLUDE,"I1,I2,I3,I4","Perfila inversionistas (cripto, tradicionales, duales) por tolerancia al riesgo y alfabetización financiera usando datos representativos de hogares (I1-I4).",INCLUDE,
Machine learning for risk profiling: An analysis of pension fund participants,Scopus + WoS,2026,INCLUDE,"I1,I2,I3,I4",Aplica machine learning al perfilamiento de riesgo de inversionistas individuales de un fondo de pensiones a partir de actitudes de riesgo autorreportadas (I1-I4).,INCLUDE,
Intelligent Borrower Profiling for Risk-Aware Loan Decision Making and Portfolio Optimization,Scopus only,2026,EXCLUDE,E6,Trata sobre perfilamiento de prestatarios y riesgo crediticio de préstamos; población de deudores y no de inversionistas en activos financieros (E6).,EXCLUDE,
Weighted Average Cost of Capital in Declining Interest Rate Environments (Part II): Qualitative Expert Research,Scopus only,2026,EXCLUDE,E4,"Estudia la persistencia del costo de capital (WACC) corporativo mediante entrevistas a ejecutivos financieros, sin ángulo de comportamiento del inversionista individual (E4).",EXCLUDE,
An EGU Evaluation System Model To Assist Insurance Companies In Decision-Making During ExtremeWeather Events,Scopus only,2026,EXCLUDE,E5,"Modelo de evaluación de riesgo de suscripción (underwriting) para aseguradoras ante eventos climáticos extremos, sin relación con comportamiento de inversión (E5).",EXCLUDE,
Towards Understanding Financial Decision-Making in Equity Markets Among German and Indian Participants: Survey-based Findings,Scopus only,2026,INCLUDE,"I1,I2,I3,I4","Encuesta sobre respuestas conductuales de inversionistas ante riesgo e incertidumbre en mercados accionarios, incluyendo venta por pánico (I1-I4).",INCLUDE,
Intergenerational Shifts in Equity Investment Behavior: From Traditional Media to Social Media Among Family Business Investors,Scopus only,2026,INCLUDE,"I1,I2,I3,I4",Examina la influencia social e intergeneracional en decisiones de inversión en renta variable de inversionistas de empresas familiares (I1-I4).,INCLUDE,
The Flow–Performance Relationship and Behavioral Biases: Evidence from Spanish Mutual Fund Flows,Scopus + WoS,2026,INCLUDE,"I1,I2,I3,I4",Explica los flujos de fondos mutuos españoles mediante sesgos conductuales como aversión a la pérdida y seguimiento de tendencia de los inversionistas (I1-I4).,INCLUDE,
Co-movement Between NIFTY Spot and Futures Indices: A Time–Frequency Analysis Using Wavelet,Scopus only,2026,EXCLUDE,E6,Análisis de microestructura de mercado (spillover de volatilidad spot-futuros) sin examinar un constructo conductual del inversionista; la mención de 'horizonte de inversión' es incidental (E6).,EXCLUDE,
Operational Resilience Under Carbon Constraints: A Socio-Technical Multi-Agentic Approach to Global Supply Chains,Scopus only,2026,EXCLUDE,E6,"Marco multiagente sobre resiliencia de cadenas de suministro y cómputo de IA bajo restricciones de carbono, sin relación con inversionistas ni decisiones de inversión (E6).",EXCLUDE,
Unit-level stranded asset of coal power under low-carbon transition pathways toward China's carbon neutrality,Scopus only,2026,EXCLUDE,E2,"Modelación financiera de activos varados de centrales de carbón bajo transición energética a nivel de sistema, sin ángulo conductual del inversionista individual (E2).",EXCLUDE,
How trading shocks shape risk preferences: nonlinear evidence from retail forex traders,Scopus + WoS,2026,INCLUDE,"I1,I2,I3,I4",Analiza cómo shocks de trading modifican las preferencias de riesgo (aversión/búsqueda de riesgo) de traders minoristas de forex (I1-I4).,INCLUDE,
AI governance after MiFID II: beyond (mere) technological neutrality?,Scopus only,2026,EXCLUDE,E6,Análisis jurídico-regulatorio de la gobernanza de IA financiera bajo MiFID II; no examina el comportamiento conductual de riesgo del inversionista individual (E6).,EXCLUDE,
How you measure transition risk matters: comparing and evaluating climate transition risk metrics,Scopus + WoS,2026,EXCLUDE,E2,"Compara métricas de riesgo de transición climática a nivel de firmas/portafolios agregados, sin ángulo de comportamiento del inversionista individual (E2).",EXCLUDE,
Investment Risk Appetite (IRA): Scale Development and Validation,Scopus only,2026,INCLUDE,"I1,I2,I3,I4",Desarrolla y valida una escala de apetito de riesgo de inversión (tolerancia y aversión al riesgo) aplicable a inversionistas (I1-I4).,INCLUDE,
Adaptability factors and behavioral biases of investors in frontier markets: An adaptive market hypothesis perspective,Scopus only,2026,INCLUDE,"I1,I2,I3,I4",Examina cómo factores de adaptabilidad influyen en manada y exceso de confianza de inversionistas minoristas en un mercado frontera (I1-I4).,INCLUDE,
Loss aversion in investment: A bibliometric and network visualization analysis,Scopus + WoS,2026,INCLUDE,"I1,I2,I3,I4",Análisis bibliométrico que sintetiza la literatura teórica y empírica sobre aversión a la pérdida en inversión (I1-I4).,INCLUDE,
Portfolio Selection Based on Time–Frequency Connectedness: Evidence from GCC Sectoral Stock Markets and the Oil Market,Scopus + WoS,2026,EXCLUDE,E6,"Estrategias cuantitativas de selección de cartera basadas en conectividad tiempo-frecuencia; el 'horizonte de inversión' se usa como propiedad de la cartera, no como constructo conductual estudiado (E6).",EXCLUDE,
"Bitcoin and Gold Causality Across Quantiles, Frequencies, and Market Regimes",Scopus only,2026,EXCLUDE,E6,"Análisis econométrico de causalidad Bitcoin-oro por cuantiles y horizontes de inversión, sin examinar comportamiento conductual del inversionista (E6).",EXCLUDE,
"SUSTAINABILITY, ETHICAL CAPITAL, AND INVESTMENT BEHAVIOUR: EMPIRICAL EVIDENCE FROM ESG MUTUAL FUND PREFERENCES IN CULTURAL AND CREATIVE INDUSTRIES",Scopus only,2026,INCLUDE,"I1,I2,I3,I4",Modelo conductual de tolerancia al riesgo y percepción ética que explica la preferencia de inversionistas minoristas e institucionales por fondos ESG (I1-I4).,INCLUDE,
How information overload and heuristics shape digital investment decisions,Scopus only,2026,INCLUDE,"I1,I2,I3,I4","Examina cómo la sobrecarga de información, la heurística y la percepción de riesgo afectan decisiones de inversión digital de inversionistas minoristas (I1-I4).",INCLUDE,
How Framing Susceptibility Is Associated with Investment Grip: Evidence from Japanese Retail Investors,Scopus + WoS,2026,INCLUDE,"I1,I2,I3,I4","Analiza tolerancia a la pérdida, encuadre (framing) y regulación emocional en el compromiso inversor de minoristas japoneses (I1-I4).",INCLUDE,
A Personalized Investment Advisory System Using Large Language Models: Evidence from Vietnam’s Stock Market,Scopus only,2026,UNCERTAIN,AMBIGUO,"El 'perfil de riesgo del inversionista' se menciona solo como insumo del sistema de recomendación de IA, sin ser el constructo central estudiado; inclusión marginal y discutible (AMBIGUO).",EXCLUDE,"Excluido por decision explicita del autor de la tesis (2026-08-16): ante la duda sobre ajuste con los criterios de poblacion/constructo/activo, se opta por excluir por precaucion. Registro identificado queda disponible para reconsideracion en fases posteriores si se requiere."
Managerial climate risk perception bias and corporate investment inefficiency: Evidence from Chinese listed firms,Scopus + WoS,2026,EXCLUDE,E4,"Estudia el sesgo de percepción de riesgo climático de gerentes corporativos y su efecto en la ineficiencia de la inversión de la firma, no en inversionistas individuales (E4).",EXCLUDE,
Portfolio Construction Under Behavioral Distortions and Narrow Framing: A Machine Learning Approach,Scopus + WoS,2026,INCLUDE,"I1,I2,I3,I4","Modela construcción de carteras bajo distorsiones conductuales (teoría de las perspectivas, encuadre estrecho) de distintos tipos de inversionistas sobre activos tradicionales y cripto (I1-I4).",INCLUDE,
Do match surprises move fan token prices? Evidence from UEFA competitions,Scopus + WoS,2026,INCLUDE,"I1,I2,I3,I4","Evidencia asimetría consistente con aversión a la pérdida en la reacción de precios de fan tokens, con implicaciones para inversionistas minoristas (I1-I4).",INCLUDE,
Global Attention and Market Resilience: Evidence from the Gaza Conflict and Israeli Financial Assets,Scopus + WoS,2026,INCLUDE,"I1,I2,I3,I4",Vincula la percepción de riesgo del inversionista y la atención pública (proxy conductual) con el comportamiento de activos financieros israelíes durante un conflicto geopolítico (I1-I4).,INCLUDE,
Seismic Exposure Modelling of the Romanian Residential Building Stock for (Re)Insurance Applications,Scopus only,2026,EXCLUDE,"E1,E5","Modelo de exposición sísmica del parque residencial rumano para aplicaciones de (re)seguro; riesgo de infraestructura física/actuarial sin ángulo conductual del inversionista (E1, E5).",EXCLUDE,
Exploring the role of simulated learning on portfolio management: enhancing investment decisions by addressing behavioural biases,Scopus only,2026,INCLUDE,"I1,I2,I3,I4","Evalúa experimentalmente cómo el aprendizaje simulado reduce sesgos conductuales (exceso de confianza, aversión a la pérdida, manada) en la gestión de carteras (I1-I4).",INCLUDE,
Role of artificial intelligence (AI) in strengthening impact of behavioral factors on investment decision process of IT/ITES employee towards behavioral finance,Scopus only,2026,INCLUDE,"I1,I2,I3,I4","Examina cómo la IA modera el efecto de sesgos conductuales (heurísticas, manada) sobre el proceso de decisión de inversión de empleados individuales (I1-I4).",INCLUDE,
Role of artificial intelligence in understanding psychological influences on investment decisions: A behavioral finance study among IT/ITES employees,Scopus only,2026,INCLUDE,"I1,I2,I3,I4","Estudia empíricamente influencias psicológicas (manada, aversión a la pérdida, confianza) sobre decisiones de inversión de empleados individuales (I1-I4).",INCLUDE,
AI-Based Fintech Recommendation System for Personalized Mutual Fund Investments,Scopus only,2026,UNCERTAIN,AMBIGUO,"Sistema de recomendación de fondos mutuos que menciona 'evaluación dinámica de riesgo' como característica técnica, sin desarrollar ni medir un constructo conductual de riesgo del inversionista (AMBIGUO).",EXCLUDE,"Excluido por decision explicita del autor de la tesis (2026-08-16): ante la duda sobre ajuste con los criterios de poblacion/constructo/activo, se opta por excluir por precaucion. Registro identificado queda disponible para reconsideracion en fases posteriores si se requiere."
An AI-Driven Financial Advisory System with Dynamic Risk Profiling,Scopus only,2026,INCLUDE,"I1,I2,I3,I4",Sistema de IA que perfila el riesgo del inversionista individual combinando datos demográficos y conductuales para asesoría de inversión (I1-I4).,INCLUDE,
Transformer-Based Time Series Forecasting for Credit Limit Utilization and Risk Profiling in Retail Lending,Scopus + WoS,2026,EXCLUDE,E6,"Perfilamiento de riesgo crediticio de prestatarios en préstamos minoristas mediante pronóstico de utilización de límite de crédito; población de prestatarios, no de inversionistas (E6).",EXCLUDE,
The role of behavioral biases in shaping investment decisions: an empirical analysis of the Indian investors,Scopus only,2026,INCLUDE,"I1,I2,I3,I4","Analiza el efecto de nueve sesgos conductuales (manada, exceso de confianza, aversión a la pérdida, contabilidad mental, etc.) en decisiones de inversión de inversionistas minoristas indios (I1-I4).",INCLUDE,
"Investors’ Emotional Intelligence, Personality Traits, and Risk Tolerance: A Measure of Investment Decisions",Scopus only,2026,INCLUDE,"I1,I2,I3,I4","Examina inteligencia emocional, rasgos de personalidad y tolerancia al riesgo como determinantes de decisiones de inversión individuales (I1-I4).",INCLUDE,
Integrating AI and OR for investment decision-making in emerging digital lending businesses: a risk-return multi-objective optimization approach,Scopus only,2026,EXCLUDE,E6,"Optimización cuantitativa riesgo-retorno de inversión en préstamos P2P mediante IA/OR, sin examinar ningún constructo conductual del inversionista (E6).",EXCLUDE,
Emotional Biases and Their Impact on Investment Decisions: A Behavioral Finance Perspective,Scopus only,2026,INCLUDE,"I1,I2,I3,I4","Síntesis teórica sobre sesgos emocionales (aversión a la pérdida, exceso de confianza, aversión al arrepentimiento, manada) y su impacto en decisiones de inversión (I1-I4).",INCLUDE,
Machine Learning Modelling of Digitalization in Gen Z Decisions: Financial Literacy and Risk Tolerance,Scopus only,2026,INCLUDE,"I1,I2,I3,I4",Modela con machine learning cómo la alfabetización financiera digital y la tolerancia al riesgo median el efecto de la digitalización en decisiones de inversión de la Generación Z (I1-I4).,INCLUDE,
Behavioral Financial Engineering: A Data-Driven Application of Cumulative Prospect Theory to Property Sector Portfolio Optimization,Scopus only,2026,INCLUDE,"I1,I2,I3,I4",Aplica la teoría de las perspectivas (CPT) para modelar la percepción de riesgo de inversionistas en la optimización de carteras accionarias del sector inmobiliario filipino (I1-I4).,INCLUDE,
Behavioral Biases in Financial Markets: Understanding the Impact of Cognitive Heuristic-Driven Biases and Emotional Biases in Shaping Investment Decisions,Scopus only,2026,INCLUDE,"I1,I2,I3,I4","Revisión teórica de sesgos heurístico-cognitivos y emocionales (efecto disposición, aversión a la pérdida, percepción de riesgo, contabilidad mental) en decisiones de inversión (I1-I4).",INCLUDE,
The brain behind the portfolio: the neurological foundations of investment decisions,Scopus + WoS,2026,INCLUDE,"I1,I2,I3,I4","Estudio de neurofinanzas con EEG que vincula actividad neuronal con sesgos conductuales (aversión al riesgo, exceso de confianza) en inversionistas minoristas durante trading (I1-I4).",INCLUDE,
Robo-Advisors in Investment Decision-Making: An Empirical Investigation of Behavioral Biases,Scopus only,2026,INCLUDE,"I1,I2,I3,I4","Examina empíricamente cómo los robo-advisors interactúan con sesgos conductuales (aversión a la pérdida, exceso de confianza) en decisiones de inversión (I1-I4).",INCLUDE,
Antecedents of investment decisions among retail investors: Mediating risk perception and moderating investment horizon,Scopus only,2026,INCLUDE,"I1,I2,I3,I4",Examina antecedentes de decisiones de inversión de minoristas tailandeses con percepción de riesgo como mediadora y horizonte de inversión como moderador (I1-I4).,INCLUDE,
AI-Based Predictive Modelling of Digitalization Effects on Investment Decisions of Gen Z Investors,Scopus only,2026,INCLUDE,"I1,I2,I3,I4",Modelo predictivo de IA sobre cómo la digitalización afecta percepción de riesgo y manada en decisiones de inversión de inversionistas Gen Z (I1-I4).,INCLUDE,
Digital Transformation in Wealth Management: Exploring How Robo-Advisors Moderate Behavioral Biases and Shape Investment Decisions,Scopus only,2026,INCLUDE,"I1,I2,I3,I4","Analiza cómo los robo-advisors atenúan sesgos conductuales (exceso de confianza, manada, aversión a la pérdida) en la toma de decisiones de inversión (I1-I4).",INCLUDE,
Deciphering risk and behavioural biases in investment decision-making,Scopus only,2026,INCLUDE,"I1,I2,I3,I4","Desarrolla un modelo integral de la relación entre sesgos conductuales (exceso de confianza, anclaje, manada, aversión a la pérdida) y tolerancia al riesgo en decisiones de inversión (I1-I4).",INCLUDE,
Behavioral Biases in Investment Decisions,Scopus only,2026,INCLUDE,"I1,I2,I3,I4","Examina el origen neurocognitivo de sesgos conductuales (aversión a la pérdida, manada, exceso de confianza) en decisiones de inversión (I1-I4).",INCLUDE,
Fuzzy Logic in Economics: A Model for Risk Assessment and Decision-Making,Scopus only,2026,EXCLUDE,E6,"Modelo de lógica difusa para evaluación de riesgo económico basado en variables financieras objetivas (volatilidad, liquidez, apalancamiento), sin examinar comportamiento del inversionista (E6).",EXCLUDE,
From Rationality to Reality: Taxonomy of Biases and Mitigation Strategies for Investors,Scopus only,2026,INCLUDE,"I1,I2,I3,I4","Propone una taxonomía de sesgos conductuales (heurísticas, autoengaño, sesgos emocionales, influencia social) y estrategias de mitigación para inversionistas (I1-I4).",INCLUDE,
AI Supported WealthTech Solutions for Personalized Financial Planning and Investment Decisions,Scopus only,2026,INCLUDE,"I1,I2,I3,I4",Segmenta inversionistas individuales por tolerancia al riesgo y tendencias conductuales mediante clustering para planeación financiera personalizada con IA (I1-I4).,INCLUDE,
"The Interplay Between Behavioral Finance and Environmental, Social, and Governance (ESG) Investment Decisions: Evidence From Chinese Listed Firms",Scopus + WoS,2026,UNCERTAIN,AMBIGUO,"Estudia sesgos conductuales (manada inducida por política, aversión a la pérdida) en decisiones ESG de gestores de fondos profesionales; población institucional, no individual/minorista (AMBIGUO).",EXCLUDE,"Excluido por decision explicita del autor de la tesis (2026-08-16): ante la duda sobre ajuste con los criterios de poblacion/constructo/activo, se opta por excluir por precaucion. Registro identificado queda disponible para reconsideracion en fases posteriores si se requiere."
The Psychology of Investing: Case Studies in Behavioral Finance,Scopus only,2026,INCLUDE,"I1,I2,I3,I4","Casos de estudio sobre sesgos conductuales (exceso de confianza, sesgo de confirmación, aversión a la pérdida, manada, contabilidad mental) en la psicología de la inversión (I1-I4).",INCLUDE,
"Analyzing the Investors Perception, Knowledge and Factors on Equity Fund in Stock Market Investment",Scopus only,2026,INCLUDE,"I1,I2,I3,I4","Examina percepción de riesgo, conocimiento y factores demográficos en decisiones de inversión en fondos de renta variable de inversionistas minoristas (I1-I4).",INCLUDE,
Non-home biased individuals' investment choices: the role of the birthplace of investors,Scopus + WoS,2026,INCLUDE,"I1,I2,I3,I4",Estudia inversionistas individuales italianos y su tolerancia al riesgo y sesgo doméstico en la asignación de activos financieros extranjeros.,INCLUDE,
Examining Diverse Factors Influencing Stock Market Investments of the Investors in South India,Scopus only,2026,INCLUDE,"I1,I2,I3,I4","Analiza percepción de riesgo, tolerancia al riesgo y factores psicológicos de inversionistas minoristas en su decisión de inversión bursátil.",INCLUDE,
Understanding the disposition effect: a phenomenological study of investor experiences in Nepal,Scopus + WoS,2026,INCLUDE,"I1,I2,I3,I4","Examina el efecto disposición, aversión a la pérdida, anclaje y exceso de confianza en inversionistas minoristas del mercado nepalí.",INCLUDE,
Business Leadership and Behavioral Economics: A Quantitative Assessment of Cognitive and Emotional Biases among Investors,Scopus only,2026,INCLUDE,"I1,I2,I3,I4","Cuantifica sesgos cognitivos y emocionales (framing, exceso de confianza, aversión a la pérdida) en inversionistas individuales tunecinos.",INCLUDE,
Impact of Investor Trust and Risk Perception on Mutual Fund Investment Intentions: The Mediating Role of Financial Literacy,Scopus only,2026,INCLUDE,"I1,I2,I3,I4",Investiga percepción de riesgo de inversionistas individuales y su efecto en la intención de inversión en fondos mutuos.,INCLUDE,
ESG Investing and its Impact on Risk-Adjusted Portfolio Returns from a Behavioral Finance Perspective Using SEM,Scopus only,2026,INCLUDE,"I1,I2,I3,I4","Modela cómo exceso de confianza, percepción de riesgo y comportamiento de manada de los inversionistas median el desempeño de portafolios ESG.",INCLUDE,
Exploring the Landscape of Behavioral Finance: A Review,Scopus only,2026,INCLUDE,"I1,I2,I3,I4","Revisión que sintetiza evidencia sobre sesgos conductuales del inversionista (exceso de confianza, manada, anclaje, aversión a la pérdida).",INCLUDE,
"Behavioral personae, narrow framing, and stochastic dominance in the cryptocurrency market",Scopus + WoS,2026,INCLUDE,"I1,I2,I3,I4","Modela arquetipos de inversionistas conductuales (teoría de las perspectivas, aversión a la pérdida) en decisiones de portafolio con criptoactivos.",INCLUDE,
When Confidence and Knowledge Diverge: Investor Calibration and Portfolio Behavior,Scopus + WoS,2026,INCLUDE,"I1,I2,I3,I4",Analiza cómo la calibración entre confianza y conocimiento financiero se asocia con tolerancia al riesgo y comportamiento de portafolio de los hogares.,INCLUDE,
Masculinity and Financial Behavior: Understanding Biases and Empowering Resilience,Scopus only,2026,INCLUDE,"I1,I2,I3,I4","Revisión sistemática sobre exceso de confianza, aversión a la pérdida y contabilidad mental en la toma de riesgo de inversionistas hombres.",INCLUDE,
Analysis of Islamic Unit Trust Funds Investors in Malaysia using the Kohonen self-organizing maps,Scopus + WoS,2026,INCLUDE,"I1,I2,I3,I4",Construye una segmentación/taxonomía de inversionistas minoristas malasios según apetito de riesgo y percepción de riesgo en fondos islámicos.,INCLUDE,
Investor Behavior and Renewable Energy Project Financing: Behavioral and Institutional Insights from Morocco,Scopus only,2026,UNCERTAIN,AMBIGUO,Mezcla percepción de riesgo conductual con financiamiento de proyectos de energía renovable y población mixta institucional/privada sin distinguir claramente activos financieros de proyectos físicos.,EXCLUDE,"Excluido por decision explicita del autor de la tesis (2026-08-16): ante la duda sobre ajuste con los criterios de poblacion/constructo/activo, se opta por excluir por precaucion. Registro identificado queda disponible para reconsideracion en fases posteriores si se requiere."
Gender and the Brain on Finance: Are Men and Women Wired for Different Risks?,Scopus only,2026,INCLUDE,"I1,I2,I3,I4",Capítulo teórico sobre percepción de riesgo y diferencias de género en la toma de decisiones financieras de los inversionistas.,INCLUDE,
FROM NEWS TO CHARTS: RETHINKING MARKET PREDICTION WITH MULTIMODAL AI | OD VIJESTI DO GRAFIKONA: PONOVNO PROMIŠLJANJE PREDVIĐANJA TRŽIŠTA S MULTIMODALNOM UMJETNOM INTELIGENCIJOM,Scopus only,2026,EXCLUDE,E6,"El aporte sustantivo es un modelo de IA multimodal para predicción de mercado; los sesgos conductuales solo se mencionan como interpretación, sin evidencia propia sobre riesgo conductual del inversionista.",EXCLUDE,
"Financial Reporting, Investor Psychology and the Role of Data Governance in Equity Markets",Scopus only,2026,INCLUDE,"I1,I2,I3,I4","Examina sesgos conductuales (anclaje, aversión a la pérdida, manada, exceso de confianza) de inversionistas en mercados accionarios y su relación con la información financiera.",INCLUDE,
Financing green innovation startups: a systematic literature review on early-stage SME funding,Scopus only,2026,EXCLUDE,E4,"Se centra en el ecosistema de financiamiento de capital de riesgo/institucional a startups, sin ángulo de riesgo conductual del inversionista individual.",EXCLUDE,
Agent-Based Simulation of a Financial Market with Large Language Models,Scopus only,2026,INCLUDE,"I1,I2,I3,I4",Utiliza la aversión a la pérdida y el anclaje a precios de referencia como mecanismo conductual central para explicar la dependencia de trayectoria en decisiones de inversión.,INCLUDE,
"Decoding investor behavior in the age of financial AI: integrating cognitive, emotional, and social drivers of adoption and resistance in India",Scopus + WoS,2026,EXCLUDE,E6,"El foco es la adopción tecnológica de IA por parte de inversionistas (aceptación/resistencia), no un constructo de riesgo conductual de la decisión de inversión.",EXCLUDE,"Validacion por muestreo (2026-08-16): segunda pasada IA independiente (ciega) decidio 'UNCERTAIN' (discrepancia con la clasificacion original 'EXCLUDE'). Motivo de la segunda pasada: Estudia drivers cognitivos, emocionales y sociales de adopción/resistencia a IA en gestión de portafolios, pero no queda claro si el foco principal es la aceptación tecnológica o el riesgo conductual del inversionista. Resuelto EXCLUDE aplicando la misma regla de precaucion del autor (ante desacuerdo/duda entre revisores, excluir)."
Crypto Investment Trends in the Digital Age: The Impact of Online Information on Risk Perception,Scopus only,2026,INCLUDE,"I1,I2,I3,I4",Analiza percepción de riesgo y alfabetización financiera de inversionistas minoristas de criptoactivos influidos por información en línea.,INCLUDE,
COVID-19 pandemic and analysts’ stock recommendation: an empirical analysis of citywide static management in Shanghai,Scopus + WoS,2026,EXCLUDE,I1,"La población son analistas financieros que emiten recomendaciones, no inversionistas individuales tomando decisiones de inversión propias.",EXCLUDE,
"Navigating crypto markets: financial literacy, behavior and information channels",Scopus + WoS,2026,INCLUDE,"I1,I2,I3,I4","Examina tolerancia al riesgo, exceso de confianza y alfabetización financiera como determinantes de la tenencia de Bitcoin por individuos.",INCLUDE,
Market Regime Forecasting Across Horizons: When Transition Detection Matters More Than Accuracy,Scopus only,2026,EXCLUDE,E6,"Es un estudio metodológico de pronóstico de regímenes de mercado con modelos estadísticos, sin constructo de riesgo conductual del inversionista.",EXCLUDE,
Dynamic q-dependent cross-correlation test for investment classification and its application on green finance,Scopus only,2026,EXCLUDE,E6,Desarrolla una prueba econométrica de correlación cruzada para clasificar activos; no examina comportamiento ni riesgo conductual del inversionista.,EXCLUDE,
Climate Risk Modeling in the Digital Age: New Approaches for Financial Institutions,Scopus only,2026,EXCLUDE,E4,"Aborda la gestión institucional del riesgo climático por parte de instituciones financieras, sin ángulo de comportamiento del inversionista individual.",EXCLUDE,
Phenomenological Semantic Factor Method for Risk Management of Complex Systems in Drifting,Scopus only,2026,EXCLUDE,E1,"Propone un método de gestión de riesgo para sistemas complejos e infraestructura crítica, sin relación con inversionistas ni decisiones de inversión.",EXCLUDE,
The risk quadrangle in optimization: An overview with recent results and extensions,Scopus only,2026,EXCLUDE,E6,Es un desarrollo teórico de optimización estocástica y funcionales de riesgo; no trata riesgo conductual ni comportamiento de inversionistas.,EXCLUDE,
A methodology for assessing the risk resistance of regions with account of the risk complexity of companies (a case study of mining operations) | Методология оценивания рискоустойчивости регионов с учетом рискоемкости компаний (на примере горнодобывающих),Scopus only,2026,EXCLUDE,E4,"Propone una metodología de riesgo corporativo/regional para empresas mineras, sin relación con el comportamiento de inversionistas individuales.",EXCLUDE,
Upstream Dynamics: Navigating the Economics of Petroleum Exploration and Production,Scopus only,2026,EXCLUDE,E4,"Es un texto de economía y gestión de riesgo corporativo del sector petrolero upstream, sin ángulo conductual de inversionistas individuales.",EXCLUDE,
An AI-Enhanced Enterprise Project Management Framework for Predictive Analytics and Intelligent Decision Support,Scopus only,2026,EXCLUDE,E4,"Propone un marco de gestión de portafolios de proyectos empresariales con IA; es gestión corporativa de riesgo, no comportamiento del inversionista individual.",EXCLUDE,
A Hierarchical Business Model for Translating Digital Twins: A Case Study for Health Care Applications From Research to Market,Scopus only,2026,EXCLUDE,E6,"Trata sobre modelos de negocio de gemelos digitales en salud; falso positivo por la mención genérica a inversores, sin relación con riesgo conductual de inversión.",EXCLUDE,
Change-Point Detection in Financial Time Series Using the PELT Algorithm: Simulation Optimization and Empirical Analysis,Scopus only,2025,EXCLUDE,E6,Es un estudio metodológico de detección de puntos de cambio en series de tiempo financieras; el sentimiento del inversionista solo se menciona tangencialmente.,EXCLUDE,
Financial risk profiling of millennials,Scopus + WoS,2025,INCLUDE,"I1,I2,I3,I4","Aporta un perfilamiento explícito del riesgo financiero (capacidad, actitud y propensión al riesgo) de inversionistas millennials individuales.",INCLUDE,
How Does Loss Aversion Mediate the Relationship Between Personality Traits and Efficiency of Skills in Investment Decision-Making?,Scopus only,2025,INCLUDE,"I1,I2,I3,I4",Examina la aversión a la pérdida como mediadora entre rasgos de personalidad y la toma de decisiones de inversionistas individuales.,INCLUDE,
The impact of behavioral biases on financial satisfaction: the mediating role of investment decisions,Scopus only,2025,INCLUDE,"I1,I2,I3,I4","Analiza exceso de confianza, contabilidad mental, aversión a la pérdida y autocontrol en las decisiones de inversión de inversionistas activos.",INCLUDE,
A portfolio-focused behavioral model linking financial literacy and risk tolerance: Evidence from mutual fund investors in Türkiye,Scopus + WoS,2025,INCLUDE,"I1,I2,I3,I4",Modela la relación entre alfabetización financiera y tolerancia al riesgo en inversionistas individuales de fondos mutuos.,INCLUDE,
The Influence of Investor Sentiment on the South African Property Market: A Comparative Assessment of JSE Indices,Scopus + WoS,2025,UNCERTAIN,AMBIGUO,"Usa un índice agregado de sentimiento del mercado, no un perfilamiento de inversionistas individuales, y el activo son índices inmobiliarios listados, lo que hace dudoso el ajuste con I1/I2.",EXCLUDE,"Excluido por decision explicita del autor de la tesis (2026-08-16): ante la duda sobre ajuste con los criterios de poblacion/constructo/activo, se opta por excluir por precaucion. Registro identificado queda disponible para reconsideracion en fases posteriores si se requiere."
Sustainable investing through a gendered lens: the role of locus of control and risk perception,Scopus + WoS,2025,INCLUDE,"I1,I2,I3,I4",Examina locus de control y percepción de riesgo como determinantes del comportamiento de inversión sostenible en mujeres inversionistas individuales.,INCLUDE,
Unveiling the attitudinal factors: an integration of TPB and SCT in understanding investor intention towards equity investments,Scopus + WoS,2025,INCLUDE,"I1,I2,I3,I4",Analiza la autoeficacia financiera y actitudes de inversionistas individuales en su intención de inversión en acciones.,INCLUDE,
To label or not? A choice experiment testing whether labelled green bonds matter to retail investors,Scopus only,2025,INCLUDE,"I1,I2,I3,I4",Examina cómo la tolerancia al riesgo individual y rasgos personales influyen en la decisión de inversión minorista en bonos verdes.,EXCLUDE,"Validacion por muestreo (2026-08-16): segunda pasada IA independiente (ciega) decidio 'UNCERTAIN' (discrepancia con la clasificacion original 'INCLUDE'). Motivo de la segunda pasada: Población de inversionistas minoristas (I1) y menciona tolerancia al riesgo individual como rasgo predictor, pero el foco principal es el efecto del etiquetado ambiental/framing sobre bonos verdes, no el perfilamiento conductual de riesgo (I3 marginal). Resuelto EXCLUDE aplicando la misma regla de precaucion del autor (ante desacuerdo/duda entre revisores, excluir)."
Artificial intelligence in behavioral finance: a global review of cognitive bias modeling in investor decision-making,Scopus only,2025,INCLUDE,"I1,I2,I3,I4","Revisión global sobre modelado de sesgos conductuales del inversionista (exceso de confianza, manada, aversión a la pérdida) mediante IA.",INCLUDE,
Mutual fund investment in Nepal and its dual analysis of economic impact and investor behavior,Scopus + WoS,2025,INCLUDE,"I1,I2,I3,I4",Incluye tolerancia al riesgo y alfabetización financiera como determinantes de la decisión de inversión de inversionistas individuales en fondos mutuos.,INCLUDE,
Investor negativity derived from news shapes firm distress dynamics under bounded rationality,Scopus + WoS,2025,UNCERTAIN,AMBIGUO,"Aplica teoría de las perspectivas y aversión a la pérdida al sentimiento agregado de noticias sobre firmas en dificultades, mezclando comportamiento del inversionista con riesgo corporativo/firma sin distinguir claramente la decisión de inversión individual.",EXCLUDE,"Excluido por decision explicita del autor de la tesis (2026-08-16): ante la duda sobre ajuste con los criterios de poblacion/constructo/activo, se opta por excluir por precaucion. Registro identificado queda disponible para reconsideracion en fases posteriores si se requiere."
Behavioural Reinforcement Learning (Beyond Rationality: RL under Investor Bias),Scopus only,2025,INCLUDE,"I1,I2,I3,I4","Integra explícitamente aversión a la pérdida, descuento inconsistente y anclaje como sesgos conductuales del inversionista dentro de un marco de aprendizaje por refuerzo.",EXCLUDE,"Validacion por muestreo (2026-08-16): segunda pasada IA independiente (ciega) decidio 'UNCERTAIN' (discrepancia con la clasificacion original 'INCLUDE'). Motivo de la segunda pasada: Integra sesgos conductuales (aversión a la pérdida, anclaje) en modelos de aprendizaje por refuerzo, pero el aporte central es un framework algorítmico de IA aplicable a 'dominios de comportamiento' en general, no un estudio sustantivo sobre el perfil conductual de inversionistas (I1/I3 discutibles). Resuelto EXCLUDE aplicando la misma regla de precaucion del autor (ante desacuerdo/duda entre revisores, excluir)."
Learn to Rank Risky Investors: A Case Study of Predicting Retail Traders’ Behaviour and Profitability,Scopus only,2025,EXCLUDE,E4,"El enfoque es la gestión de riesgo institucional por parte de los market makers para identificar traders riesgosos, no el perfil de riesgo conductual propio del inversionista.",EXCLUDE,
How good are LLMs in risk profiling?,Scopus + WoS,2025,INCLUDE,"I1,I2,I3,I4",Compara la clasificación del perfil de riesgo de clientes/inversionistas individuales realizada por LLMs frente a expertos bancarios.,INCLUDE,
New behaviorally-based cross-sectional reversal portfolios in the cryptocurrency market and market uncertainty,Scopus only,2025,EXCLUDE,E6,"Es una estrategia cuantitativa de reversión de precios en criptomonedas; el 'punto de anclaje' es una referencia estadística de precio, no evidencia sobre sesgo conductual del inversionista.",EXCLUDE,
Psychological and technological factors shaping cryptocurrency investment: The moderating role of personality traits,Scopus only,2025,INCLUDE,"I1,I2,I3,I4",Examina rasgos de personalidad y percepción de seguridad como factores conductuales de la intención de inversión individual en criptomonedas.,EXCLUDE,"Validacion por muestreo (2026-08-16): segunda pasada IA independiente (ciega) decidio 'UNCERTAIN' (discrepancia con la clasificacion original 'INCLUDE'). Motivo de la segunda pasada: Aunque trata inversión en criptoactivos por inversionistas individuales, el enfoque principal son factores de aceptación tecnológica (UTAUT) y rasgos de personalidad, no un constructo de riesgo conductual explícito del listado (I2), por lo que es discutible si califica. Resuelto EXCLUDE aplicando la misma regla de precaucion del autor (ante desacuerdo/duda entre revisores, excluir)."
Anticipated psychological spreads: Cryptocurrencies’ hidden short-term monitors and implications for price forecasting,Scopus + WoS,2025,INCLUDE,"I1,I2,I3,I4",Formaliza la aversión a la pérdida y el anclaje psicológico de precios como mecanismo central del comportamiento de inversionistas chartistas en criptoactivos.,INCLUDE,
Big Five Personality Traits and Financial Risk Tolerance among Retail Investors: A Systematic Literature Review,Scopus only,2025,INCLUDE,"I1,I2,I3,I4",Revisión sistemática sobre la relación entre rasgos de personalidad y tolerancia al riesgo financiero de inversionistas minoristas.,INCLUDE,
Reinventing renting? ESG investing and the new landlordism of build-to-rent housing financialization,Scopus + WoS,2025,EXCLUDE,E4,"El perfilamiento de riesgo descrito aplica a arrendatarios evaluados por un proveedor institucional respaldado por fondos de pensiones, no al riesgo conductual del inversionista individual.",EXCLUDE,
"The Role of Fear of Missing out (FOMO), Loss Aversion, and Herd Behavior in Gold Investment Decisions: A Study in the Vietnamese Market",Scopus + WoS,2025,INCLUDE,"I1,I2,I3,I4","Examina FOMO, aversión a la pérdida y comportamiento de manada en las decisiones de inversión en oro de inversionistas individuales.",INCLUDE,
"Generational Insights into Herding Behavior: The Moderating Role of Investment Experience in Shaping Decisions Among Generations X, Y, and Z",Scopus only,2025,INCLUDE,"I1,I2,I3,I4",Analiza el comportamiento de manada y la experiencia de inversión de inversionistas minoristas de distintas generaciones.,INCLUDE,
Risk Perception as a Predictor of Heuristic Biases: The Role of Sex and Age,Scopus + WoS,2025,INCLUDE,"I1,I2,I3,I4","Examina la percepción de riesgo como predictor de sesgos heurísticos (anclaje, representatividad, disponibilidad) en inversionistas individuales.",INCLUDE,
Behavioural factors in risk perception and financial decision making,Scopus + WoS,2025,INCLUDE,"I1,I2,I3,I4","Investiga manada, efecto disposición, exceso de confianza, aversión a la pérdida y contabilidad mental en la percepción de riesgo de inversionistas individuales.",INCLUDE,
Investor Emotions and Cognitive Biases in a Bearish Market Simulation: A Qualitative Study,Scopus only,2025,INCLUDE,"I1,I2,I3,I4","Estudio cualitativo sobre emociones y sesgos conductuales (aversión a la pérdida, anclaje, exceso de confianza) en decisiones de inversión bajo un mercado bajista simulado.",INCLUDE,
Happiness and stock market participation,Scopus + WoS,2025,INCLUDE,"I1,I2,I3,I4",Analiza la percepción de riesgo como mecanismo que media la participación de los hogares en el mercado accionario.,INCLUDE,
The Psychological and Behavioural Determinants of Mutual Fund Investment Decisions in Bengaluru: A Mixed-Method Approach,Scopus only,2025,INCLUDE,"I1,I2,I3,I4","Examina exceso de confianza, manada y sesgos cognitivos en las decisiones de inversión en fondos mutuos de inversionistas individuales.",INCLUDE,
Optimizing Communication Design for Robo-Advisors: The Effects of Investor Types and Information Strategies on Trust and Engagement during Financial Losses,Scopus only,2025,INCLUDE,"I1,I2,I3,I4",Clasifica inversionistas por perfil de riesgo (agresivo vs. conservador) y examina su respuesta conductual ante pérdidas financieras con robo-advisors.,INCLUDE,
Psychological Factors and Investment Decision Making,Scopus only,2025,INCLUDE,"I1,I2,I3,I4","Identifica tolerancia al riesgo, exceso de confianza, manada, anclaje, aversión a la pérdida y contabilidad mental como factores psicológicos de la decisión de inversión individual.",INCLUDE,
Leveraging Generative AI to Address Behavioral Biases in the Investment Decisions of Gen Z and Millennials,Scopus only,2025,INCLUDE,"I1,I2,I3,I4","Analiza manada, aversión a la pérdida y exceso de confianza en las decisiones de inversión de inversionistas jóvenes individuales.",INCLUDE,
Optimization of sustainable portfolios considering behavioral biases: ESG risk management,Scopus only,2025,INCLUDE,"I1,I2,I3,I4","Examina cómo el comportamiento de manada, el exceso de confianza y la aversión a la pérdida de los inversionistas afectan la optimización de portafolios ESG.",INCLUDE,
Application of decision tree classification algorithm for financial management and risk early warning in universities,Scopus only,2025,EXCLUDE,E4,"Propone un sistema de alerta temprana de riesgo financiero para la gestión institucional universitaria, sin relación con el comportamiento del inversionista individual.",EXCLUDE,
Bibliometric review of behavioral finance and risk: A scientometric analysis using biblioshiny,Scopus only,2025,INCLUDE,"I1,I2,I3,I4","Revisión bibliométrica del campo de finanzas conductuales y riesgo, cubriendo apetito al riesgo, aversión al riesgo y contabilidad mental de inversionistas.",INCLUDE,
The X+Y+Z Code for Government-Guided Funds in Cultivating Unicorn Enterprises | 政府引导基金培育独角兽的 “X+Y+Z” 密码,Scopus only,2025,EXCLUDE,E4,"Analiza fondos de capital de riesgo guiados por el gobierno para financiar empresas unicornio; es inversión institucional/de política pública, sin ángulo conductual del inversionista individual.",EXCLUDE,
"Cognitive biases, Robo advisor and investment decision psychology: An investor's perspective from New York stock exchange",Scopus + WoS,2025,INCLUDE,"I1,I2,I3,I4","Examina sesgos cognitivos (anclaje, aversión a la pérdida, exceso de confianza) y percepción de riesgo en la decisión de inversión de inversionistas individuales en la NYSE.",INCLUDE,
Causal Impact of Stock Price Crash Risk on Cost of Equity: Evidence from Chinese Markets,Scopus only,2025,EXCLUDE,E6,"Es un estudio de economía financiera sobre riesgo de caída de precios y costo de capital a nivel de mercado; la mención a optimismo/sensibilidad del inversionista es tangencial, sin perfilamiento conductual propio.",EXCLUDE,
Research on Financial Risk Warning Based on Intelligent Algorithms,Scopus only,2025,EXCLUDE,E4,"Desarrolla un modelo de alerta temprana de riesgo financiero corporativo para empresas cotizadas, sin ángulo de comportamiento del inversionista individual.",EXCLUDE,
The role of behavioral finance in shaping economic decision-making: Insights from AI and big data integration,Scopus only,2025,INCLUDE,"I1,I2,I3,I4","Examina exceso de confianza, aversión a la pérdida y comportamiento de manada como sesgos que influyen en las decisiones de inversión de los inversionistas encuestados.",INCLUDE,
How (Not) to Measure Companies' Climate Transition Risk: A Framework and Categorized Literature Review,Scopus + WoS,2025,EXCLUDE,E4,"Propone un marco para medir el riesgo de transición climática de empresas; es riesgo corporativo, sin relación con el comportamiento del inversionista individual.",EXCLUDE,
"Herding behavior, disposition effect, and investment decisions: A multi-mediation analysis of risk perception and dividend policy",Scopus + WoS,2025,INCLUDE,"I1,I2,I3,I4","Analiza el comportamiento de manada, el efecto disposición y la percepción de riesgo en las decisiones de inversión de inversionistas individuales.",INCLUDE,
The market's implied loss aversion under power-log utility investor preferences,Scopus + WoS,2025,INCLUDE,"I1,I2,I3,I4","Estima la aversión a la pérdida implícita del mercado a partir de preferencias de inversionistas modeladas con utilidad power-log y pricing de opciones, contrastando la teoría de las perspectivas (I1-I4).",INCLUDE,
Personality Traits as Moderator of Risk Perception and Investment Decision,Scopus only,2025,INCLUDE,"I1,I2,I3,I4","Examina cómo sesgos conductuales (anclaje, disposición, manada) y rasgos de personalidad moderan la percepción de riesgo y la decisión de inversión de individuos (I1-I4).",INCLUDE,
Gauging investors' investment decisions in the crypto market through the PRISM of behavioral biases: a fuzzy AHP approach,Scopus + WoS,2025,INCLUDE,"I1,I2,I3,I4","Prioriza mediante fuzzy AHP los sesgos conductuales (exceso de confianza, manada, aversión a la pérdida) que influyen en decisiones de inversionistas minoristas de criptoactivos (I1-I4).",INCLUDE,
Analyzes of common behavioral bias among Indo-Arabian investors and how to better manage them,Scopus only,2025,INCLUDE,"I1,I2,I3,I4","Revisión sistemática de sesgos conductuales comunes (exceso de confianza, manada, aversión a la pérdida) en inversionistas individuales indo-árabes (I1-I4).",INCLUDE,
"THE INVESTMENT PUZZLE: UNVEILING BEHAVIORAL FINANCE, RISK PERCEPTION, AND FINANCIAL LITERACY",Scopus only,2025,INCLUDE,"I1,I2,I3,I4","Analiza el efecto de sesgos conductuales (manada, efecto disposición, exceso de confianza) sobre la percepción de riesgo y decisión de inversión de inversionistas individuales saudíes (I1-I4).",INCLUDE,
Country-Level Loss Aversion and the Market Response to Earnings News,Scopus + WoS,2025,INCLUDE,"I1,I2,I3,I4",Examina cómo la aversión a la pérdida a nivel país influye en la reacción de los inversionistas ante noticias de resultados en mercados accionarios (I1-I4).,INCLUDE,
A taxonomy of literature reviews and experimental study of deepreinforcement learning in portfolio management,Scopus + WoS,2025,EXCLUDE,E6,"El estudio se centra en algoritmos de aprendizaje por refuerzo profundo para gestión de portafolios; no examina ningún constructo conductual de riesgo del inversionista, solo menciona 'tolerancia al riesgo' de forma tangencial (E6).",EXCLUDE,
"Crypto Investment: The Role of Investment Motivations, Investment Confidence, and Risk Perceptions",Scopus only,2025,INCLUDE,"I1,I2,I3,I4","Analiza motivaciones, confianza inversora y percepción de riesgo como factores psicológicos que influyen en la decisión de invertir en criptoactivos (I1-I4).",INCLUDE,
Smoothing the Subjective Financial Risk Tolerance: Volatility and Market Implications,Scopus + WoS,2025,INCLUDE,"I1,I2,I3,I4",Estudia la tolerancia al riesgo financiero subjetiva de los inversionistas y su relación con la volatilidad del mercado (I1-I4).,INCLUDE,
Does cognitive biased knowledge influence investor decisions? An empirical investigation using machine learning and artificial neural network,Scopus + WoS,2025,INCLUDE,"I1,I2,I3,I4","Examina cómo sesgos cognitivos y emocionales (aversión al arrepentimiento, aversión a la pérdida, exceso de confianza) afectan las decisiones de inversionistas minoristas (I1-I4).",INCLUDE,
Asymmetric dependence between the prospect theory value and stock returns in India: a quantile regression approach,Scopus + WoS,2025,INCLUDE,"I1,I2,I3,I4",Evalúa el valor de la teoría de las perspectivas y la aversión a la pérdida de los inversionistas en la predicción de retornos accionarios indios (I1-I4).,INCLUDE,
Embedding behavioral biases into robo-advisory platforms-case of UAE investors,Scopus + WoS,2025,INCLUDE,"I1,I2,I3,I4","Identifica sesgos conductuales de inversionistas (aversión a la pérdida, manada, efecto disposición) para incorporarlos en plataformas de robo-advisory (I1-I4).",INCLUDE,
"Unveiling investment behavior: through emotional intelligence, social stigma, financial literacy and risk tolerance",Scopus + WoS,2025,INCLUDE,"I1,I2,I3,I4","Examina el efecto de la tolerancia al riesgo financiero, la inteligencia emocional y el estigma social sobre el comportamiento de inversionistas individuales (I1-I4).",INCLUDE,
Risk Profiling in Insurance: Addressing High-Risk Clients and Risk Management Strategies,Scopus only,2025,EXCLUDE,E5,"Trata sobre perfilamiento de riesgo actuarial/asegurador para clientes de alto riesgo y pricing de pólizas, sin relación con el comportamiento de inversión (E5).",EXCLUDE,
Personalized Stock Market Prediction using Dynamic Risk Profiling,Scopus only,2025,EXCLUDE,E6,"Presenta un modelo de predicción bursátil basado en aprendizaje automático; el 'perfilamiento de riesgo dinámico' es solo una etiqueta técnica, no se examina un constructo conductual del inversionista (E6).",EXCLUDE,
Risk Tolerance in Investment Decisions,Scopus only,2025,INCLUDE,"I1,I2,I3,I4","Analiza la relación entre rasgos de personalidad (Big Five), tolerancia al riesgo y decisiones de inversión en inversionistas individuales de India (I1-I4).",INCLUDE,
Reconciling Self-Assessed with Psychometric Risk Tolerance: A New Framework for Profiling Risk among Investors,Scopus + WoS,2025,INCLUDE,"I1,I2,I3,I4","Propone un marco para conciliar la tolerancia al riesgo financiero autoevaluada y psicométrica, aportando una taxonomía de perfilamiento de riesgo de inversionistas minoristas (I1-I4).",INCLUDE,
A Novel AI-Driven Framework for Adaptive Investment Decision-Making Using India's Fiscal Budget Signals,Scopus only,2025,EXCLUDE,E6,Sistema de NLP que analiza el presupuesto fiscal indio para generar recomendaciones de inversión alineadas a 'perfiles de riesgo'; no estudia un constructo conductual del inversionista (E6).,EXCLUDE,
Improved Chatbot Tool for Stock Trading using Machine Learning,Scopus only,2025,EXCLUDE,E6,"Describe un chatbot de trading con perfilamiento de riesgo como característica técnica del sistema, sin examinar el constructo conductual del inversionista (E6).",EXCLUDE,
GOAL ORIENTED SMART PORTFOLIO OPTIMIZATION,Scopus only,2025,EXCLUDE,E6,"Framework de optimización de portafolios mediante clasificación de riesgo de acciones (no de inversionistas) y técnicas algorítmicas, sin componente conductual del inversionista (E6).",EXCLUDE,
Research on Investment Portfolio Risk Prediction Model Combining Cvar and Deep Learning,Scopus only,2025,EXCLUDE,E6,"Modelo técnico de predicción de riesgo de portafolio combinando CVaR y deep learning, sin ángulo conductual del inversionista (E6).",EXCLUDE,
Forecasting Gilt Mutual Fund Performance Using Data-Driven Machine Learning Models,Scopus only,2025,EXCLUDE,E6,"Modelo de machine learning para pronosticar el desempeño de fondos mutuos gilt, usando 'perfiles de riesgo' de los fondos, no del inversionista (E6).",EXCLUDE,
A Typology of Flexible Loan Structures for Microenterprise Lending: Balancing Sustainability and Client Needs,Scopus only,2025,EXCLUDE,E4,"Tipología de estructuras de préstamos flexibles para microempresas, centrada en riesgo crediticio institucional de microfinancieras, sin ángulo conductual de inversionista individual (E4).",EXCLUDE,
Analysis of Investor Profiling and Portfolio Recommendations by Robo-Advisors in Germany,Scopus only,2025,INCLUDE,"I1,I2,I3,I4","Analiza los cuestionarios de perfilamiento de inversionistas y los portafolios recomendados por robo-advisors en Alemania, aportando una taxonomía de perfiles de riesgo (I1-I4).",INCLUDE,
Implementation of Clustering and Classification in Stock Asset Selection for Portfolio Diversification,Scopus only,2025,EXCLUDE,E6,"Framework de machine learning para diversificación de portafolios de acciones mediante clustering de perfiles de retorno-riesgo de activos, sin estudiar el comportamiento del inversionista (E6).",EXCLUDE,
"The role of robo-advisors in behavioural finance, shaping investment decisions",Scopus + WoS,2025,INCLUDE,"I1,I2,I3,I4",Examina cómo los robo-advisors moderan sesgos de aversión a la pérdida y exceso de confianza de inversionistas minoristas en su decisión de inversión (I1-I4).,INCLUDE,
Economic Risks in the Development of Russia’s Southern Macroregion Amid Foreign Economic Sanctions | Экономические риски развития Южного макрорегиона в условиях внешнеЭкономических санкций,Scopus only,2025,EXCLUDE,E4,"Analiza el riesgo económico sistemático e idiosincrático de una macrorregión rusa mediante un CAPM modificado, sin ángulo conductual de inversionista individual (E4).",EXCLUDE,
Irrational investors,Scopus only,2025,INCLUDE,"I1,I2,I3,I4","Capítulo que examina sesgos conductuales del inversionista (aversión a la pérdida, exceso de confianza, manada, anclaje) que llevan a decisiones de inversión subóptimas (I1-I4).",INCLUDE,
Mapping the Landscape of Cryptocurrency Investment Decision: A Bibliometric Analysis,Scopus only,2025,INCLUDE,"I1,I2,I3,I4","Análisis bibliométrico del comportamiento del inversionista, percepción de riesgo y sesgos heurísticos en decisiones de inversión en criptomonedas (I1-I4).",EXCLUDE,"Validacion por muestreo (2026-08-16): segunda pasada IA independiente (ciega) decidio 'UNCERTAIN' (discrepancia con la clasificacion original 'INCLUDE'). Motivo de la segunda pasada: Es un análisis bibliométrico que mapea la literatura sobre criptomonedas, sin aportar evidencia empírica/teórica propia sobre el constructo conductual, cumplimiento marginal de I3. Resuelto EXCLUDE aplicando la misma regla de precaucion del autor (ante desacuerdo/duda entre revisores, excluir)."
The Role of Behavioral Finance In Investment Decision-Making Using Machine Learning-Understanding the Psychology Behind Stock Market Trends,Scopus only,2025,INCLUDE,"I1,I2,I3,I4","Examina cómo sesgos conductuales (exceso de confianza, manada, aversión a la pérdida) afectan las estrategias de portafolio personal de los inversionistas (I1-I4).",INCLUDE,
"Impact of Anchoring, Herding and Loss-Aversion on Working Women’s Investment Decision-Making",Scopus only,2025,INCLUDE,"I1,I2,I3,I4","Determina el impacto del anclaje, la manada y la aversión a la pérdida sobre la decisión de inversión de mujeres inversionistas (I1-I4).",INCLUDE,
Heuristic bias and investment decision: Exploring the mediating role of investors' risk perceptions,Scopus only,2025,INCLUDE,"I1,I2,I3,I4",Examina el rol mediador de la percepción de riesgo entre sesgos heurísticos y decisiones de inversión de inversionistas bursátiles nepalíes (I1-I4).,INCLUDE,
A Bibliometric Analysis on Behaviour Biases and Investment Decisions Among Retail Investors,Scopus only,2025,INCLUDE,"I1,I2,I3,I4","Análisis bibliométrico sobre sesgos conductuales (exceso de confianza, aversión a la pérdida, manada, efecto disposición) y decisiones de inversionistas minoristas (I1-I4).",INCLUDE,
"Herding Behavior, Risk Perception, and Investment Performance: A Serial Mediation Analysis",Scopus + WoS,2025,INCLUDE,"I1,I2,I3,I4",Examina el efecto del comportamiento de manada sobre el desempeño de inversión mediado por la percepción de riesgo de inversionistas (I1-I4).,INCLUDE,
The impact of behavioural biases on the behaviours of informed and uninformed individual stock investors: case of the Egyptian Stock Exchange,Scopus only,2025,INCLUDE,"I1,I2,I3,I4",Analiza el efecto de sesgos conductuales sobre el comportamiento de inversionistas individuales informados y no informados en la bolsa egipcia (I1-I4).,INCLUDE,
Behavioural Finance Factors and Investment Decisions: Risk Perception of Gender as a Mediating Factor,Scopus only,2025,INCLUDE,"I1,I2,I3,I4","Examina factores conductuales (manada, aversión al arrepentimiento) y percepción de riesgo, mediada por género, en decisiones de inversión (I1-I4).",INCLUDE,
Unpacking Investor Psychology: A Systematic Review and Meta-Analysis of Behavioural Biases Shaping Investment Decisions*,Scopus only,2025,INCLUDE,"I1,I2,I3,I4","Revisión sistemática y metaanálisis de sesgos conductuales (exceso de confianza, manada, aversión a la pérdida) que moldean las decisiones de inversión (I1-I4).",INCLUDE,
THE PSYCHOLOGY OF THE MARKET: ARE COGNITIVE ILLUSIONS DRIVING RISK-RELATED INVESTOR BEHAVIOUR?,Scopus only,2025,INCLUDE,"I1,I2,I3,I4",Investiga cómo ilusiones cognitivas basadas en heurísticas y teoría de las perspectivas influyen en el comportamiento de riesgo de inversionistas individuales egipcios (I1-I4).,INCLUDE,
The influence of behavioral biases on the decisionmaking process about investments in the stock market,Scopus only,2025,INCLUDE,"I1,I2,I3,I4","Analiza la influencia de sesgos conductuales (manada, exceso de confianza, anclaje) sobre el proceso de decisión de inversión en el mercado bursátil (I1-I4).",INCLUDE,
Decoding Investor Sentiments in the Indian Stock Market: A Structural Equation Modelling Approach,Scopus only,2025,INCLUDE,"I1,I2,I3,I4","Examina cómo sesgos psicológicos y sociales (anclaje, manada, exceso de confianza) afectan las decisiones de inversión de inversionistas minoristas indios (I1-I4).",INCLUDE,
The Impact of Robo-Advisors and Risk Tolerance on Retail Investor Portfolio Performance,Scopus only,2025,INCLUDE,"I1,I2,I3,I4",Explora cómo la tolerancia al riesgo individual y los robo-advisors influyen en el desempeño del portafolio de inversionistas minoristas (I1-I4).,INCLUDE,
Empirical Evidence of Behavioral Biases in Investment: Should We Be Looking for Financial Variables to Moderate Them?,Scopus only,2025,INCLUDE,"I1,I2,I3,I4","Investiga la presencia de sesgos cognitivos y emocionales (aversión a la pérdida, exceso de confianza) en inversionistas individuales indios (I1-I4).",INCLUDE,
Research marking and yield in behavioural finance literature review: observations from bibliometric analysis using R,Scopus + WoS,2025,INCLUDE,"I1,I2,I3,I4","Revisión bibliométrica sobre sesgos conductuales (manada, exceso de confianza, aversión a la pérdida) y decisiones de inversión de inversionistas (I1-I4).",INCLUDE,
The Future of Finance: Designing Investment Strategies Through the Lens of SDG 12,Scopus only,2025,UNCERTAIN,AMBIGUO,"Estudia la 'capacidad y tolerancia al riesgo verde' y su efecto en la estrategia de portafolio alineada a los ODS, pero no queda claro si la población son inversionistas individuales ni si el objeto son activos financieros estándar (AMBIGUO).",EXCLUDE,"Excluido por decision explicita del autor de la tesis (2026-08-16): ante la duda sobre ajuste con los criterios de poblacion/constructo/activo, se opta por excluir por precaucion. Registro identificado queda disponible para reconsideracion en fases posteriores si se requiere."
A New Approach for Selecting Representative Patterns for Investment Planning in Local Energy Communities,Scopus only,2025,EXCLUDE,E2,"Trata sobre planificación de inversión en generación de energía para comunidades energéticas locales, riesgo de sistema energético sin ángulo conductual de inversionista individual (E2).",EXCLUDE,
Measuring contextuality in investment preferences,Scopus + WoS,2025,INCLUDE,"I1,I2,I3,I4",Examina cómo la percepción de riesgo y la familiaridad influyen en la formación de preferencias de inversión en acciones globales y estadounidenses (I1-I4).,INCLUDE,
Decoding Investor’s Irrationality: A Fuzzy AHP Exploration of Behavioural Biases,Scopus only,2025,INCLUDE,"I1,I2,I3,I4","Identifica y clasifica mediante fuzzy AHP sesgos conductuales (aversión al arrepentimiento, aversión a la pérdida, anclaje) que influyen en decisiones de inversionistas bursátiles (I1-I4).",INCLUDE,
The Role of Digital Technology in Influencing Investor Psychology and Promoting Sustainable Investment in the Indian Financial Market,Scopus only,2025,INCLUDE,"I1,I2,I3,I4","Examina el rol de la psicología del inversionista (exceso de confianza, manada, aversión a la pérdida) en la inversión sostenible de inversionistas minoristas indios (I1-I4).",INCLUDE,
Modeling behavioral insights to mobilize private investment in climate change adaptation: evidence from Chinese investors,Scopus only,2025,UNCERTAIN,AMBIGUO,"Mezcla comportamiento inversor (manada como moderador) con inversión privada en proyectos de adaptación al cambio climático, cuyo objeto puede ser infraestructura física y no activos financieros estándar (AMBIGUO).",EXCLUDE,"Excluido por decision explicita del autor de la tesis (2026-08-16): ante la duda sobre ajuste con los criterios de poblacion/constructo/activo, se opta por excluir por precaucion. Registro identificado queda disponible para reconsideracion en fases posteriores si se requiere."
Financial deception in the digital age: investigating online pyramid schemes and their socioeconomic impacts in Sri Lanka,Scopus only,2025,UNCERTAIN,AMBIGUO,Estudia factores psicosociales (incluida la influencia social) de individuos que invierten en esquemas piramidales fraudulentos; no es claro si el objeto corresponde a activos financieros legítimos ni si aplica al dominio de mercados financieros (AMBIGUO).,EXCLUDE,"Excluido por decision explicita del autor de la tesis (2026-08-16): ante la duda sobre ajuste con los criterios de poblacion/constructo/activo, se opta por excluir por precaucion. Registro identificado queda disponible para reconsideracion en fases posteriores si se requiere."
A Behavioral Finance Analysis of Short-Term Loss Aversion and Herd Mentality in Personal Investing,Scopus only,2025,INCLUDE,"I1,I2,I3,I4",Analiza cómo la aversión a la pérdida de corto plazo y la mentalidad de manada afectan la inversión personal de individuos (I1-I4).,INCLUDE,
Portfolio management with the help of AI: What drives retail Indian investors to robo-advisors?,Scopus + WoS,2025,INCLUDE,"I1,I2,I3,I4","Examina determinantes de adopción de robo-advisors por inversionistas minoristas indios, incluyendo influencia social y perfilamiento de inversionistas más allá de la demografía (I1-I4).",INCLUDE,
Assessing risk and loss aversion: COVID-19 and investor behavior in the Polish stock market,Scopus + WoS,2025,INCLUDE,"I1,I2,I3,I4",Examina cambios en la aversión al riesgo y a la pérdida de inversionistas individuales polacos durante la pandemia de COVID-19 (I1-I4).,INCLUDE,
Behavioural finance,Scopus only,2025,INCLUDE,"I1,I2,I3,I4",Capítulo enciclopédico que aborda sesgos psicológicos y heurísticas cognitivas del inversionista en la toma de decisiones financieras (I1-I4).,INCLUDE,
Artificial intelligence and behavioural finance biases: improving Lebanese investors decision-making,Scopus + WoS,2025,INCLUDE,"I1,I2,I3,I4","Examina sesgos conductuales (exceso de confianza, anclaje, aversión a la pérdida) en la toma de decisiones de inversionistas libaneses asistidos por IA (I1-I4).",INCLUDE,
Portfolio choice with narrow framing and loss aversion: a simplified approach,Scopus + WoS,2025,INCLUDE,"I1,I2,I3,I4",Modelo teórico de elección de portafolio de un inversionista con framing estrecho y aversión a la pérdida en la asignación de activos (I1-I4).,INCLUDE,
Systematic review of behavioral finance contributions to financial risk management strategies,Scopus only,2025,INCLUDE,"I1,I2,I3,I4","Revisión sistemática de cómo la psicología del inversionista (aversión a la pérdida, exceso de confianza, manada) aporta a estrategias de gestión de riesgo financiero (I1-I4).",INCLUDE,
Social Media Engagement as a Lens for Investor Behavior,Scopus only,2025,INCLUDE,"I1,I2,I3,I4",Examina el efecto de la influencia social vía redes sociales sobre el comportamiento y las decisiones de inversión de los inversionistas (I1-I4).,INCLUDE,
Influence of Behavioral Biases on Women Investor’s Portfolio Performance,Scopus only,2025,INCLUDE,"I1,I2,I3,I4","Examina el efecto de sesgos conductuales (manada, anclaje, aversión a la pérdida) sobre el desempeño de portafolio de mujeres inversionistas (I1-I4).",INCLUDE,
Generation Z to Millennials: A Study on Behaviour of Investors of Bengaluru City,Scopus only,2025,INCLUDE,"I1,I2,I3,I4","Estudia el comportamiento de inversionistas (influencia social, manada, autocontrol) de distintas generaciones en el mercado de capitales de Bengaluru (I1-I4).",INCLUDE,
The determinants of perceived risk: A moderating role of investor sophistication,Scopus only,2025,INCLUDE,"I1,I2,I3,I4","Examina determinantes de la percepción de riesgo, incluyendo comportamiento de manada e influencia de redes sociales, en inversionistas jóvenes indonesios (I1-I4).",INCLUDE,
The Neuroscience of Risk Perception in Financial Markets: How Climate Policy Uncertainty Affects Investor Cognition in India and the USA,Scopus + WoS,2025,UNCERTAIN,AMBIGUO,"Examina la volatilidad de índices bursátiles y su relación con la incertidumbre de política climática interpretada mediante un marco neuroeconómico, sin medir directamente un constructo conductual en inversionistas individuales (AMBIGUO).",EXCLUDE,"Excluido por decision explicita del autor de la tesis (2026-08-16): ante la duda sobre ajuste con los criterios de poblacion/constructo/activo, se opta por excluir por precaucion. Registro identificado queda disponible para reconsideracion en fases posteriores si se requiere."
Mechanisms Underlying U.S.-China Tensions and Stock Price Crash Risk: Evidence from China,Scopus + WoS,2025,UNCERTAIN,AMBIGUO,"Analiza el riesgo de caída de precios accionarios a nivel de firma bajo tensiones geopolíticas, mencionando manada institucional y sobrerreacción, pero el foco es el riesgo de la firma, no el perfil conductual del inversionista individual (AMBIGUO).",EXCLUDE,"Excluido por decision explicita del autor de la tesis (2026-08-16): ante la duda sobre ajuste con los criterios de poblacion/constructo/activo, se opta por excluir por precaucion. Registro identificado queda disponible para reconsideracion en fases posteriores si se requiere."
Research on the impact of environmental risk factors on pricing efficiency in China’s stock market,Scopus only,2025,UNCERTAIN,AMBIGUO,"Estudia la eficiencia de precios del mercado accionario chino ante riesgo ambiental, usando la percepción de riesgo del inversionista solo como canal mediador de un efecto agregado de mercado (AMBIGUO).",EXCLUDE,"Excluido por decision explicita del autor de la tesis (2026-08-16): ante la duda sobre ajuste con los criterios de poblacion/constructo/activo, se opta por excluir por precaucion. Registro identificado queda disponible para reconsideracion en fases posteriores si se requiere."
"Artificial Intelligence and Digital Decision-Making: Personality Traits, Risk Aversion, and Investment Intentions in the Era of Digitalization",Scopus only,2025,INCLUDE,"I1,I2,I3,I4",Examina cómo rasgos de personalidad y aversión al riesgo influyen en la intención de inversión riesgosa en un contexto de decisión digital asistida por IA (I1-I4).,INCLUDE,
The Fe ar Z Function: modeling asymmetric volatility decay across market shock categories,Scopus + WoS,2026,INCLUDE,"I1,I2,I3,I4",Modela la aversión a la pérdida y el sesgo de negatividad de los inversionistas para explicar la decadencia asimétrica de la volatilidad del mercado (I1-I4).,INCLUDE,
The effect of investors’ emotional and depressive states on perceived returns and risk,Scopus + WoS,2025,INCLUDE,"I1,I2,I3,I4",Examina cómo estados emocionales y depresivos de los inversionistas tailandeses afectan su percepción de retornos y riesgo esperado (I1-I4).,INCLUDE,
Quantum Computing and Algorithms in Financial Applications,Scopus only,2025,EXCLUDE,E6,"Capítulo técnico sobre computación cuántica aplicada a pricing, riesgo y gestión de portafolios; no examina ningún constructo conductual del inversionista (E6).",EXCLUDE,
MABStocks: A Stock Market Analysis and Prediction Platform Using Multi-Armed Bandit Algorithms,Scopus only,2025,EXCLUDE,E6,"Plataforma de predicción bursátil basada en algoritmos multi-armed bandit que usa 'tolerancia al riesgo' solo como etiqueta de personalización algorítmica, sin estudiar el comportamiento del inversionista (E6).",EXCLUDE,"Validacion por muestreo (2026-08-16): segunda pasada IA independiente (ciega) decidio 'UNCERTAIN' (discrepancia con la clasificacion original 'EXCLUDE'). Motivo de la segunda pasada: Plataforma de algoritmos de bandidos multi-armados que asigna variantes a arquetipos de inversionista (conservador, largo plazo, diario) según tolerancia al riesgo, pero el aporte central es de ingeniería algorítmica, no de estudio conductual. Resuelto EXCLUDE aplicando la misma regla de precaucion del autor (ante desacuerdo/duda entre revisores, excluir)."
Stablecoin as a hedge or a safe haven for international indices,Scopus only,2025,EXCLUDE,E6,"Análisis econométrico DCC-GARCH de propiedades de cobertura de stablecoins frente a índices internacionales, sin ningún constructo conductual de inversionista (E6).",EXCLUDE,
Probability-Driven Hedge Ratio Optimization Using Machine Learning: An Adaptive Approach to Financial Risk Management,Scopus only,2025,EXCLUDE,E6,Estrategia de cobertura dinamica basada en ML sin ningun constructo de riesgo conductual del inversionista (falla I2).,EXCLUDE,
Community Bonds and Canada’s Foundations: Rethinking Risk and Financial Outcomes,Scopus + WoS,2025,UNCERTAIN,AMBIGUO,"Estudio sobre bonos comunitarios con tipologia de inversionistas y percepcion de riesgo, pero la poblacion mezcla fundaciones/inversionistas de impacto sin distinguir inversionistas individuales.",EXCLUDE,"Excluido por decision explicita del autor de la tesis (2026-08-16): ante la duda sobre ajuste con los criterios de poblacion/constructo/activo, se opta por excluir por precaucion. Registro identificado queda disponible para reconsideracion en fases posteriores si se requiere."
Research on Investor Education in China Based on Large Language Models,Scopus only,2025,EXCLUDE,E6,"Perfilamiento psicologico (Id-Ego-Superego) de clientes para educacion/recomendacion de inversion, sin abordar un constructo de riesgo conductual reconocido (falla I2).",EXCLUDE,
Stock Return Predictability on S&P 500 ETF: A Deep Learning Approach,Scopus only,2025,EXCLUDE,E6,"Modelo de deep learning para predecir retornos del SPY; el umbral de aversion al riesgo es solo un parametro de calibracion, no un constructo conductual del inversionista (falla I2).",EXCLUDE,
Residential Real Estate Image Classification for Property Valuation,Scopus only,2025,EXCLUDE,E6,"Clasificacion de imagenes de bienes raices para valoracion de propiedades, sin relacion con riesgo conductual de inversionistas ni con inversion en activos financieros.",EXCLUDE,
Economic and psychological determination in civil servants' investment decisions ahead of retirement: empirical evidence from Indonesia,Scopus + WoS,2024,INCLUDE,"I1,I2,I3,I4","Examina sesgos conductuales (exceso de confianza, efecto manada, aversion al arrepentimiento, tolerancia al riesgo) en decisiones de inversion de inversionistas individuales.",INCLUDE,
BIAS IN SME INVESTMENT DECISIONS: A CROSS-COUNTRY STUDY | STRONNICZOŚĆ W DECYZJACH INWESTYCYJNYCH MŚP: BADANIE MIĘDZYKRAJOWE,Scopus only,2024,UNCERTAIN,AMBIGUO,"Analiza sesgos psicologicos en decisiones de inversion, pero la poblacion son propietarios de PYMEs y no queda claro si las decisiones son sobre activos financieros o inversion empresarial.",EXCLUDE,"Excluido por decision explicita del autor de la tesis (2026-08-16): ante la duda sobre ajuste con los criterios de poblacion/constructo/activo, se opta por excluir por precaucion. Registro identificado queda disponible para reconsideracion en fases posteriores si se requiere."
Using machine learning to predict investors’ switching behaviour,Scopus + WoS,2024,UNCERTAIN,AMBIGUO,"Modelo de ML que predice el cambio de producto de inversion de clientes individuales usando caracteristicas de cuenta, sin examinar explicitamente un constructo de riesgo conductual reconocido.",EXCLUDE,"Excluido por decision explicita del autor de la tesis (2026-08-16): ante la duda sobre ajuste con los criterios de poblacion/constructo/activo, se opta por excluir por precaucion. Registro identificado queda disponible para reconsideracion en fases posteriores si se requiere."
"Dissecting investment frequency: examining the role of social influence, investors’ perception of gender discrimination, involvement, access to information and risk tolerance",Scopus + WoS,2024,INCLUDE,"I1,I2,I3,I4","Estudia influencia social, percepcion de discriminacion de genero y tolerancia al riesgo en la frecuencia de inversion de inversionistas individuales en India.",INCLUDE,
"All are interesting to invest, I fear of missing out (FOMO): a comparative study among self-employed and salaried investors",Scopus + WoS,2024,INCLUDE,"I1,I2,I3,I4","Examina FOMO, efecto manada, exceso de confianza y aversion a la perdida en las decisiones de inversion de inversionistas minoristas.",INCLUDE,
Behavioral risk profiling: Measuring loss aversion of individual investors,Scopus + WoS,2024,INCLUDE,"I1,I2,I3,I4",Mide directamente la aversion a la perdida para el perfilamiento de riesgo conductual de inversionistas individuales y clientes de una institucion financiera.,INCLUDE,
Machine learning based methods for ratemaking health care insurance,Scopus + WoS,2024,EXCLUDE,E5,"Ratemaking de seguros de salud mediante machine learning, sin relacion con comportamiento de inversion.",EXCLUDE,
Exploring the influence of behavioral aspects on stock investment decision-making: a study on Bangladeshi individual investors,Scopus only,2024,INCLUDE,"I1,I2,I3,I4",Examina aversion al riesgo y percepcion de riesgo como determinantes emocionales de las decisiones de inversion bursatil de inversionistas individuales bangladesies.,INCLUDE,
The analysis of the impact of the framing effect on the choice of financial products: an analytical hierarchical process approach,Scopus + WoS,2024,INCLUDE,"I1,I2,I3,I4",Analiza como el efecto framing afecta la percepcion de riesgo del inversionista y su eleccion de productos financieros.,INCLUDE,
"IMPACT OF BEHAVIOURAL FINANCE ON RISK PERCEPTION, PSYCHOLOGICAL BEHAVIOUR, AND FINANCIAL DECISIONS OF MOROCCAN INVESTORS",Scopus only,2024,INCLUDE,"I1,I2,I3,I4","Examina aversion a la perdida, influencias culturales y exceso de confianza en las decisiones financieras de inversionistas marroquies.",INCLUDE,
A Critical Review of Overconfidence in Investment Decisions: Bibliometric Analysis,Scopus only,2024,INCLUDE,"I1,I2,I3,I4","Revision bibliometrica sustantiva sobre el sesgo de exceso de confianza en decisiones de inversion, aporta evidencia teorica sobre el constructo (I3).",INCLUDE,
Sensory perceptions and financial choices: A neuroscientific perspective,Scopus only,2024,UNCERTAIN,AMBIGUO,Relaciona percepciones sensoriales con elecciones financieras desde una perspectiva neurocientifica; el vinculo con el perfilamiento de riesgo conductual de inversionistas es generico y poco especifico.,EXCLUDE,"Excluido por decision explicita del autor de la tesis (2026-08-16): ante la duda sobre ajuste con los criterios de poblacion/constructo/activo, se opta por excluir por precaucion. Registro identificado queda disponible para reconsideracion en fases posteriores si se requiere."
Correlating investor patterns and ESG performance with neuro marketing insights: Behavioural finance meets sustainability,Scopus only,2024,UNCERTAIN,AMBIGUO,Mezcla desempeno de sostenibilidad corporativa (ESG) con percepcion de riesgo del inversionista via neuromarketing; no queda claro si el enfoque principal es la inversion financiera individual.,EXCLUDE,"Excluido por decision explicita del autor de la tesis (2026-08-16): ante la duda sobre ajuste con los criterios de poblacion/constructo/activo, se opta por excluir por precaucion. Registro identificado queda disponible para reconsideracion en fases posteriores si se requiere."
Behavioural Biases Affecting Financial Risk Tolerance of Working Women Investors: Evidence from the Indian Stock Market,Scopus only,2024,INCLUDE,"I1,I2,I3,I4","Examina el efecto de aversion a la perdida, anclaje y efecto manada sobre la tolerancia al riesgo financiero de mujeres inversionistas.",INCLUDE,
Does Risk Tolerance Mediates the Relationship Between Financial Literacy and Financial Wellbeing During COVID-19: Empirical Evidence From an Emerging Economy,Scopus + WoS,2024,INCLUDE,"I1,I2,I3,I4",La tolerancia al riesgo media entre alfabetizacion financiera y bienestar financiero en inversionistas individuales de la bolsa de Pakistan.,INCLUDE,
Investing in our planet: Examining retail investors' preference for green bond investment,Scopus + WoS,2024,INCLUDE,"I1,I2,I3,I4",Examina percepcion de riesgo e influencia social en la actitud e intencion de inversionistas minoristas hacia bonos verdes.,INCLUDE,
An empirical analysis of navigation behaviors across stock and cryptocurrency trading platforms: implications for targeting and segmentation strategies,Scopus + WoS,2024,INCLUDE,"I1,I2,I3,I4","Compara comportamientos de aversion a la perdida, optimismo y efecto manada entre inversionistas privados en plataformas de criptomonedas y acciones.",INCLUDE,
An uncertainty theory based tri-objective behavioral portfolio selection model with loss aversion and reference level using a modified evolutionary root system growth algorithm,Scopus + WoS,2024,INCLUDE,"I1,I2,I3,I4","Modelo teorico de seleccion de portafolio conductual con aversion a la perdida y nivel de referencia, aporta evidencia teorica sobre el constructo aplicable a inversionistas (I3).",INCLUDE,
Framing effect and disposition effect: investment decisions tools to understand bounded rationality,Scopus + WoS,2024,INCLUDE,"I1,I2,I3,I4",Estudia el efecto disposicion y el efecto framing como herramientas de decision de inversion bajo racionalidad limitada en inversionistas Gen Z.,INCLUDE,
Safe haven properties of industrial stocks against ESG in the United States: Portfolio implication for sustainable investments,Scopus + WoS,2024,EXCLUDE,E6,"Analisis cuantitativo de propiedades de refugio seguro de acciones industriales frente a ESG, sin constructo de riesgo conductual del inversionista.",EXCLUDE,
A century of asset allocation crash risk,Scopus + WoS,2024,INCLUDE,"I1,I2,I3,I4","Examina el aspecto conductual de las decisiones de inversion, incluida la tolerancia al riesgo y el abandono de estrategias por panico ante perdidas, en la asignacion de activos a largo plazo.",INCLUDE,
Impact of Competent Persons’ judgements in Mineral Resources classification,Scopus only,2024,EXCLUDE,E6,Trata sobre la clasificacion de recursos minerales por juicio de Personas Competentes en mineria; la mencion de 'confianza del inversionista' es incidental y no aborda riesgo conductual.,EXCLUDE,
Measuring behavioral biases in individual investors decision-making and sociodemographic correlations: a systematic review,Scopus + WoS,2024,INCLUDE,"I1,I2,I3,I4",Revision sistematica que mide sesgos conductuales y sus correlatos sociodemograficos en la toma de decisiones de inversionistas individuales.,INCLUDE,
Sovereign climate bonds: Policy innovation for just transitions in developing countries,Scopus only,2024,EXCLUDE,E6,"Bonos climaticos soberanos como innovacion de politica publica para paises en desarrollo; el perfilamiento de riesgo es a nivel pais/institucional, sin angulo conductual de inversionista individual.",EXCLUDE,
"“All are investing in Crypto, I fear of being missed out”: examining the influence of herding, loss aversion, and overconfidence in the cryptocurrency market with the mediating effect of FOMO",Scopus only,2024,INCLUDE,"I1,I2,I3,I4","Examina efecto manada, aversion a la perdida y exceso de confianza en decisiones de inversion en criptomonedas, mediadas por FOMO.",INCLUDE,
Comparative analysis of QUEST and CHAID decision tree methods in assessing the performance of conventional commercial banks,Scopus only,2024,EXCLUDE,E4,"Compara metodos de arboles de decision para evaluar el perfil de riesgo (RGEC) de bancos comerciales; es riesgo institucional/corporativo del banco, no conductual del inversionista.",EXCLUDE,
Finance and intelligence: An overview of the literature,Scopus + WoS,2024,INCLUDE,"I1,I2,I3,I4",Revision de literatura sobre el vinculo entre inteligencia/capacidad cognitiva y aversion al riesgo/perdida en el comportamiento de inversion.,INCLUDE,
Do heuristics affect Brazilian investors’ decision-making process?,Scopus + WoS,2024,INCLUDE,"I1,I2,I3,I4","Analiza como el exceso de confianza, el anclaje y la aversion a la perdida influyen en la toma de decisiones de inversionistas brasilenos.",INCLUDE,
Robo Advising and Investor Profiling,Scopus + WoS,2024,INCLUDE,"I1,I2,I3,I4",Propone un metodo de perfilamiento de inversionistas basado en aversion relativa al riesgo para asesoria automatizada (robo-advising).,INCLUDE,
Behavioral Finance Biases: A Comprehensive Review on Regret Approach Studies in Portfolio Optimization,Scopus only,2024,INCLUDE,"I1,I2,I3,I4","Revision de modelos de sesgo de arrepentimiento (regret) en optimizacion de portafolios, sesgo conductual relacionado con la decision de inversion.",INCLUDE,
Unpacking the drivers of earnings management in CSR firms: influence of investor risk perception,Scopus + WoS,2024,UNCERTAIN,AMBIGUO,"Mezcla gestion de resultados contables (earnings management) en empresas CSR con percepcion de riesgo del inversionista como variable mediadora; el enfoque principal parece ser contable/corporativo, no conductual del inversionista.",EXCLUDE,"Excluido por decision explicita del autor de la tesis (2026-08-16): ante la duda sobre ajuste con los criterios de poblacion/constructo/activo, se opta por excluir por precaucion. Registro identificado queda disponible para reconsideracion en fases posteriores si se requiere."
Multitrend Conditional Value at Risk for Portfolio Optimization,Scopus only,2024,EXCLUDE,E6,"Metrica cuantitativa de riesgo (CVaR multitendencia) para optimizacion de portafolios mediante machine learning, sin constructo conductual del inversionista.",EXCLUDE,
A Multi-Kink quantile regression model with common structure for panel data analysis,Scopus only,2024,EXCLUDE,E6,"Modelo estadistico de regresion cuantilica multi-kink aplicado a retornos de portafolio, sin relacion con comportamiento del inversionista.",EXCLUDE,
Clustering Sukuk Using the K-Means Algorithm for Allocation of Investors Based on Investment Risk Profile,Scopus only,2024,INCLUDE,"I1,I2,I3,I4","Agrupa sukuk mediante K-Means para asignacion de inversionistas segun su perfil de riesgo (defensivo, conservador, balanceado, agresivo).",INCLUDE,
Construction of Investor Profiles Based on Risk Tolerance Prediction,Scopus only,2024,INCLUDE,"I1,I2,I3,I4",Construye perfiles de inversionistas mediante prediccion de tolerancia al riesgo usando IA explicable.,INCLUDE,
"Demystifying disposition effect: past, present and future",Scopus + WoS,2024,INCLUDE,"I1,I2,I3,I4","Revision hibrida (bibliometrica y de contenido) sobre el efecto disposicion, sesgo conductual central en la decision de inversion.",INCLUDE,
Method for Determining the Risk Profile of Investors based on the Relationship of two stock investing Problems,Scopus only,2024,INCLUDE,"I1,I2,I3,I4",Desarrolla un metodo matematico para determinar el perfil de riesgo del inversionista en el mercado bursatil.,INCLUDE,
Demystifying Robo-Advisors: Benefits and Limitations,Scopus only,2024,INCLUDE,"I1,I2,I3,I4",Examina el perfilamiento de riesgo y los sesgos conductuales de inversionistas privados en el contexto de robo-advisors.,INCLUDE,
Enhancing Investment Decision-making: Leveraging Smart Machine Learning Models for Risk Profiling and Portfolio Allocation,Scopus only,2024,INCLUDE,"I1,I2,I3,I4",Usa modelos de machine learning para perfilar el riesgo de inversionistas individuales y asignar portafolios segun su tolerancia al riesgo.,INCLUDE,
Additive Determination of an Investor’s Risk Tolerance in Asset Allocation,Scopus + WoS,2024,INCLUDE,"I1,I2,I3,I4",Desarrolla un puntaje de evaluacion de riesgo para determinar la tolerancia al riesgo del inversionista minorista en la asignacion de activos.,INCLUDE,
Multinational corporations' capital allocation decisions across asymmetric risk locations: intertemporal equilibrium and optimal transitional adjustment paths,Scopus only,2024,EXCLUDE,E4,"Decisiones de asignacion de capital de corporaciones multinacionales entre ubicaciones con distinto perfil de riesgo; riesgo puramente corporativo/institucional, sin angulo conductual individual.",EXCLUDE,
SEISMIC RISK PROFILE DEFINITION FOR VULNERABLE HOUSING STOCK IN COLOMBIA,Scopus only,2024,EXCLUDE,E1,"Definicion del perfil de riesgo sismico del parque habitacional vulnerable en Colombia; riesgo de infraestructura fisica, sin relacion con perfiles conductuales de inversionistas.",EXCLUDE,
The Influence of COVID-19 and Subsequent Events on the Decision-Making of Retail Investors in Kingdom of Bahrain: A Behavioral Finance Analysis,Scopus only,2024,INCLUDE,"I1,I2,I3,I4",Analiza como el COVID-19 y eventos geopoliticos activaron sesgos conductuales que afectan la toma de decisiones de inversionistas minoristas en Bahrein.,INCLUDE,
Biases in Capital Market Instrument Investing Decisions: A Study from India,Scopus + WoS,2024,INCLUDE,"I1,I2,I3,I4","Examina representatividad, anclaje y aversion a la perdida en las decisiones de inversion de inversionistas individuales en el mercado de capitales indio.",INCLUDE,
"Impact of gender, age, and education on investors’ behavior: An empirical study of Delhi-NCR",Scopus + WoS,2024,INCLUDE,"I1,I2,I3,I4","Analiza como exceso de confianza, anclaje, efecto manada, aversion a la perdida y contabilidad mental varian segun genero, edad y educacion en inversionistas minoristas.",INCLUDE,
BEHAVIOURAL FINANCE AND THE HOUSING MARKET,Scopus only,2024,EXCLUDE,I4,"Aplica teoria de las perspectivas y aversion a la perdida a decisiones de vivienda, pero el activo de inversion es un bien inmueble/fisico, no un activo financiero.",EXCLUDE,
Psychological biases and contextual factors as the determinants of financial satisfaction: an evidence-based study on individual investment decisions,Scopus + WoS,2024,INCLUDE,"I1,I2,I3,I4","Examina sesgos psicologicos (exceso de confianza, aversion a la perdida, statu quo) y su relacion con la satisfaccion financiera en decisiones de inversion individuales.",INCLUDE,
Hidden Consequences of Consumer Protection on the Financial Market: Regulation-introduced Bias,Scopus + WoS,2024,INCLUDE,"I1,I2,I3,I4",Analiza como la regulacion de proteccion al consumidor afecta la percepcion de riesgo de clientes minoristas en decisiones de inversion/banca.,INCLUDE,
"PERSONALITY, FINANCIAL LITERACY, AND FINANCIAL ADVICE-SEEKING IN THE MIDST OF A PANDEMIC",Scopus only,2024,INCLUDE,"I1,I2,I3,I4","Examina rasgos de personalidad, alfabetizacion financiera y tolerancia al riesgo en la busqueda de asesoria financiera de inversionistas bursatiles.",INCLUDE,
Behavioral Finance in Psycho-Social Approaches: A Literature Review,Scopus only,2024,INCLUDE,"I1,I2,I3,I4","Revision de literatura sobre finanzas conductuales desde enfoques psico-sociales, incluida la tolerancia al riesgo de los inversionistas.",INCLUDE,
The Influence of Emotions and Social Value Orientation on Risk Tolerance and Sustainable Investment Choices,Scopus + WoS,2024,INCLUDE,"I1,I2,I3,I4","Examina como la orientacion al valor social, la inestabilidad emocional y factores demograficos determinan la tolerancia al riesgo financiero de inversionistas minoristas.",INCLUDE,
Behavioral finance impacts on US stock market volatility: An analysis of market anomalies,Scopus + WoS,2024,UNCERTAIN,AMBIGUO,"Vincula sesgos conductuales agregados (aversion a la perdida, efecto manada) con la volatilidad del mercado bursatil estadounidense a nivel macro, sin perfilamiento de inversionistas individuales.",EXCLUDE,"Excluido por decision explicita del autor de la tesis (2026-08-16): ante la duda sobre ajuste con los criterios de poblacion/constructo/activo, se opta por excluir por precaucion. Registro identificado queda disponible para reconsideracion en fases posteriores si se requiere."
Robo Advisors Revolution: Transforming Landscape of Mutual Fund Investments,Scopus only,2024,INCLUDE,"I1,I2,I3,I4",Examina como los robo-advisors reducen sesgos como aversion a la perdida y exceso de confianza en la inversion en fondos mutuos.,INCLUDE,
"Evaluating robo-advisors through behavioral finance: a critical review of technology potential, rationality, and investor expectations",Scopus only,2024,INCLUDE,"I1,I2,I3,I4","Revision critica de robo-advisors desde finanzas conductuales, incluyendo tolerancia al riesgo y sesgos en la toma de decisiones de inversion.",INCLUDE,
Conceptual Framework: Understanding the Influence of Monetary and Fiscal Policies on Investor Behavior in China’s Renewable Energy Sector,Scopus only,2024,INCLUDE,"I1,I2,I3,I4",Marco conceptual sobre como las politicas monetarias/fiscales influyen en el efecto manada y la aversion al riesgo de los inversionistas.,INCLUDE,
The Impact of Media News on Investors' Decision-Making According to their Degree of Risk-Taking,Scopus only,2024,INCLUDE,"I1,I2,I3,I4",Examina como las noticias afectan los estilos de decision de inversionistas segun su grado de tolerancia al riesgo en la bolsa de Teheran.,INCLUDE,
Analysis of factors affecting investors’ decision towards cryptocurrency investments in Saudia Arabia: A moderating role of fear of missing out (FOMO) on decision-making,Scopus only,2024,INCLUDE,"I1,I2,I3,I4","Examina riesgo percibido, influencia social y FOMO en las decisiones de inversion en criptomonedas de inversionistas sauditas.",INCLUDE,
Effect of sectoral holdings on the flow-performance sensitivity of mutual funds,Scopus + WoS,2024,UNCERTAIN,AMBIGUO,Estudia la sensibilidad flujo-desempeno de fondos mutuos segun composicion sectorial; el horizonte de inversion del inversionista solo se menciona tangencialmente como implicacion practica.,EXCLUDE,"Excluido por decision explicita del autor de la tesis (2026-08-16): ante la duda sobre ajuste con los criterios de poblacion/constructo/activo, se opta por excluir por precaucion. Registro identificado queda disponible para reconsideracion en fases posteriores si se requiere."
BUILDING FOOTPRINT ANALYSIS FOR SEISMIC VULNERABILITY & LARGE SCALE HIGH-RESOLUTION RISK ASSESSMENTS,Scopus only,2024,EXCLUDE,E1,"Analisis de huella de edificios para evaluacion de riesgo sismico a gran escala; riesgo de infraestructura fisica, sin relacion con inversionistas.",EXCLUDE,
SURROGATE MODEL FOR FRAGILITY ASSESSMENT OF RETROFITTED UNREINFORCED MASONRY BUILDINGS,Scopus only,2024,EXCLUDE,E1,Modelo sustituto para evaluar fragilidad sismica de edificaciones de mamposteria reforzada; riesgo de infraestructura fisica.,EXCLUDE,
The future of finance: Artificial intelligence's influence on behavioral investment decisions,Scopus only,2023,INCLUDE,"I1,I2,I3,I4",Examina como la IA detecta sesgos conductuales como aversion a la perdida y exceso de confianza en decisiones de inversion.,EXCLUDE,"Validacion por muestreo (2026-08-16): segunda pasada IA independiente (ciega) decidio 'UNCERTAIN' (discrepancia con la clasificacion original 'INCLUDE'). Motivo de la segunda pasada: Menciona sesgos conductuales (aversión a la pérdida, exceso de confianza) en decisiones de inversión, pero el objeto central es la capacidad de la IA para detectar sesgos, no evidencia empírica/teórica sustantiva sobre el perfil conductual del inversionista (I3 marginal). Resuelto EXCLUDE aplicando la misma regla de precaucion del autor (ante desacuerdo/duda entre revisores, excluir)."
Shariah-compliant robo-advisors: Exploring the development and implementation of islamic finance's automated investment solutions,Scopus only,2023,UNCERTAIN,AMBIGUO,"Describe robo-advisors compatibles con la Shariah y su 'client profiling', pero sin detallar un constructo de riesgo conductual especifico (tolerancia, sesgos).",EXCLUDE,"Excluido por decision explicita del autor de la tesis (2026-08-16): ante la duda sobre ajuste con los criterios de poblacion/constructo/activo, se opta por excluir por precaucion. Registro identificado queda disponible para reconsideracion en fases posteriores si se requiere."
Stock profiling using time–frequency-varying systematic risk measure,Scopus + WoS,2023,EXCLUDE,E6,"Modelo cuantitativo de riesgo sistematico variable en tiempo-frecuencia (CAPM) para perfilar acciones; el 'risk profile' es de la accion, no del inversionista.",EXCLUDE,
Loss Aversion Robust Optimization Model Under Distribution and Mean Return Ambiguity,Scopus + WoS,2023,INCLUDE,"I1,I2,I3,I4",Modelo robusto de optimizacion de portafolio con aversion a la perdida y aversion a la ambiguedad para inversionistas conductuales.,INCLUDE,
Relative Growth Rate Optimization Under Behavioral Criterion,Scopus only,2023,INCLUDE,"I1,I2,I3,I4",Optimiza la tasa de crecimiento relativa bajo criterio conductual con teoria de las perspectivas y tolerancia al riesgo del inversionista.,INCLUDE,
Forecasting sovereign risk perception of Brazilian bonds: an evaluation of machine learning prediction accuracy,Scopus + WoS,2023,EXCLUDE,E6,"El 'riesgo soberano' aquí es la calificación de agencias crediticias predicha con ML, no un constructo conductual del inversionista individual.",EXCLUDE,
Do investment fund managers behave rationally in the light of central bank communication? Survey evidence from Poland,Scopus + WoS,2023,UNCERTAIN,AMBIGUO,"La población son gestores de fondos como inversionistas institucionales/profesionales, no queda claro si califican como 'inversionistas en general' bajo I1 o como población institucional excluida.",EXCLUDE,"Excluido por decision explicita del autor de la tesis (2026-08-16): ante la duda sobre ajuste con los criterios de poblacion/constructo/activo, se opta por excluir por precaucion. Registro identificado queda disponible para reconsideracion en fases posteriores si se requiere."
Optimal investment problem under behavioral setting: A Lagrange duality perspective,Scopus + WoS,2023,INCLUDE,"I1,I2,I3,I4",Modelo teórico de inversión óptima que incorpora teoría de las perspectivas y aversión a la pérdida en la decisión de inversión en activos financieros.,INCLUDE,
Market Efficiency and Stock Investment Loss Aversion Guide During COVID-19 Pandemic Events: The Case for Applying Data Mining,Scopus + WoS,2023,EXCLUDE,E6,"'Loss aversion' se usa como etiqueta de control de riesgo en un modelo de selección de acciones con árboles de decisión, sin medir el sesgo conductual del inversionista.",EXCLUDE,
Improving risk classification and ratemaking using mixture-of-experts models with random effects,Scopus only,2023,EXCLUDE,E5,"Es un modelo actuarial de ratemaking y clasificación de riesgo de pólizas de seguros, sin relación con comportamiento de inversión.",EXCLUDE,
Biased risk perceptions: Evidence from the laboratory and financial markets,Scopus + WoS,2023,INCLUDE,"I1,I2,I3,I4",Evidencia experimental y de mercado sobre el sesgo de percepción de riesgo (volatilidad) de inversionistas en activos financieros.,INCLUDE,
Driving Millennials To Be Investors: The Case Of Investment Decision Performance In Indonesian Capital Market,Scopus + WoS,2023,INCLUDE,"I1,I2,I3,I4",Estudia tolerancia al riesgo y decisiones de inversión riesgosas de inversionistas millennials individuales en el mercado de capitales indonesio.,INCLUDE,
A K-Means Classification and Entropy Pooling Portfolio Strategy for Small and Large Capitalization Cryptocurrencies,Scopus + WoS,2023,EXCLUDE,E6,Es una estrategia cuantitativa de optimización de portafolio de criptoactivos; la tolerancia al riesgo del inversionista se menciona solo tangencialmente.,EXCLUDE,
Influence of bull and bear market phase on financial risk tolerance of urban individual investors in an emerging economy,Scopus + WoS,2023,INCLUDE,"I1,I2,I3,I4",Analiza la tolerancia al riesgo financiero de inversionistas individuales urbanos según fases de mercado alcista/bajista.,INCLUDE,
Behavioral biases of investors in the cryptocurrency market,Scopus only,2023,INCLUDE,"I1,I2,I3,I4","Examina heurísticas, efecto manada y tolerancia al riesgo como mediador en decisiones de inversionistas individuales en criptoactivos.",INCLUDE,
"11th International Seminar on New Paradigm and Innovation on Natural Sciences and Its Application, ISNPINSA 2021: Developing Science and Technology Toward the New Normal Era",Scopus only,2023,EXCLUDE,E7,Es una tabla de contenidos de actas de conferencia multidisciplinaria sin contenido propio sustantivo sobre riesgo conductual de inversionistas.,EXCLUDE,
A data-driven approach to estimating post-discovery parameters of unexplored oilfields,Scopus only,2023,EXCLUDE,E6,"Trata sobre estimación técnica de parámetros de yacimientos petroleros para inversionistas, no sobre riesgo conductual ni activos financieros (I4).",EXCLUDE,
Modeling damage accumulation during ground-motion sequences for portfolio seismic loss assessments,Scopus only,2023,EXCLUDE,E1,"Es ingeniería sísmica/estructural de evaluación de pérdidas de portafolios de edificaciones, sin relación con perfiles conductuales de inversionistas.",EXCLUDE,
Examining the Effect of Fear on Investment Decisions and Interpreting It with Psychological Factors: A Research on Türkiye | Korkunun Yatırım Kararları Üzerindeki Etkisinin İncelenmesi ve Psikolojik Faktörler ile Yorumlanması: Türkiye Üzerine Bir Araştırma,Scopus only,2023,INCLUDE,"I1,I2,I3,I4","Estudia el efecto del miedo, aversión a la pérdida, herding y anclaje sobre las decisiones de inversión en instrumentos financieros.",INCLUDE,
What compliance commitments tell us about U.S. banks?,Scopus only,2023,EXCLUDE,E4,"Analiza el perfil de riesgo regulatorio/institucional de bancos como firmas, sin ángulo de comportamiento del inversionista individual.",EXCLUDE,
Selection of Retirement Saving Plan for a Private-sector Employee in Pakistan,Scopus + WoS,2023,EXCLUDE,E6,"Es un caso de negocio descriptivo sobre selección de plan de pensión, sin examinar ningún constructo de riesgo conductual del inversionista.",EXCLUDE,
Impact of Availability and Loss Aversion Bias on Investment Decision Making of Individual Investors in Tamil Nadu,Scopus only,2023,INCLUDE,"I1,I2,I3,I4",Analiza el sesgo de disponibilidad y aversión a la pérdida en la decisión de inversión de inversionistas individuales en Tamil Nadu.,INCLUDE,
Exploring the Gaussian investor sentiment process,Scopus only,2023,INCLUDE,"I1,I2,I3,I4",Modela el sentimiento del inversionista bajo teoría de las perspectivas y heurísticas de disponibilidad y aversión a la pérdida en mercados accionarios.,INCLUDE,
Needs for Portfolio Risk Assessment of Aging Dams in the United States,Scopus only,2023,EXCLUDE,E1,"Es evaluación de riesgo de infraestructura física (presas), sin relación con perfiles conductuales de inversionistas.",EXCLUDE,
Risk Factor Disclosures in the US Airline Industry Following the COVID-19 Pandemic,Scopus + WoS,2023,EXCLUDE,E4,"Analiza la divulgación de riesgo corporativo de aerolíneas en reportes financieros, sin ángulo de comportamiento del inversionista individual.",EXCLUDE,
Sustainable development of the green bond markets in India: Challenges and strategies,Scopus + WoS,2023,EXCLUDE,E6,"El 'perfilamiento de riesgo' se refiere a falta de claridad regulatoria del mercado de bonos verdes, no a un constructo conductual del inversionista.",EXCLUDE,
Effects of Investment Experience on the Stock Investment Task: The Mediating Role of Risk Perception,Scopus + WoS,2023,INCLUDE,"I1,I2,I3,I4",Experimento de laboratorio sobre percepción de riesgo como mediador entre experiencia previa y comportamiento de inversión de inversionistas novatos.,INCLUDE,
Risk Preference Elicitation and Financial Advice Taking,Scopus + WoS,2023,INCLUDE,"I1,I2,I3,I4",Compara métodos de elicitación de preferencias/perfil de riesgo del inversionista y su efecto en la aceptación de asesoría financiera.,INCLUDE,
CLASSIFICATION OF REAL ESTATE INVESTMENT AREAS UNDER THE CRITERIA OF THE RISK-RETURN RATIO AND THE INVESTOR'S RISK PROFILE | CLASIFICACIÓN DE ZONAS DE INVERSIÓN INMOBILIARIA BAJO EL CRITERIO DE LA RELACIÓN RENTABILIDAD-RIESGO Y EL PERFIL DEL RIESGO DEL INVERSOR,Scopus only,2023,UNCERTAIN,AMBIGUO,"Mezcla dominio inmobiliario (activo físico) con perfil de riesgo conductual del inversionista de forma explícita, sin claridad de si el enfoque principal es la inversión financiera (caso ejemplo de la sección UNCERTAIN).",EXCLUDE,"Excluido por decision explicita del autor de la tesis (2026-08-16): ante la duda sobre ajuste con los criterios de poblacion/constructo/activo, se opta por excluir por precaucion. Registro identificado queda disponible para reconsideracion en fases posteriores si se requiere."
"China’s Circular Economy Toward Environmental, Social, and Governance",Scopus only,2023,EXCLUDE,E6,"Trata sobre economía circular y ESG a nivel de política gubernamental/empresarial, no sobre un constructo de riesgo conductual del inversionista.",EXCLUDE,
Perception on Investing in Stocks with ESG Relevance: A Descriptive View on Influence of Key Demographic Variables and Risk Profiling of Investors,Scopus only,2023,INCLUDE,"I1,I2,I3,I4",Analiza la tolerancia al riesgo y variables demográficas en el perfilamiento de inversionistas individuales que invierten en acciones ESG.,INCLUDE,
Behavioral finance factors and investment decisions: A mediating role of risk perception,Scopus + WoS,2023,INCLUDE,"I1,I2,I3,I4","Examina herding, efecto disposición y exceso de confianza mediados por percepción de riesgo en decisiones de inversionistas individuales saudíes.",INCLUDE,
The Behavioural Pattern of Investment in the Financial Market: A Study of the Individual Investors,Scopus + WoS,2023,INCLUDE,"I1,I2,I3,I4","Estudia determinantes conductuales (sesgo cognitivo, percepción de riesgo, exceso de confianza) de la decisión de inversión de inversionistas individuales.",INCLUDE,
Does Cognitive Bias and Risk Perception Impact Investment Decision? Women Investors’ Perspective,Scopus only,2023,INCLUDE,"I1,I2,I3,I4","Analiza contabilidad mental, anclaje y percepción de riesgo en decisiones de inversión de mujeres inversionistas individuales.",INCLUDE,
The Factors Influencing Investor’s Decision towards Invest in Equity Shares in Tumkur District,Scopus only,2023,INCLUDE,"I1,I2,I3,I4",Usa la tolerancia al riesgo como variable interviniente en la decisión de inversión en acciones de inversionistas individuales.,INCLUDE,
Behavioral biases affecting investment decisions of capital market investors in Bangladesh: A behavioral finance approach,Scopus only,2023,INCLUDE,"I1,I2,I3,I4","Identifica sesgos conductuales (aversión a la pérdida, exceso de confianza, herding) en decisiones de inversión de inversionistas individuales.",INCLUDE,
Risk tolerance as mediating factor in individual financial investment decisions: a developing-country study,Scopus only,2023,INCLUDE,"I1,I2,I3,I4","Estudia la tolerancia al riesgo como mediador entre literacidad financiera, personalidad, exceso de confianza y decisión de inversión individual.",INCLUDE,
The Analysis Level of Optimism that Influence Investor’s Risk Tolerance in Asset Allocation | Analisis Tahap Optimisme yang Mempengaruhi Toleransi Risiko Pelabur dalam Peruntukan Saham,Scopus only,2023,INCLUDE,"I1,I2,I3,I4",Propone un modelo que combina tolerancia al riesgo y optimismo del inversionista para la asignación de activos accionarios.,INCLUDE,
"Investigating the Antecedents of Investment Intention and the Mediating Effect of Investment Self-efficacy among Young Adults in Shandong, China",Scopus only,2023,INCLUDE,"I1,I2,I3,I4",Examina la autoeficacia de inversión y percepción de riesgo como mediadores de la intención de inversión financiera en jóvenes.,INCLUDE,
Demography of Investors and Behavioral Biases - An Empirical Study,Scopus only,2023,INCLUDE,"I1,I2,I3,I4","Analiza anclaje, contabilidad mental, exceso de confianza, herding y aversión a la pérdida en inversionistas minoristas.",INCLUDE,
Harnessing Behavioral Traits to Enhance Financial Stock Recommender Systems: Tackling the User Cold Start Problem,Scopus only,2023,INCLUDE,"I1,I2,I3,I4",Incorpora rasgos conductuales y tolerancia al riesgo de inversionistas individuales en un sistema de recomendación de acciones.,INCLUDE,
Financial Literacy and Heuristic Driven Biases: The Role of Risk Perception,Scopus + WoS,2023,INCLUDE,"I1,I2,I3,I4","Examina sesgos heurísticos (exceso de confianza, anclaje) y percepción de riesgo de inversionistas individuales en India.",INCLUDE,
AN EMPIRICAL INVESTIGATION ON INVESTOR PSYCHOLOGICAL BIASES,Scopus only,2023,INCLUDE,"I1,I2,I3,I4","Estudia exceso de confianza, aversión a la pérdida y anclaje en decisiones financieras de inversionistas jordanos.",INCLUDE,
Disposition Effect: Brazilian Investors' Behavior during the Covid-19 Pandemic,Scopus only,2023,INCLUDE,"I1,I2,I3,I4",Analiza el efecto disposición en el comportamiento de trading de inversionistas brasileños durante la pandemia.,INCLUDE,
Predicting the financial behavior of Indian salaried-class individuals,Scopus only,2023,INCLUDE,"I1,I2,I3,I4","Examina conservadurismo, herding y autoeficacia financiera de inversionistas asalariados individuales.",INCLUDE,
Investor Behavior during Periods of Crises: The Chinese Funds Market during the 2020 Pandemic,Scopus only,2023,INCLUDE,"I1,I2,I3,I4","Analiza aversión al riesgo, heurísticas, prospecto y herding en el comportamiento de inversionistas de fondos durante la pandemia.",INCLUDE,
Is the investor's reliance on cognition and emotional regulation predict preference for selecting value versus growth stocks?,Scopus + WoS,2023,INCLUDE,"I1,I2,I3,I4",Examina la regulación emocional y el estilo cognitivo del inversionista en la selección de acciones de valor versus crecimiento.,INCLUDE,
Big Five Personality Traits and Financial Literacy: Effect on Risk Tolerance of Filipino Investors from Higher Education Institutions in Metro Manila,Scopus only,2023,INCLUDE,"I1,I2,I3,I4",Analiza el efecto de rasgos de personalidad y literacidad financiera sobre la tolerancia al riesgo de inversionistas filipinos.,INCLUDE,
An Application of the IFM Method for the Risk Assessment of Financial Instruments,Scopus + WoS,2023,EXCLUDE,E6,"Es un método cuantitativo (IFM, GARCH, cópulas) de predicción de VaR de instrumentos financieros, sin examinar un constructo conductual del inversionista.",EXCLUDE,
The Role of Asset Ownership in PSS Theory: An Insight from Expert Interviews,Scopus only,2023,EXCLUDE,E6,"Trata sobre sistemas producto-servicio (servitización) y propiedad de activos industriales, no sobre riesgo conductual de inversionistas.",EXCLUDE,
The EU Taxonomy's (Potential) Effects on the Banking Sector and Bank Lending to Firms,Scopus only,2022,EXCLUDE,E4,"Analiza el perfil de riesgo ESG de firmas y el crédito bancario corporativo, sin ángulo conductual del inversionista individual.",EXCLUDE,
Measuring the gap between elicited and revealed risk for investors: An empirical study,Scopus only,2022,INCLUDE,"I1,I2,I3,I4",Compara el riesgo elicitado y revelado (tolerancia al riesgo) de clientes inversionistas frente a su asignación real de portafolio.,INCLUDE,
Unsupervised machine learning to reveal South African risk behaviour archetypes in the domain of discretionary investment decisions,Scopus + WoS,2022,INCLUDE,"I1,I2,I3,I4","Identifica arquetipos de comportamiento de riesgo (aversión a la pérdida, búsqueda de riesgo) en decisiones discrecionales de inversión individual.",INCLUDE,
The Influence of Social and Personal Factors in Individual Investment Decision Making,Scopus + WoS,2022,INCLUDE,"I1,I2,I3,I4","Examina tolerancia al riesgo, literacidad financiera y percepción de riesgo social en la decisión de inversión de mujeres individuales.",INCLUDE,
Behavioural Bias: Does it Affect an Investor's Rationality?,Scopus only,2022,INCLUDE,"I1,I2,I3,I4","Analiza aversión a la pérdida, statu quo y sesgo de optimismo en la decisión de inversión de inversionistas individuales indios.",INCLUDE,
A Multimodal Affective Sensing Model for Constructing a Personality-Based Financial Advisor System,Scopus + WoS,2022,INCLUDE,"I1,I2,I3,I4",Relaciona rasgos de personalidad con la tolerancia al riesgo del inversionista para un sistema de asesoría financiera.,INCLUDE,
Does the Adaptive Market Hypothesis Reconcile the Behavioral Finance and the Efficient Market Hypothesis?,Scopus + WoS,2022,INCLUDE,"I1,I2,I3,I4",Usa el comportamiento miope frente a pérdidas (aversión a la pérdida) de inversionistas como proxy de comportamiento adaptativo de mercado.,INCLUDE,
Artificial humanity: Smart tooling to implement the human touch in digital investing,Scopus only,2022,UNCERTAIN,AMBIGUO,"El abstract es genérico sobre digitalización de servicios de inversión y comprensión del comportamiento humano, sin evidencia sustantiva sobre un constructo específico de riesgo conductual.",EXCLUDE,"Excluido por decision explicita del autor de la tesis (2026-08-16): ante la duda sobre ajuste con los criterios de poblacion/constructo/activo, se opta por excluir por precaucion. Registro identificado queda disponible para reconsideracion en fases posteriores si se requiere."
"Disposition bias among Borsa Istanbul investors: What do we know about type, size and trading frequency?",Scopus + WoS,2022,INCLUDE,"I1,I2,I3,I4","Analiza el sesgo de disposición según tipo, tamaño y frecuencia de trading de inversionistas de la bolsa de Estambul.",INCLUDE,
Do Investor Overconfidence and Loss Aversion Drive Saudi Firm Market Performance? The Moderating Effect of Corporate Governance,Scopus + WoS,2022,INCLUDE,"I1,I2,I3,I4",Examina el exceso de confianza y la aversión a la pérdida de los inversionistas como sesgos que afectan el valor de mercado de firmas saudíes.,INCLUDE,
Investor Segments by Perceived Project Risk and Their Characteristics Based on Primary Research Results,Scopus only,2022,UNCERTAIN,AMBIGUO,"No queda claro si los 'proyectos de inversión' analizados corresponden a activos financieros o a proyectos físicos/de desarrollo, pese al enfoque conductual de percepción de riesgo.",EXCLUDE,"Excluido por decision explicita del autor de la tesis (2026-08-16): ante la duda sobre ajuste con los criterios de poblacion/constructo/activo, se opta por excluir por precaucion. Registro identificado queda disponible para reconsideracion en fases posteriores si se requiere."
Are Firms Biasing Stakeholder Expectations by Attributing Prior Poor Performance to COVID-19?,Scopus only,2022,EXCLUDE,E4,"Analiza la divulgación corporativa de factores de riesgo en reportes SEC de firmas, sin ángulo conductual del inversionista individual.",EXCLUDE,
Behavioural biases affecting investors’ decision-making process: a scale development approach,Scopus + WoS,2022,INCLUDE,"I1,I2,I3,I4","Desarrolla una escala multidimensional de sesgos conductuales (disponibilidad, herding, anclaje, aversión a la pérdida) de inversionistas individuales en acciones.",INCLUDE,
Do sustainable institutional investors contribute to firms’ environmental performance? Empirical evidence from Europe,Scopus + WoS,2022,EXCLUDE,E4,"Analiza el efecto de la propiedad institucional sostenible sobre el desempeño ambiental corporativo, sin ángulo conductual del inversionista individual.",EXCLUDE,
"Carbon market and the conventional and Islamic equity markets: Where lays the environmental cleanliness of their utilities, energy, and ESG sectoral stocks?",Scopus only,2022,EXCLUDE,E6,"Es un análisis cuantitativo de dependencia entre mercado de carbono y retornos sectoriales, sin constructo conductual del inversionista.",EXCLUDE,
Do sociodemographic factors have influence on risk tolerance level of stock market investors? An analysis from a developing country perspective,Scopus + WoS,2022,INCLUDE,"I1,I2,I3,I4",Analiza factores sociodemográficos que influyen en el nivel de tolerancia al riesgo de inversionistas minoristas del mercado accionario.,INCLUDE,
Moderating Role of Information Asymmetry Between Cognitive Biases and Investment Decisions: A Mediating Effect of Risk Perception,Scopus + WoS,2022,UNCERTAIN,AMBIGUO,"Mezcla dominio inmobiliario (inversionistas de bienes raíces) con sesgos cognitivos y percepción de riesgo explícitos, sin claridad de si es literatura de activos financieros.",EXCLUDE,"Excluido por decision explicita del autor de la tesis (2026-08-16): ante la duda sobre ajuste con los criterios de poblacion/constructo/activo, se opta por excluir por precaucion. Registro identificado queda disponible para reconsideracion en fases posteriores si se requiere."
Examining Risk Absorption Capacity as a Mediating Factor in the Relationship between Cognition and Neuroplasticity in Investors in Investment Decision Making,Scopus + WoS,2022,INCLUDE,"I1,I2,I3,I4",Examina la capacidad de absorción de riesgo y la cognición de inversionistas minoristas individuales en su decisión de invertir en el mercado accionario.,INCLUDE,
Dividend announcement effect analysis before and during the COVID-19 pandemic in the Indonesia Stock Exchange,Scopus only,2022,EXCLUDE,E6,Es un estudio de eventos sobre volatilidad de mercado ante anuncios de dividendos; el 'perfilamiento de riesgo' aparece solo tangencialmente.,EXCLUDE,
Overconfidence heuristic-driven bias in investment decision-making and performance: mediating effects of risk perception and moderating effects of financial literacy,Scopus + WoS,2022,INCLUDE,"I1,I2,I3,I4",Examina el exceso de confianza y la percepción de riesgo como mediadores de la decisión de inversión de inversionistas individuales paquistaníes.,INCLUDE,
Impacts on catastrophe risk assessments from multi-segment and multi-fault ruptures in the UCERF3 model,Scopus only,2022,EXCLUDE,E1,"Es un modelo sismológico/de ingeniería de riesgo catastrófico de portafolios de edificaciones, sin relación con perfiles conductuales de inversionistas.",EXCLUDE,
What makes risk-averse investors tick? A practitioners guide,Scopus + WoS,2022,INCLUDE,"I1,I2,I3,I4",Propone un modelo para perfilar la tolerancia al riesgo de inversionistas individuales aversos al riesgo.,INCLUDE,
Energy efficiency finance and Multiple Benefits - two sides of the same coin,Scopus only,2022,EXCLUDE,E6,"Trata sobre financiamiento y beneficios múltiples de eficiencia energética a nivel institucional/de políticas, sin constructo conductual del inversionista individual.",EXCLUDE,
History matters: How short-term price charts hurt investment performance,Scopus + WoS,2022,INCLUDE,"I1,I2,I3,I4",Experimento controlado con inversionistas minoristas sobre cómo el marco temporal de gráficos de precios afecta su comportamiento de trading y toma de riesgo.,INCLUDE,
Behavioral Biases and the Decision-Making in Entrepreneurs and Managers | Vieses Comportamentais e a Tomada de Decisão em Empreendedores e Gestores,Scopus only,2022,EXCLUDE,E4,"Los sesgos conductuales se estudian en emprendedores/gerentes que invierten en activos reales dentro de sus organizaciones, un contexto corporativo, no de inversionistas individuales en mercados financieros.",EXCLUDE,
Discriminants of risk tolerance among Indian investors: a dichotomous discriminant approach,Scopus + WoS,2023,INCLUDE,"I1,I2,I3,I4","El estudio identifica discriminantes de la tolerancia al riesgo financiero en inversionistas individuales indios mediante analisis discriminante, cumpliendo poblacion, constructo conductual y marco de clasificacion.",INCLUDE,
Donald Duck: a narrative that embeds behavioral finance?,Scopus + WoS,2022,EXCLUDE,E6,"El articulo analiza sesgos de finanzas conductuales en narrativas de comics (Donald Duck), sin poblacion real de inversionistas ni evidencia empirica/teorica sobre inversion financiera.",EXCLUDE,
Stock Market Investment Behavior Based on Behavioral Finance Based on Data Fusion Algorithm,Scopus only,2022,INCLUDE,"I1,I2,I3,I4","Examina el comportamiento de inversion de inversionistas individuales en el mercado bursatil desde la optica de las finanzas conductuales, con sesgos psicologicos de percepcion de riesgo.",INCLUDE,
Portfolio Optimization by Asset Allocation,Scopus only,2022,UNCERTAIN,AMBIGUO,"Es una revision general de teoria de asignacion de activos y construccion de portafolios que menciona tangencialmente la tolerancia al riesgo, sin evidencia sustantiva centrada en el constructo conductual.",EXCLUDE,"Excluido por decision explicita del autor de la tesis (2026-08-16): ante la duda sobre ajuste con los criterios de poblacion/constructo/activo, se opta por excluir por precaucion. Registro identificado queda disponible para reconsideracion en fases posteriores si se requiere."
Behavioral Heterogeneity in the Stock Market Revisited: What Factors Drive Investors as Fundamentalists or Chartists?,Scopus + WoS,2022,INCLUDE,"I1,I2,I3,I4",Estudia la heterogeneidad conductual de inversionistas bursatiles (fundamentalistas vs. chartistas) y el horizonte de inversion como determinante conductual explicito.,INCLUDE,
Influence of COVID-induced fear on sovereign bond yield,Scopus + WoS,2022,EXCLUDE,E6,"El estudio analiza el efecto del miedo por COVID-19 en la percepcion de riesgo pais y el rendimiento de bonos soberanos a nivel macro, sin abordar el perfil conductual de inversionistas individuales.",EXCLUDE,
OPTIMAL MANAGEMENT OF OFFSHORE WIND ASSETS AT DIFFERENT STAGES OF LIFE EXTENSION ACCOUNTING FOR UNCERTAINTY PROPAGATION,Scopus only,2022,EXCLUDE,E2,"Trata sobre gestion optima de activos fisicos de parques eolicos offshore mediante teoria de portafolio, sin angulo conductual del inversionista.",EXCLUDE,
Computer Vision Based Industrial and Forest Fire Detection Using Support Vector Machine (SVM),Scopus only,2022,EXCLUDE,E6,"El articulo trata sobre deteccion de incendios mediante vision por computador, sin relacion alguna con inversionistas ni riesgo conductual.",EXCLUDE,
"Multiscale spillovers and connectedness between gold, copper, oil, wheat and currency markets",Scopus only,2021,EXCLUDE,E6,"Analiza el contagio de volatilidad y retorno entre mercados de commodities y divisas, sin abordar el perfil conductual del inversionista individual.",EXCLUDE,
Machine-learning based vulnerability analysis of existing buildings,Scopus only,2021,EXCLUDE,E1,"Presenta un marco de aprendizaje automatico para el analisis de vulnerabilidad sismica de edificios existentes, un riesgo de infraestructura fisica sin relacion con perfiles conductuales de inversionistas.",EXCLUDE,
Artificial intelligence in financial services: a qualitative research to discover robo-advisory services,Scopus + WoS,2021,INCLUDE,"I1,I2,I3,I4",Explora la percepcion y sesgos conductuales de inversionistas individuales indios frente a los robo-advisors y el perfilamiento de riesgo.,INCLUDE,
Examining drivers and deterrents of individuals’ investment intentions: a qualitative multistage analysis,Scopus + WoS,2021,INCLUDE,"I1,I2,I3,I4","Identifica impulsores y disuasores conductuales (autoeficacia financiera, entre otros) de la intencion de inversion de inversionistas minoristas, proponiendo una clasificacion conductual.",INCLUDE,
Why retail investors traded equity during the pandemic? An application of artificial neural networks to examine behavioral biases,Scopus + WoS,2021,INCLUDE,"I1,I2,I3,I4","Examina el efecto de ocho sesgos conductuales (exceso de confianza, aversion a la perdida, efecto manada, etc.) en la actividad de trading de inversionistas minoristas durante la pandemia.",INCLUDE,
Cognitive biases on the iran stock exchange: Unsupervised learning approach to examining feature bundles in investors’ portfolios,Scopus + WoS,2021,INCLUDE,"I1,I2,I3,I4","Analiza el agrupamiento de sesgos cognitivos en inversionistas de la bolsa de Iran mediante aprendizaje no supervisado, generando perfiles conductuales de inversionistas.",INCLUDE,
Maximum drawdown distributions: The cross-asset dimension,Scopus + WoS,2021,EXCLUDE,E6,"El articulo desarrolla una medida cuantitativa de drawdown maximo para el perfilamiento de riesgo de portafolios, sin abordar ningun constructo conductual del inversionista.",EXCLUDE,
Institutional investor heterogeneity and market price dynamics: Evidence from investment horizon and portfolio concentration,Scopus + WoS,2021,EXCLUDE,E4,"Estudia la heterogeneidad de inversionistas institucionales (horizonte de inversion y concentracion de cartera) y su efecto en la dinamica de precios de mercado, sin angulo conductual del inversionista individual.",EXCLUDE,
Applying risk tolerance and socio-technical dynamics for more realistic energy transition pathways,Scopus only,2021,EXCLUDE,E2,"Aplica un modelo de tolerancia al riesgo a la aceptacion social de la energia nuclear en la transicion energetica, sin relacion con decisiones de inversion financiera individual.",EXCLUDE,
Experimental evidences for prospect theory in Vietnam,Scopus only,2021,INCLUDE,"I1,I2,I3,I4",Aporta evidencia experimental sobre la teoria de las perspectivas y la aversion a la perdida en inversionistas bursatiles de Vietnam.,INCLUDE,
Are mutual fund investors loss averse? Evidence from China,Scopus + WoS,2021,INCLUDE,"I1,I2,I3,I4",Analiza empiricamente la aversion a la perdida en inversionistas de fondos mutuos chinos mediante analisis de supervivencia.,INCLUDE,
NODE: a large‐scale seismic risk prioritization tool for Italy based on nominal structural performance,Scopus only,2021,EXCLUDE,E1,"Desarrolla una herramienta de priorizacion de riesgo sismico a gran escala en Italia, riesgo de infraestructura fisica sin relacion con perfiles conductuales de inversionistas.",EXCLUDE,
Farmers' resource endowment and risk management affect agricultural practices and innovation capacity in the Northwestern uplands of Cambodia,Scopus only,2021,EXCLUDE,E6,"Estudia la gestion de riesgo agricola de agricultores en Camboya, fuera del dominio de inversion en activos financieros y sin constructo conductual de inversionistas.",EXCLUDE,
Framing effects of information on investment risk perception,Scopus only,2021,INCLUDE,"I1,I2,I3,I4",Examina como el encuadre (framing) de la informacion afecta la percepcion de riesgo de inversionistas individuales e institucionales en fondos de inversion.,INCLUDE,
Nonlinear static characterisation of masonry-infilled RC building portfolios accounting for variability of infill properties,Scopus only,2021,EXCLUDE,E1,"Analiza la caracterizacion estatica no lineal de portafolios de edificios de mamposteria frente a riesgo sismico, riesgo de infraestructura fisica sin angulo conductual.",EXCLUDE,
The Compounding Effect of Investors’ Cognition and Risk Absorption Potential on Enhancing the Level of Interest towards Investment in the Domestic Capital Market,Scopus + WoS,2021,INCLUDE,"I1,I2,I3,I4",Estudia el efecto de la cognicion y la capacidad de absorcion de riesgo de inversionistas minoristas indios sobre el interes en la inversion en el mercado de capitales.,INCLUDE,
Pricing Liquidity Risk with Heterogeneous Investment Horizons,Scopus only,2021,UNCERTAIN,AMBIGUO,"Desarrolla un modelo de valoracion de activos con horizontes de inversion heterogeneos como supuesto de segmentacion, sin evidencia conductual explicita sobre el inversionista, resultando marginal.",EXCLUDE,"Excluido por decision explicita del autor de la tesis (2026-08-16): ante la duda sobre ajuste con los criterios de poblacion/constructo/activo, se opta por excluir por precaucion. Registro identificado queda disponible para reconsideracion en fases posteriores si se requiere."
Robo-advising risk profiling through content analysis for sustainable development in the Hong Kong financial market,Scopus + WoS,2021,INCLUDE,"I1,I2,I3,I4","Realiza perfilamiento de riesgo de inversionistas individuales para robo-advising en Hong Kong mediante analisis de contenido, aportando taxonomia de factores de riesgo.",INCLUDE,
Know Your Clients’ Behaviours: A Cluster Analysis of Financial Transactions,Scopus + WoS,2021,INCLUDE,"I1,I2,I3,I4","Utiliza clustering para identificar comportamientos de inversionistas a partir de datos KYC y transacciones financieras, incluyendo tolerancia al riesgo.",INCLUDE,
Risk Tolerance Profiling Measure: Testing Its Reliability and Validities,Scopus + WoS,2021,INCLUDE,"I1,I2,I3,I4",Valida psicometricamente una medida de perfilamiento de tolerancia al riesgo de inversionistas y su capacidad predictiva de ansiedad ante perdidas.,INCLUDE,
SEISMIC ASSESSMENT AND RISK PROFILING OF LARGE BUILDING INVENTORIES IN NORTH AMERICA,Scopus only,2021,EXCLUDE,E1,"Trata sobre evaluacion y perfilamiento de riesgo sismico de inventarios de edificios, riesgo de infraestructura fisica sin relacion con el comportamiento del inversionista individual.",EXCLUDE,
A Digital Assistant for Stock Market Prediction,Scopus only,2021,EXCLUDE,E6,Propone un asistente digital de prediccion bursatil basado en analisis fundamental; la mencion de perfiles de riesgo es incidental y no constituye evidencia sustantiva de un constructo conductual.,EXCLUDE,
Predictive Claim Scores for Dynamic Multi-Product Risk Classification in Insurance,Scopus + WoS,2021,EXCLUDE,E5,"Desarrolla un modelo de clasificacion de riesgo de reclamaciones para tarificacion de seguros, un contexto actuarial sin relacion con el comportamiento de inversion.",EXCLUDE,
What explains the investment decision-making behaviour? The role of financial literacy and financial risk tolerance,Scopus only,2021,INCLUDE,"I1,I2,I3,I4",Investiga el rol mediador de la tolerancia al riesgo financiero entre alfabetizacion financiera y comportamiento de decision de inversion de inversionistas individuales paquistanies.,INCLUDE,
Behavioral Biases on Investment Decision: A Case Study in Indonesia,Scopus + WoS,2021,INCLUDE,"I1,I2,I3,I4","Examina la influencia de sesgos conductuales cognitivos y emocionales (anclaje, aversion a la perdida, efecto manada, etc.) en decisiones de inversion de inversionistas individuales indonesios.",INCLUDE,
Why does a prestigious emission house emit a loan for a peripheral state? The house of Rothschild and the Greek guaranteed loan of 1833,Scopus + WoS,2021,EXCLUDE,E4,"Es un estudio historico de caso sobre la percepcion de riesgo de un banquero (Rothschild) al emitir un prestamo soberano, una decision institucional/corporativa sin poblacion de inversionistas individuales.",EXCLUDE,
The Impact of the Behavioral Factors on Investment Decision-Making: A Systemic Review on Financial Institutions,Scopus only,2021,INCLUDE,"I1,I2,I3,I4","Revision sistematica sobre el impacto de factores conductuales (exceso de confianza, anclaje, efecto manada, aversion a la perdida) en la toma de decisiones de inversion.",INCLUDE,
Performance profiling of the unit trust funds in Malaysia with data mining techniques,Scopus only,2021,UNCERTAIN,AMBIGUO,"Realiza perfilamiento de desempeno de fondos de inversion mediante mineria de datos para orientar a inversionistas minoristas segun su tolerancia al riesgo, pero no mide directamente el constructo conductual del inversionista, resultando marginal.",EXCLUDE,"Excluido por decision explicita del autor de la tesis (2026-08-16): ante la duda sobre ajuste con los criterios de poblacion/constructo/activo, se opta por excluir por precaucion. Registro identificado queda disponible para reconsideracion en fases posteriores si se requiere."
Market discipline in the behavioral finance perspective: a case of Sharia mutual funds in Indonesia,Scopus + WoS,2022,INCLUDE,"I1,I2,I3,I4","Analiza determinantes conductuales (alfabetizacion financiera islamica, tolerancia al riesgo financiero) de la intencion de retiro de inversionistas minoristas en fondos mutuos sharia.",INCLUDE,
Reference Prices and Turnover: Evidence from Small-Capitalization Stocks,Scopus + WoS,2021,INCLUDE,"I1,I2,I3,I4",Investiga el efecto de los precios de referencia y la aversion a la perdida miope en las decisiones de negociacion de inversionistas bursatiles indios.,INCLUDE,
The behavior of the various personalities of secondary equity investors: Big five personality model,Scopus only,2021,INCLUDE,"I1,I2,I3,I4",Analiza como los rasgos de personalidad (Big Five) se relacionan con sesgos conductuales de inversionistas individuales en el mercado secundario de acciones.,INCLUDE,
Analytical fragility curves for masonry school building portfolios in Nepal,Scopus only,2021,EXCLUDE,E1,"Presenta curvas de fragilidad sismica para portafolios de edificios escolares en Nepal, riesgo de infraestructura fisica sin relacion con inversionistas.",EXCLUDE,
Impact of masonry infill variability on the estimation of floor response spectra in RC buildings,Scopus only,2021,EXCLUDE,E1,"Analiza el efecto de la variabilidad de muros de mamposteria en la respuesta sismica de edificios de concreto reforzado, riesgo de infraestructura fisica.",EXCLUDE,
A Comparative Study of Machine Learning Approaches for Non Performing Loan Prediction,Scopus only,2021,EXCLUDE,E4,"Compara algoritmos de aprendizaje automatico para predecir prestamos no productivos en un banco, un riesgo crediticio corporativo/institucional sin angulo conductual del inversionista individual.",EXCLUDE,
Understanding the impact of investor sentiment on the price formation process: A review of the conduct of American stock markets,Scopus only,2020,UNCERTAIN,AMBIGUO,"Analiza el efecto del sentimiento del inversionista y desplazamientos en la tolerancia al riesgo sobre la formacion de precios bursatiles, pero el foco principal es la dinamica de mercado agregada mas que el perfil conductual individual, resultando marginal.",EXCLUDE,"Excluido por decision explicita del autor de la tesis (2026-08-16): ante la duda sobre ajuste con los criterios de poblacion/constructo/activo, se opta por excluir por precaucion. Registro identificado queda disponible para reconsideracion en fases posteriores si se requiere."
Determination of Individual Investors' Financial Risk Tolerance by Machine Learning Methods | Bireysel Yatirimci Finansal Risk Toleransinin Makine Ogrenmesi Yontemleriyle Belirlenmesi,Scopus only,2020,INCLUDE,"I1,I2,I3,I4",Determina la tolerancia al riesgo financiero de inversionistas individuales mediante metodos de aprendizaje automatico a partir de variables demograficas y socioeconomicas.,INCLUDE,
"Loss aversion, overconfidence and their effects on a virtual stock exchange",Scopus only,2020,INCLUDE,"I1,I2,I3,I4","Estudia mediante un modelo de bolsa artificial los efectos del exceso de confianza y la aversion a la perdida en el comportamiento de agentes inversionistas, aportando evidencia teorica sobre estos constructos conductuales.",INCLUDE,
Risk-intolerant but risk-taking-towards a better understanding of inconsistent survey responses of the Euro area households,Scopus + WoS,2020,INCLUDE,"I1,I2,I3,I4","Analiza la inconsistencia entre la tolerancia al riesgo declarada y la tenencia real de activos riesgosos en hogares europeos, un constructo conductual central de perfilamiento de inversionistas.",INCLUDE,
Measurement of risk preference,Scopus + WoS,2020,UNCERTAIN,AMBIGUO,"Propone un nuevo procedimiento para medir la preferencia por el riesgo y la aversion a la perdida, pero la poblacion de sujetos no se define explicitamente como inversionistas, resultando marginal.",EXCLUDE,"Excluido por decision explicita del autor de la tesis (2026-08-16): ante la duda sobre ajuste con los criterios de poblacion/constructo/activo, se opta por excluir por precaucion. Registro identificado queda disponible para reconsideracion en fases posteriores si se requiere."
Continuous quantitative risk management in smart grids using attack defense trees,Scopus only,2020,EXCLUDE,E3,"Propone una metodologia de gestion continua de riesgo cibernetico en redes electricas inteligentes mediante arboles de ataque-defensa, sin relacion con decisiones de inversion.",EXCLUDE,
Predicting Financial Health of Banks for Investor Guidance Using Machine Learning Algorithms,Scopus + WoS,2020,EXCLUDE,E6,"Clasifica bancos segun su salud financiera mediante aprendizaje automatico para orientar a depositantes minoristas, sin estudiar ningun constructo conductual de riesgo del inversionista.",EXCLUDE,
Evaluation of behavioral biases affecting investment decision making of individual equity investors by fuzzy analytic hierarchy process,Scopus + WoS,2020,INCLUDE,"I1,I2,I3,I4","Evalua y jerarquiza mediante proceso jerarquico difuso los sesgos conductuales (exceso de confianza, anclaje, aversion a la perdida, efecto manada) que afectan la decision de inversion de inversionistas individuales de acciones.",INCLUDE,
Risk Identification and Decision Making for P2P Companies: An Empirical Study in the Bohai Coast Regions,Scopus + WoS,2020,EXCLUDE,E4,"Desarrolla un modelo de identificacion y perfilamiento de riesgo corporativo de plataformas P2P para ayudar a los inversionistas a elegir, pero el objeto de estudio es el riesgo institucional de las plataformas, no el comportamiento del inversionista.",EXCLUDE,
An investigation of financial investment intention using covariance-based structural equation modelling,Scopus only,2020,INCLUDE,"I1,I2,I3,I4",Investiga los predictores de la percepcion de riesgo y la actitud hacia la intencion de inversion financiera de individuos mediante modelamiento de ecuaciones estructurales.,INCLUDE,
Impact of behavioral biases on investment decisions: A study on selected risk averse investors in india,Scopus only,2020,INCLUDE,"I1,I2,I3,I4",Examina la presencia de sesgos conductuales en inversionistas indios aversos al riesgo y cual sesgo predomina en este perfil.,INCLUDE,
"Do as i say, not as i do: An analysis of portfolio development recommendations made by financial advisors",Scopus only,2020,INCLUDE,"I1,I2,I3,I4","Analiza como los asesores financieros usan y ponderan los insumos de perfilamiento de riesgo (horizonte, edad) al recomendar portafolios a sus clientes inversionistas, aportando evidencia sobre la practica de clasificacion conductual.",INCLUDE,
Role of emotional bias on investment decision from behavioural finance perspective,Scopus only,2020,INCLUDE,"I1,I2,I3,I4","Estudia el rol de sesgos emocionales (exceso de confianza, aversion a la perdida, sesgo de dotacion) en la decision de inversion de inversionistas individuales en India.",INCLUDE,
Online risk monitoring using offline simulation,Scopus only,2020,EXCLUDE,E6,"Propone un metodo estadistico de clasificacion de niveles de riesgo de portafolio mediante simulacion y regresion logistica, sin abordar ningun constructo conductual del inversionista.",EXCLUDE,
Optimal proportional reinsurance and investment problem for insurers with loss aversion,Scopus only,2020,EXCLUDE,E5,"Estudia el problema optimo de reaseguro e inversion para una aseguradora con aversion a la perdida, un contexto actuarial/institucional sin relacion con el comportamiento del inversionista individual.",EXCLUDE,
Loss aversion in an agent-based asset pricing model,Scopus + WoS,2020,INCLUDE,"I1,I2,I3,I4",Introduce la aversion a la perdida en un modelo de fijacion de precios de activos basado en agentes para evaluar sus implicaciones conductuales en el comportamiento de los inversionistas.,INCLUDE,
Preference-based evolutionary multi-objective optimization for portfolio selection: a new credibilistic model under investor preferences,Scopus only,2020,INCLUDE,"I1,I2,I3,I4","Propone un modelo de seleccion de portafolio que incorpora la aversion a la perdida como funcion objetivo y define perfiles de inversionista (conservador, cauteloso, agresivo).",INCLUDE,
The impact of longevity on a valuation of long-term investments returns: The case of selected european countries,Scopus only,2020,EXCLUDE,E6,"Analiza el impacto de la longevidad en la valoracion de inversiones de largo plazo mediante perfiles de riesgo (bajo, medio, alto) genericos, sin constructo conductual del inversionista.",EXCLUDE,
An emergent taxonomy for operational risk: Capturing the wisdom of crowds,Scopus + WoS,2020,EXCLUDE,E4,"Construye una taxonomia de riesgo operacional para instituciones financieras a partir de la sabiduria colectiva de expertos, riesgo corporativo/institucional puro sin angulo conductual del inversionista individual.",EXCLUDE,
What makes an investment risky? An analysis of price path characteristics,Scopus + WoS,2020,INCLUDE,"I1,I2,I3,I4",Examina mediante experimentos de encuesta como las caracteristicas de la trayectoria de precios historicos influyen en la percepcion de riesgo y la propension a invertir de individuos.,INCLUDE,
Predicting a Model for the Financial Risk Tolerance of Retail Investors of Durgapur City on Their Demographic Factors Using Multiple Discriminant Analysis,Scopus only,2020,INCLUDE,"I1,I2,I3,I4",Predice la tolerancia al riesgo financiero de inversionistas minoristas de Durgapur en funcion de factores demograficos mediante analisis discriminante multiple.,INCLUDE,
"3rd International Conference on Smart Computing and Informatics, SCI 2018",Scopus only,2020,EXCLUDE,E7,"Es la tabla de contenidos de las actas de una conferencia con multiples trabajos no relacionados entre si, sin contenido sustantivo propio sobre riesgo conductual de inversionistas.",EXCLUDE,
"Affective portfolio analysis: Risk, ambiguity and (IR)rationality",Scopus only,2020,INCLUDE,"I1,I2,I3,I4","Analiza el analisis afectivo de portafolios y la tolerancia al riesgo y a la ambiguedad de inversionistas frente a activos ambiguos como criptomonedas, un constructo conductual explicitamente contemplado.",INCLUDE,
Cluster-specific latent factor estimation in high-dimensional financial time series,Scopus only,2020,EXCLUDE,E6,"Propone un metodo de estimacion de factores latentes para series de tiempo financieras de alta dimension con fines de modelado cuantitativo de riesgo, sin constructo conductual del inversionista.",EXCLUDE,
Cross-Asset Holding in Fund Families,Scopus only,2019,EXCLUDE,E4,"Estudia la correlacion de decisiones de tenencia de activos cruzados entre fondos hermanos de una misma familia de fondos (inversionistas institucionales), sin foco en el comportamiento conductual del inversionista individual.",EXCLUDE,
The monitoring role of institutional investors: Geographical proximity and investment horizon,Scopus + WoS,2019,EXCLUDE,E4,"Examina el rol de monitoreo de inversionistas institucionales segun proximidad geografica y horizonte de inversion sobre decisiones corporativas, un enfoque institucional sin angulo conductual del inversionista individual.",EXCLUDE,
The efficient frontuzzle: What investment risk profiling still fails to solve,Scopus + WoS,2019,INCLUDE,"I1,I2,I3,I4","Evalua como los asesores financieros utilizan de forma inconsistente los factores de perfilamiento de riesgo al recomendar portafolios a clientes, evidenciando fallas en el marco de perfilamiento conductual de inversionistas.",INCLUDE,
Foreign Direct Investment in Infrastructure Projects: Taxonomy of Political Risk Profiles in Developing Countries,Scopus + WoS,2019,EXCLUDE,E1,"Analiza una taxonomia de perfiles de riesgo politico para la inversion extranjera directa en proyectos de infraestructura en paises en desarrollo, un objeto de activos fisicos/infraestructura sin angulo conductual del inversionista individual.",EXCLUDE,
Can platform competition support market segmentation? Network externalities versus matching efficiency in equity crowdfunding markets,Scopus + WoS,2019,EXCLUDE,E6,"El estudio es un modelo de competencia entre plataformas de crowdfunding que usa la aversión al riesgo como parámetro exógeno de segmentación de mercado, sin examinar el perfil conductual del inversionista.",EXCLUDE,
How much is behavioral advice worth?,Scopus only,2019,INCLUDE,"I1,I2,I3,I4","Analiza aversión a la pérdida y contabilidad mental como sesgos conductuales que afectan las decisiones de inversión de un inversionista privado, cuantificando su costo.",INCLUDE,
Safety in construction in the field of investment in urban infrastructure,Scopus only,2019,EXCLUDE,E1,"El artículo trata sobre gestión de riesgo en proyectos de infraestructura urbana y construcción, sin relación con el perfil conductual de inversionistas individuales.",EXCLUDE,
Personality traits and investor profile analysis: A behavioral finance study,Scopus + WoS,2019,INCLUDE,"I1,I2,I3,I4","Compara paradigmas (teoría de las perspectivas, IPA, Big Five, CRT) para explicar el perfil de riesgo de inversionistas en sus decisiones de inversión en activos financieros.",INCLUDE,
Applying Utility Theory to Improve Performance of Fuzzy Decision Support Systems for Personal Financial Planning,Scopus only,2019,INCLUDE,"I1,I2,I3,I4",Combina teoría de la utilidad y finanzas conductuales para construir perfiles de tolerancia al riesgo de individuos aplicados a la asignación de inversiones.,INCLUDE,
Scoring models for roboadvisory platforms: A network approach,Scopus + WoS,2019,INCLUDE,"I1,I2,I3,I4",Propone un modelo de clasificación/perfilamiento de inversionistas por su perfil de riesgo conductual (cuestionario MIFID) para roboadvisors.,INCLUDE,
What are investors afraid of? Finding the big bad wolf,Scopus + WoS,2019,INCLUDE,"I1,I2,I3,I4",Mide el perfil de riesgo y la aversión a la pérdida de segmentos de inversionistas mediante clustering conductual y evidencia de asignación de activos.,INCLUDE,
Enterprise risk profiling using asset transaction history and condition measurements,Scopus only,2019,EXCLUDE,E1,"El 'riesgo' analizado corresponde a fallas de activos físicos de ingeniería (mantenimiento predictivo), no a perfiles conductuales de inversionistas.",EXCLUDE,
Does company warrant create value for Malaysian right issue?,Scopus only,2019,EXCLUDE,E4,"El 'perfil de riesgo' se refiere al riesgo corporativo de la firma emisora en una emisión de derechos, sin ángulo de comportamiento del inversionista individual.",EXCLUDE,
Impact of behavioral finance on stock investment decisions applied study on a sample of investors at Amman Stock Exchange,Scopus only,2019,INCLUDE,"I1,I2,I3,I4","Examina exceso de confianza, aversión a la pérdida, percepción de riesgo y efecto manada en las decisiones de inversión bursátil de inversionistas individuales.",INCLUDE,
Study of traits of individual investors to determine their investment pattern,Scopus only,2019,INCLUDE,"I1,I2,I3,I4","Estudia rasgos, tolerancia al riesgo y patrones de inversión de inversionistas individuales.",INCLUDE,
The EGARCH effect test of chinese stock market from the perspective of behavioral finance,Scopus only,2019,INCLUDE,"I1,I2,I3,I4","Explica la volatilidad bursátil china recurriendo a sesgos conductuales de inversionistas minoristas (efecto certeza, aversión a la pérdida, efecto manada).",INCLUDE,
Investment portfolio optimization on russian stock market in context of behavioral theory,Scopus only,2019,INCLUDE,"I1,I2,I3,I4",Optimiza portafolios en el mercado ruso incorporando teoría prospectiva conductual y aversión a la pérdida de inversionistas.,INCLUDE,
Factors explaining the market discipline of sharia mutual funds from a behavioural finance perspective: A theoretical approach,Scopus only,2019,INCLUDE,"I1,I2,I3,I4","Propone determinantes conductuales (tolerancia al riesgo financiero, actitud) de la disciplina de mercado en inversionistas de fondos mutuos sharia.",INCLUDE,
Improved Shrinkage Estimators of Covariance Matrices with Toeplitz-Structured Targets in Small Sample Scenarios,Scopus only,2019,EXCLUDE,E6,"Es un artículo de estadística/ingeniería sobre estimadores de matrices de covarianza; la mención a 'riesgo de portafolio' es solo un ejemplo de aplicación, sin constructo conductual.",EXCLUDE,
Large-scale simplified seismic risk mapping of residential buildings through rapid visual screening,Scopus only,2019,EXCLUDE,E1,Mapeo de riesgo sísmico de edificios residenciales; riesgo de infraestructura física sin relación con inversionistas.,EXCLUDE,
A high-performance computational platform to assess liquefaction-induced damage at critical structures and infrastructures,Scopus only,2019,EXCLUDE,E1,Evaluación de riesgo de licuefacción en infraestructuras críticas; riesgo de ingeniería geotécnica sin ángulo conductual de inversionistas.,EXCLUDE,
A Novel Key Influencing Factors Selection Approach of P2P Lending Investment Risk,Scopus only,2019,EXCLUDE,E6,"Selección de factores de riesgo de inversión en préstamos P2P mediante métodos de IA, sin examinar ningún constructo conductual del inversionista.",EXCLUDE,
Influence of investor sentiment and its antecedent on investment decision-making using partial least square technique,WoS only,2020,INCLUDE,"I1,I2,I3,I4","Analiza cómo el efecto manada, medios, recomendaciones y la interacción social influyen en el sentimiento y la decisión de inversión de inversionistas individuales indios.",INCLUDE,
"Retail investor experience, asset learning, and portfolio risk-adjusted returns",WoS only,2020,UNCERTAIN,AMBIGUO,"Relaciona experiencia de trading y concentración de portafolio con rendimientos ajustados por riesgo, pero no aborda claramente un sesgo o rasgo conductual específico de riesgo.",EXCLUDE,"Excluido por decision explicita del autor de la tesis (2026-08-16): ante la duda sobre ajuste con los criterios de poblacion/constructo/activo, se opta por excluir por precaucion. Registro identificado queda disponible para reconsideracion en fases posteriores si se requiere."
"Risk factors, uncertainty, and investment decision: evidence from mutual fund flows from India",WoS only,2022,UNCERTAIN,AMBIGUO,"Examina cómo los inversionistas identifican modelos de fijación de precios de activos (CAPM) vía flujos de fondos, sin un constructo conductual de riesgo explícito y claramente definido.",EXCLUDE,"Excluido por decision explicita del autor de la tesis (2026-08-16): ante la duda sobre ajuste con los criterios de poblacion/constructo/activo, se opta por excluir por precaucion. Registro identificado queda disponible para reconsideracion en fases posteriores si se requiere."
Consumer Investment Behaviour: A Systematic Review Using TCM and ADO Frameworks,WoS only,2025,INCLUDE,"I1,I2,I3,I4","Revisión sistemática sobre sesgos psicológicos, teoría de las perspectivas y toma de riesgo en el comportamiento de inversión de inversionistas minoristas.",INCLUDE,
Regret aversion in Japanese and US stock markets: Analyzing the effects of market conditions,WoS only,2025,INCLUDE,"I1,I2,I3,I4",Examina la aversión al arrepentimiento y el efecto disposición en las decisiones de inversión bursátil de inversionistas.,INCLUDE,
The Effect of Investment Literacy on the Likelihood of Retail Investor Margin Trading and Having a Margin Call,WoS only,2022,INCLUDE,"I1,I2,I3,I4",Estudia el exceso de confianza y la tolerancia al riesgo de inversionistas minoristas en el trading con margen.,INCLUDE,
A model for female South African investors' financial risk tolerance,WoS only,2020,INCLUDE,"I1,I2,I3,I4",Modela la tolerancia al riesgo financiero de inversionistas sudafricanas en función de rasgos de personalidad y demografía.,INCLUDE,
The importance of staying positive: The impact of emotions on attitude to risk,WoS only,2023,INCLUDE,"I1,I2,I3,I4",Analiza el efecto de las emociones sobre la tolerancia y aversión al riesgo financiero en inversionistas minoristas del Reino Unido.,INCLUDE,
Interconnectedness of Emotions With Investment Decision-Making: A Conceptual Framework,WoS only,2026,INCLUDE,"I1,I2,I3,I4",Revisión y marco conceptual sobre cómo las emociones influyen en la apreciación del riesgo y la toma de decisiones de inversión.,INCLUDE,
Can cryptocurrencies improve portfolio diversification? Evidence from the prospect risk perspective,WoS only,2025,INCLUDE,"I1,I2,I3,I4",Mide el 'riesgo prospectivo' (teoría de las perspectivas) de inversionistas en criptoactivos y su relación con sesgos de comportamiento.,INCLUDE,
"Financial awareness, risk aversion and portfolio choice",WoS only,2025,INCLUDE,"I1,I2,I3,I4",Analiza cómo la aversión al riesgo y la conciencia financiera afectan la participación de inversionistas indios en mercados de acciones y derivados.,INCLUDE,
Investor sentiment and the risk-return relation: A two-in-one approach,WoS only,2024,UNCERTAIN,AMBIGUO,Combina sentimiento de inversionistas minoristas e institucionales sin distinguir claramente su efecto individual sobre la relación riesgo-rendimiento (población institucional/individual mixta).,EXCLUDE,"Excluido por decision explicita del autor de la tesis (2026-08-16): ante la duda sobre ajuste con los criterios de poblacion/constructo/activo, se opta por excluir por precaucion. Registro identificado queda disponible para reconsideracion en fases posteriores si se requiere."
THE CAUSALITY RELATIONSHIP BETWEEN CREDIT DEFAULT SWAPS (CDS) AND PORTFOLIO INVESTMENTS: THE CASE OF TÜRKİYE,WoS only,2024,EXCLUDE,E6,"Analiza causalidad macroeconómica entre primas CDS soberanas y flujos de inversión de cartera a nivel país, sin perfilamiento conductual de inversionistas individuales.",EXCLUDE,
Multi-period portfolio optimization based on credibilistic lower and upper VaR ratios,WoS only,2023,INCLUDE,"I1,I2,I3,I4",Clasifica inversionistas conservadores vs. agresivos según su preferencia de riesgo (VaR) para la selección de portafolio.,INCLUDE,
Paralyzed by shock: the portfolio formation behavior of peer-to-business lending investors,WoS only,2023,INCLUDE,"I1,I2,I3,I4",Identifica el 'sesgo de shock por incumplimiento' como error conductual de inversión en una plataforma de préstamos entre pares.,INCLUDE,
Investor attention and the use of leverage,WoS only,2023,INCLUDE,"I1,I2,I3,I4",Examina cómo la atención del inversionista (constructo conductual) modera el efecto del apalancamiento en el desempeño de portafolios de inversionistas minoristas.,INCLUDE,
BIAS IN SME INVESTMENT DECISIONS: A CROSS-COUNTRY STUDY,WoS only,2024,UNCERTAIN,AMBIGUO,"Estudia sesgos conductuales (exceso de confianza, teoría de las perspectivas, manada) en decisiones de inversión de propietarios de pymes, sin distinguir si son decisiones de inversión en activos financieros o de capital empresarial.",EXCLUDE,"Excluido por decision explicita del autor de la tesis (2026-08-16): ante la duda sobre ajuste con los criterios de poblacion/constructo/activo, se opta por excluir por precaucion. Registro identificado queda disponible para reconsideracion en fases posteriores si se requiere."
Relative Growth Rate Optimization Under Behavioral Criterion\textbackslash{}ast,WoS only,2023,INCLUDE,"I1,I2,I3,I4",Modelo de selección de portafolio en tiempo continuo para un inversionista conductual con preferencias tipo prospectivas y tolerancia al riesgo.,INCLUDE,
Development and validation of behavioral biases scale: a SEM approach,WoS only,2022,INCLUDE,"I1,I2,I3,I4",Desarrolla y valida una escala de sesgos conductuales para la toma de decisiones de inversionistas individuales en mercados financieros.,INCLUDE,
Humanoid psychological sentiments and enigma of investment,WoS only,2023,INCLUDE,"I1,I2,I3,I4","Analiza factores conductuales (manada, exceso de confianza, anclaje, teoría prospectiva) que influyen en la decisión de inversión de inversionistas individuales pakistaníes.",INCLUDE,
The Analysis Level of Optimism that Influence Investor's Risk Tolerance in Asset Allocation,WoS only,2023,INCLUDE,"I1,I2,I3,I4",Complementa la clasificación de tolerancia al riesgo de inversionistas con su nivel de optimismo para la asignación de activos.,INCLUDE,
Overconfidence and Investment Loss Tolerance: A Large-Scale Survey Analysis of Japanese Investors,WoS only,2025,INCLUDE,"I1,I2,I3,I4",Examina la asociación entre exceso de confianza y tolerancia a la pérdida de inversión en una gran encuesta de inversionistas japoneses.,INCLUDE,
The financial advice puzzle: The role of consumer heterogeneity in the advisor choice,WoS only,2020,INCLUDE,"I1,I2,I3,I4",Relaciona tolerancia al riesgo y autoeficacia con la elección de asesor financiero por parte de consumidores/inversionistas.,INCLUDE,
"Investor sentiment, financing constraints, and corporate risk-taking: Mechanisms and heterogeneity analysis",WoS only,2025,EXCLUDE,E4,"Analiza cómo el sentimiento del inversionista y las restricciones financieras afectan la toma de riesgo corporativa de empresas chinas, un fenómeno a nivel firma, no perfil conductual del inversionista individual.",EXCLUDE,
Stochastic portfolio optimization: A regret-based approach on volatility risk measures: An empirical evidence from The New York stock market,WoS only,2024,INCLUDE,"I1,I2,I3,I4",Incorpora el arrepentimiento (sesgo conductual) en la optimización estocástica de portafolios bursátiles.,INCLUDE,
Practice Briefing: Understanding investor archetypes in real estate,WoS only,2025,UNCERTAIN,AMBIGUO,"Describe arquetipos conductuales y tolerancias al riesgo de inversionistas inmobiliarios (institucionales y privados mixtos), con activo objeto no financiero (bienes raíces) y metodología de opinión de expertos.",EXCLUDE,"Excluido por decision explicita del autor de la tesis (2026-08-16): ante la duda sobre ajuste con los criterios de poblacion/constructo/activo, se opta por excluir por precaucion. Registro identificado queda disponible para reconsideracion en fases posteriores si se requiere."
Early-Life Famine Experience and Households' Diversity of Financial Asset Portfolio: Evidence From China,WoS only,2025,INCLUDE,"I1,I2,I3,I4",Relaciona la experiencia temprana de hambruna con la aversión al riesgo y la diversificación de portafolios financieros de hogares.,INCLUDE,
Investor Regret and Stock Returns,WoS only,2024,INCLUDE,"I1,I2,I3,I4",Desarrolla una medida de arrepentimiento (sesgo conductual) de inversionistas bursátiles y su relación con los rendimientos.,INCLUDE,
"Investor ambiguity, systemic banking risk and economic activity: The case of too-big-to-fail",WoS only,2020,UNCERTAIN,AMBIGUO,"Usa la ambigüedad conductual de inversionistas en opciones para explicar el riesgo sistémico bancario; el foco principal es el riesgo institucional/sistémico, no el perfil del inversionista.",EXCLUDE,"Excluido por decision explicita del autor de la tesis (2026-08-16): ante la duda sobre ajuste con los criterios de poblacion/constructo/activo, se opta por excluir por precaucion. Registro identificado queda disponible para reconsideracion en fases posteriores si se requiere."
Does operating risk affect portfolio risk? Evidence from insurers' securities holding,WoS only,2020,EXCLUDE,E4,"Examina cómo el riesgo operativo de aseguradoras (institucionales) afecta su toma de riesgo en inversión de cartera; es gestión de riesgo corporativa, no perfil conductual de inversionista individual.",EXCLUDE,
Impact of investor sentiment on mutual fund risk taking and performance: evidence from China,WoS only,2020,EXCLUDE,E4,"Estudia cómo el sentimiento del inversionista afecta la toma de riesgo de gestores de fondos mutuos, un fenómeno a nivel de la firma/fondo, no del inversionista individual.",EXCLUDE,
RISK PERCEPTION UNDER UNCERTAINTY: A BEHAVIORAL ANALYSIS OF SAFE-HAVEN ASSET RETURN RESPONSES,WoS only,2026,INCLUDE,"I1,I2,I3,I4","Analiza percepción de riesgo, aversión a la pérdida y aversión a la ambigüedad de inversionistas ante activos refugio bajo incertidumbre.",INCLUDE,
A multi-period fuzzy portfolio optimization model with investors' loss aversion,WoS only,2023,INCLUDE,"I1,I2,I3,I4",Modelo de portafolio multiperíodo que incorpora la aversión a la pérdida de los inversionistas (teoría de las perspectivas).,INCLUDE,
The Importance of Risk Preference Parameters in Prospect Theory: Evidence from Mutual Fund Flows,WoS only,2025,INCLUDE,"I1,I2,I3,I4",Examina parámetros de preferencia de riesgo de la teoría de las perspectivas (aversión a la pérdida) en inversionistas minoristas de fondos mutuos.,INCLUDE,
Are women more risk averse in investments? Brazilian evidence,WoS only,2024,INCLUDE,"I1,I2,I3,I4",Analiza si el género explica diferencias en aversión al riesgo en portafolios de inversión de clientes individuales brasileños.,INCLUDE,
Consistency and discrepancy in fine art investment: upward bias in investors' expectation,WoS only,2025,UNCERTAIN,AMBIGUO,"Estudia la percepción y el sesgo de expectativas de inversionistas en arte, un activo no financiero (coleccionable), mezclando dominio financiero y no financiero.",EXCLUDE,"Excluido por decision explicita del autor de la tesis (2026-08-16): ante la duda sobre ajuste con los criterios de poblacion/constructo/activo, se opta por excluir por precaucion. Registro identificado queda disponible para reconsideracion en fases posteriores si se requiere."
"Investor response to Morningstar's ratings, category information, and alpha in the Japanese mutual fund market",WoS only,2023,UNCERTAIN,AMBIGUO,"Estudia la respuesta de inversionistas de fondos mutuos a calificaciones (heurística de Morningstar), pero no examina explícitamente un sesgo o rasgo conductual de riesgo definido en los criterios.",EXCLUDE,"Excluido por decision explicita del autor de la tesis (2026-08-16): ante la duda sobre ajuste con los criterios de poblacion/constructo/activo, se opta por excluir por precaucion. Registro identificado queda disponible para reconsideracion en fases posteriores si se requiere."
"Investor sentiment, credit rating, and stock returns",WoS only,2022,INCLUDE,"I1,I2,I3,I4",El sentimiento (comportamiento) de inversionistas individuales explica la relación entre calificación crediticia y rendimientos accionarios.,INCLUDE,
Default Risk and Stock Returns: Evidence from Indian Corporate Sector,WoS only,2023,EXCLUDE,E4,"Analiza el riesgo de incumplimiento corporativo (Z-score de Altman) y su relación con rendimientos accionarios, sin ángulo conductual del inversionista.",EXCLUDE,
Investor reactions to key audit matters: Financial and non-financial contexts,WoS only,2023,UNCERTAIN,AMBIGUO,"Examina cómo divulgaciones de auditoría (KAM) afectan la evaluación de riesgo de inversión de los inversionistas, mezclando el dominio de auditoría/contabilidad con la percepción de riesgo conductual.",EXCLUDE,"Excluido por decision explicita del autor de la tesis (2026-08-16): ante la duda sobre ajuste con los criterios de poblacion/constructo/activo, se opta por excluir por precaucion. Registro identificado queda disponible para reconsideracion en fases posteriores si se requiere."
How persistent are the effects of experience sampling on investor behavior?,WoS only,2019,INCLUDE,"I1,I2,I3,I4",Experimento sobre cómo la forma de presentar el riesgo (muestreo de experiencia) afecta la toma de riesgo de inversionistas en decisiones de inversión repetidas.,INCLUDE,
Unusual investor behavior under tacit and endogenous market signals,WoS only,2021,INCLUDE,"I1,I2,I3,I4","Modelo teórico donde diferencias en actitudes de riesgo, conocimiento y experiencia de inversionistas heterogéneos generan comportamientos inusuales de inversión.",INCLUDE,
Fuzzy portfolio selection with prospect consistency constraint based on possibility theory,WoS only,2021,INCLUDE,"I1,I2,I3,I4",Combina teoría de las perspectivas y de la posibilidad para modelar preferencias de riesgo de inversionistas en la selección de portafolio.,INCLUDE,
Investor sentiment and insurers' financial stability: do sovereign ratings matter?,WoS only,2020,EXCLUDE,E4,"Analiza cómo el sentimiento de inversionistas se relaciona con la estabilidad financiera de aseguradoras (institucional), sin perfil conductual del inversionista individual.",EXCLUDE,
Does Your Personality Affect the Investment Risk You Take?,WoS only,2022,INCLUDE,"I1,I2,I3,I4",Relaciona rasgos de personalidad (Big Five) con el riesgo de inversión asumido por inversionistas individuales.,INCLUDE,
Risk-adjusted valuation for real option decisions,WoS only,2021,EXCLUDE,E4,"Modelo de valoración de opciones reales para decisiones de inversión corporativa (capital budgeting) usando preferencias de riesgo del decisor, sin foco en el inversionista minorista de activos financieros.",EXCLUDE,
Market-wide overconfidence and stock returns,WoS only,2024,INCLUDE,"I1,I2,I3,I4",Desarrolla una medida de exceso de confianza a nivel de mercado y su relación con la toma de riesgo y los rendimientos bursátiles.,INCLUDE,
Prospect theory and stock returns: Evidence from foreign share markets,WoS only,2021,INCLUDE,"I1,I2,I3,I4",La teoría de las perspectivas explica el comportamiento y la demanda tipo lotería de inversionistas individuales en mercados accionarios.,INCLUDE,
Robust investment strategies with two risky assets,WoS only,2022,INCLUDE,"I1,I2,I3,I4",Modelo de decisión de inversión robusta bajo ambigüedad (tolerancia a la ambigüedad) para inversionistas con dos activos riesgosos.,EXCLUDE,"Validacion por muestreo (2026-08-16): segunda pasada IA independiente (ciega) decidio 'EXCLUDE' (discrepancia con la clasificacion original 'INCLUDE'). Motivo de la segunda pasada: Es un modelo normativo de teoría de portafolio bajo ambigüedad de retornos (utilidad CRRA), no un estudio conductual sobre perfiles de riesgo de inversionistas. Resuelto EXCLUDE aplicando la misma regla de precaucion del autor (ante desacuerdo/duda entre revisores, excluir)."
What are the benefits of attracting gambling investors? Evidence from stock splits in China,WoS only,2022,INCLUDE,"I1,I2,I3,I4",Analiza la preferencia por 'apuesta' (sesgo de comportamiento tipo lotería) de inversionistas atraídos por splits accionarios.,INCLUDE,
Increasing return response to changes in risk,WoS only,2019,INCLUDE,"I1,I2,I3,I4","Examina cómo la respuesta de rendimiento de los inversionistas cambia con el nivel de riesgo, en el marco de la teoría de aversión al riesgo.",INCLUDE,
A new behavioral finance mean variance framework,WoS only,2023,INCLUDE,"I1,I2,I3,I4",Propone un marco de finanzas conductuales con un indicador dinámico de aversión al riesgo para la asignación de portafolio.,INCLUDE,
A study on stock market investors during COVID phase - prospect theory approach,WoS only,2022,INCLUDE,"I1,I2,I3,I4","Investigadores individuales de bolsa durante COVID analizados con teoria de las perspectivas (aversion a la perdida, aversion al riesgo) en activos financieros.",INCLUDE,
"Easy, breezy, risky: Lay investors fail to diversify because correlated assets feel more fluent and less risky",WoS only,2019,INCLUDE,"I1,I2,I3,I4",Estudia como inversionistas legos (baja alfabetizacion financiera) perciben erroneamente el riesgo de portafolios de activos financieros por sesgos de fluidez cognitiva.,INCLUDE,
"The Impact of Emotional Finance, and Market Knowledge and Investor Protection on Investment Performance in Stock and Real Estate Markets",WoS only,2023,INCLUDE,"I1,I2,I3,I4","Examina como las emociones (ansiedad, felicidad, optimismo) de inversionistas individuales en acciones y bienes raices se asocian con el desempeno de inversion.",INCLUDE,
"Sentiment, Loss Firms, and Investor Expectations of Future Earnings{*}",WoS only,2021,UNCERTAIN,AMBIGUO,"Trata sobre sentimiento agregado de mercado y su relacion con la mala valoracion de ganancias futuras a nivel de firma, sin que sea claro si el enfoque es un constructo de riesgo conductual del inversionista individual (I2 discutible).",EXCLUDE,"Excluido por decision explicita del autor de la tesis (2026-08-16): ante la duda sobre ajuste con los criterios de poblacion/constructo/activo, se opta por excluir por precaucion. Registro identificado queda disponible para reconsideracion en fases posteriores si se requiere."
How do the determinants of investment decisions get prioritized? Peeking into the minds of investors,WoS only,2025,INCLUDE,"I1,I2,I3,I4",Investiga como inversionistas individuales de renta variable priorizan factores psicologicos y sesgos conductuales al tomar decisiones de inversion.,INCLUDE,
A COMPREHENSIVE REVIEW OF BEHAVIORAL BIASES IN FINANCIAL DECISION-MAKING: FROM CLASSICAL FINANCE TO BEHAVIORAL FINANCE PERSPECTIVES,WoS only,2024,INCLUDE,"I1,I2,I3,I4","Revision sistematica de sesgos conductuales que afectan a inversionistas individuales y su impacto en decisiones de inversion, aporta evidencia de soporte sin requerir taxonomia propia.",INCLUDE,
The influence of emotional intelligence and behavioural biases on mutual fund churning frequency: Evidence from India,WoS only,2024,INCLUDE,"I1,I2,I3,I4","Analiza el efecto de la inteligencia emocional sobre sesgos conductuales (herding, exceso de confianza, efecto disposicion) en inversionistas de fondos mutuos.",INCLUDE,
Why does stock-market investor sentiment influence corporate investment?,WoS only,2020,EXCLUDE,E4,"El objeto de estudio es la inversion corporativa de firmas influida por el sentimiento del inversionista de mercado, no la decision conductual del inversionista individual.",EXCLUDE,
"NAVIGATING THE STOCK MARKET: MODELING WEALTH EXCHANGE AND NETWORK INTERACTION WITH LOSS AVERSION, DISPOSITION EFFECT AND ANCHORING AND ADJUSTMENT BIAS",WoS only,2024,INCLUDE,"I1,I2,I3,I4","Modela mediante agentes los efectos de aversion a la perdida, efecto disposicion y anclaje sobre decisiones de inversionistas en el mercado bursatil.",INCLUDE,
Influence of Overconfidence and Loss Aversion on Financial Decision-Making of Teachers in Ghana: The moderating role of Financial Literacy,WoS only,2024,EXCLUDE,I1,"El propio estudio declara que examina la decision financiera de una poblacion no inversionista (docentes), no la decision de inversion en activos financieros.",EXCLUDE,
Behavioural Portfolio Selection and Optimisation: Equities versus Cryptocurrencies,WoS only,2020,INCLUDE,"I1,I2,I3,I4",Compara la seleccion conductual de portafolios de inversionistas reales entre acciones y criptoactivos usando teoria acumulativa de las perspectivas.,INCLUDE,
Impact of Psychological Biases and Personality Traits on Investor Trading Behavior,WoS only,2019,INCLUDE,"I1,I2,I3,I4","Examina el efecto de sesgos psicologicos (exceso de confianza, aversion a la perdida, autocontrol) y rasgos de personalidad sobre el comportamiento de trading de inversionistas.",INCLUDE,
Salience theory and mutual fund flows: Empirical evidence from China,WoS only,2023,INCLUDE,"I1,I2,I3,I4","Evidencia que la teoria de la relevancia distorsiona los pesos de decision de los inversionistas individuales al elegir activos riesgosos, afectando flujos de fondos mutuos.",INCLUDE,
Is the disposition effect in bonds as strong as in stocks? Evidence from an emerging market,WoS only,2020,INCLUDE,"I1,I2,I3,I4",Mide el efecto disposicion (sesgo conductual) de inversionistas individuales y family offices en bonos frente a acciones en un mercado emergente.,INCLUDE,
A Fuzzy Rough Feature Selection Framework for Investors Behavior Towards Gold Exchange-Traded Fund,WoS only,2019,UNCERTAIN,AMBIGUO,"El abstract es generico sobre 'comportamiento del inversionista' hacia un ETF de oro sin especificar con claridad un constructo de riesgo conductual concreto, insuficiente para decidir con confianza.",EXCLUDE,"Excluido por decision explicita del autor de la tesis (2026-08-16): ante la duda sobre ajuste con los criterios de poblacion/constructo/activo, se opta por excluir por precaucion. Registro identificado queda disponible para reconsideracion en fases posteriores si se requiere."
Financial risk tolerance within couples of retail bank clients,WoS only,2026,INCLUDE,"I1,I2,I3,I4","Analiza la tolerancia al riesgo financiero (perfilamiento MiFID) de clientes minoristas de banca en pareja, activo financiero (renta variable) y asesoria.",INCLUDE,
"Impact of investors' demographic, behavior, attitudes and knowledge and skills on their risk tolerance levels in Bangladesh's emerging capital market",WoS only,2025,INCLUDE,"I1,I2,I3,I4",Examina el impacto de factores demograficos y conductuales sobre el nivel de tolerancia al riesgo de inversionistas en el mercado bursatil de Bangladesh.,INCLUDE,
Impact of Personality Traits on Risk Tolerance and Investors' Decision Making,WoS only,2019,INCLUDE,"I1,I2,I3,I4",Estudia como los rasgos de personalidad determinan la tolerancia al riesgo y las decisiones de inversion de inversionistas individuales.,INCLUDE,
The Relationship between Behavioral Tendencies and Stock Market Participation: A Study for Accounting and Finance Academics,WoS only,2023,INCLUDE,"I1,I2,I3,I4","Analiza tendencias conductuales (tolerancia al riesgo, autoconfianza, herding, anclaje) y su relacion con la participacion en el mercado bursatil.",INCLUDE,
Overconfidence and risky investment choices,WoS only,2022,INCLUDE,"I1,I2,I3,I4",Examina como el exceso de confianza afecta la toma de riesgo de inversionistas activos de EE.UU. en decisiones de inversion en activos financieros.,INCLUDE,
Iterative under-sampling for delisting risk prediction of Chinese listed companies based on financial information,WoS only,2025,EXCLUDE,E4,"El objeto de estudio es la prediccion de riesgo de exclusion bursatil (delisting) de empresas mediante modelos de aprendizaje automatico, un riesgo corporativo, no un perfil conductual de inversionistas.",EXCLUDE,
Financial risk propensity and investment decisions: An empirical analysis using behavioural biases,WoS only,2024,INCLUDE,"I1,I2,I3,I4","Analiza como sesgos conductuales (perspectiva, herding, heuristicas) influyen en la propension al riesgo financiero y en las decisiones de inversion de inversionistas.",INCLUDE,
"Household aging, commercial insurance participation, and risky asset allocation",WoS only,2025,INCLUDE,"I1,I2,I3,I4",Examina como el envejecimiento del hogar influye en la asignacion de activos riesgosos a traves de canales de preferencia por el riesgo y alfabetizacion financiera.,INCLUDE,
Impact of financial communication practices on investors' risk perception and decision-making,WoS only,2024,INCLUDE,"I1,I2,I3,I4",Analiza el efecto de practicas de comunicacion financiera sobre la percepcion de riesgo y la toma de decisiones de inversionistas.,INCLUDE,
IMPACT OF BEHAVIOURAL FINANCE ON RISK AND FINANCIAL DECISIONS OF MOROCCAN INVESTORS,WoS only,2024,INCLUDE,"I1,I2,I3,I4","Explora sesgos conductuales (aversion a la perdida, exceso de confianza) de inversionistas marroquies y su influencia en decisiones financieras de inversion.",INCLUDE,
Moderator effect of income on sharia stock investment decisions on the Stockbit,WoS only,2026,INCLUDE,"I1,I2,I3,I4",Examina como la percepcion de riesgo y la alfabetizacion financiera moderadas por el ingreso afectan las decisiones de inversion bursatil sharia de inversionistas individuales.,INCLUDE,
Informational Tradeoffs From Banking Concentration and Institutional Ownership on Firm Investment: Evidence From Europe,WoS only,2026,EXCLUDE,E4,"Estudia el efecto de la concentracion bancaria y la propiedad institucional sobre las restricciones financieras y la inversion de las firmas, un riesgo puramente corporativo/institucional.",EXCLUDE,
What drives investment choices? A behavioral perspective from Gujarat state,WoS only,2026,INCLUDE,"I1,I2,I3,I4","Examina como factores demograficos y sesgos conductuales influyen en la percepcion de riesgo, expectativas de retorno y decisiones de inversion de inversionistas individuales.",INCLUDE,
When local and foreign investors meet the Chinese government's risk perception about COVID-19,WoS only,2024,UNCERTAIN,AMBIGUO,"El abstract se centra en reacciones extremas de mercado ante cobertura mediatica estatal por COVID-19, sin desarrollar claramente un constructo de percepcion de riesgo conductual individual medido directamente.",EXCLUDE,"Excluido por decision explicita del autor de la tesis (2026-08-16): ante la duda sobre ajuste con los criterios de poblacion/constructo/activo, se opta por excluir por precaucion. Registro identificado queda disponible para reconsideracion en fases posteriores si se requiere."
"Role of perceived COVID-19 disruption, personality traits and risk perception in determining the investment behavior of retail investors: a hybrid regression-neural network approach",WoS only,2025,INCLUDE,"I1,I2,I3,I4",Analiza el efecto de rasgos de personalidad y percepcion de riesgo sobre el comportamiento de inversion de inversionistas minoristas en el mercado bursatil indio.,INCLUDE,
"Contagion. FTX, A Sector's Crisis \& Crypto's Silent Victims",WoS only,2024,EXCLUDE,E6,"Es un analisis juridico-regulatorio sobre insolvencia y supervision de plataformas cripto tras el colapso de FTX, sin examinar un constructo de riesgo conductual del inversionista.",EXCLUDE,
Tangibility bias in investment risk judgments,WoS only,2022,INCLUDE,"I1,I2,I3,I4",Estudia el sesgo de tangibilidad en los juicios de riesgo de inversion de inversionistas al evaluar activos tangibles e intangibles.,INCLUDE,
Mediating Role of Optimism Bias and Risk Perception Between Emotional Intelligence and Decision-Making: A Serial Mediation Model,WoS only,2022,INCLUDE,"I1,I2,I3,I4",Examina el rol mediador del sesgo de optimismo y la percepcion de riesgo entre la inteligencia emocional y la toma de decisiones de inversionistas.,INCLUDE,
Anxiety in Returns,WoS only,2025,INCLUDE,"I1,I2,I3,I4",Evidencia empirica sobre como la aversion al riesgo de los inversionistas genera ansiedad ante perdidas realizadas y predice los retornos de acciones.,INCLUDE,
Beware the inexperienced financial advisor with a high trait emotional intelligence: Psychological determinants of the misperception of the risk-return relationship,WoS only,2022,UNCERTAIN,AMBIGUO,"La poblacion estudiada son asesores financieros profesionales, no inversionistas individuales, lo que hace marginal el cumplimiento del criterio de poblacion (I1).",EXCLUDE,"Excluido por decision explicita del autor de la tesis (2026-08-16): ante la duda sobre ajuste con los criterios de poblacion/constructo/activo, se opta por excluir por precaucion. Registro identificado queda disponible para reconsideracion en fases posteriores si se requiere."
On the hedging benefits of REITs: The role of risk aversion and market states,WoS only,2021,UNCERTAIN,AMBIGUO,"No es claro si la aversion al riesgo utilizada es un indice agregado de mercado o un constructo conductual individual del inversionista; el enfoque central es una estrategia de cobertura, no el perfil del inversionista.",EXCLUDE,"Excluido por decision explicita del autor de la tesis (2026-08-16): ante la duda sobre ajuste con los criterios de poblacion/constructo/activo, se opta por excluir por precaucion. Registro identificado queda disponible para reconsideracion en fases posteriores si se requiere."
When do investors gamble in the stock market?,WoS only,2021,INCLUDE,"I1,I2,I3,I4","Basado en teoria de las perspectivas, estudia cuando los inversionistas realizan trading motivado por apuesta (busqueda de retornos tipo loteria) en el mercado bursatil chino.",INCLUDE,
Bank risk-taking and market discipline: Evidence from CoCo bonds in Korea,WoS only,2020,EXCLUDE,E4,"Estudia la disciplina de mercado sobre la toma de riesgo bancario mediante bonos CoCo, un fenomeno de riesgo corporativo/institucional sin angulo conductual del inversionista individual.",EXCLUDE,
A STUDY ON BEHAVIOURAL TRAITS OF RISK AVERSE INVESTORS : EVIDENCES FROM INDIA,WoS only,2020,INCLUDE,"I1,I2,I3,I4",Estudia rasgos conductuales asociados a la aversion al riesgo en inversionistas individuales indios mediante encuesta.,INCLUDE,
An Empirical Study on the Influence of the Basic Medical Insurance for Urban and Rural Residents on Family Financial Asset Allocation,WoS only,2021,INCLUDE,"I1,I2,I3,I4",Examina como la participacion en seguro medico basico modifica la percepcion y actitud de riesgo de los hogares al asignar activos riesgosos frente a libres de riesgo.,EXCLUDE,"Validacion por muestreo (2026-08-16): segunda pasada IA independiente (ciega) decidio 'UNCERTAIN' (discrepancia con la clasificacion original 'INCLUDE'). Motivo de la segunda pasada: El foco principal es el efecto de una política de seguro médico sobre la asignación de activos familiares; la percepción/actitud de riesgo aparece solo como mecanismo mediador secundario, por lo que el cumplimiento de I1-I3 es discutible. Resuelto EXCLUDE aplicando la misma regla de precaucion del autor (ante desacuerdo/duda entre revisores, excluir)."
RISK MEASURE OPTIMIZATION: PERCEIVED RISK AND OVERCONFIDENCE OF STRUCTURED PRODUCT INVESTORS,WoS only,2019,INCLUDE,"I1,I2,I3,I4",Construye modelos de riesgo percibido y exceso de confianza de inversionistas individuales en productos financieros estructurados.,INCLUDE,
Diversification Benefits of REIT Preferred and Common Stock: New Evidence from a Utility-based Framework,WoS only,2020,INCLUDE,"I1,I2,I3,I4","Segmenta inversionistas por nivel de aversion al riesgo para evaluar beneficios de diversificacion de REIT, aportando evidencia teorica sobre perfilamiento por riesgo.",INCLUDE,
Asset-Level Transparency and the (E)valuation of Asset-Backed Securities,WoS only,2022,EXCLUDE,E6,"Examina el efecto de la divulgacion de informacion a nivel de activo sobre la valoracion de valores respaldados por activos por parte de agencias calificadoras, sin constructo de riesgo conductual del inversionista.",EXCLUDE,
Managers' skills and fund flows in the Japanese mutual fund market,WoS only,2022,EXCLUDE,E6,"Analiza la sensibilidad de los flujos de fondos mutuos al desempeno (alfa) de los gestores mediante modelos de valoracion de activos, sin examinar un sesgo o perfil de riesgo conductual especifico.",EXCLUDE,
Modeling Asset Pricing Using Behavioral Variables: Fama- Macbeth Approach,WoS only,2021,EXCLUDE,E6,"Modela el pricing de activos a nivel de firma en la bolsa de Teheran usando variables conductuales agregadas (sentimiento, comportamiento de trading), sin poblacion de inversionistas individuales.",EXCLUDE,
MANAGERIAL AVERSION AND CAPITAL STRUCTURE: EVIDENCE FROM SOUTHEAST ASIA,WoS only,2020,EXCLUDE,E4,"Estudia la aversion gerencial (directivos) y su efecto en la estructura de capital y valoracion de mercado de firmas, un fenomeno corporativo sin angulo del inversionista individual.",EXCLUDE,
Understanding the Psyche of Retail Investors in India and Their Reactions towards Market Highs and Lows While Making Investment Decisions during the Times of Covid-19,WoS only,2021,INCLUDE,"I1,I2,I3,I4","Analiza la psicologia de inversionistas minoristas indios, su perfil de riesgo y reacciones ante maximos y minimos del mercado durante COVID-19.",INCLUDE,
A Theory of Credit Rating Criteria,WoS only,2025,EXCLUDE,E6,"Propone una teoria sobre los criterios de calificacion crediticia de valores por agencias calificadoras, sin relacion con el perfil de riesgo conductual del inversionista individual.",EXCLUDE,
Clustering Dutch citizens into behavioural phenotypes to understand green energy investment preferences,WoS only,2025,EXCLUDE,I4,"El objeto de inversion son mejoras energeticas residenciales (activo fisico), no activos financieros, aunque se perfile a los ciudadanos por fenotipos conductuales.",EXCLUDE,
Unraveling the role of personality in equity markets,WoS only,2026,INCLUDE,"I1,I2,I3,I4","Integra rasgos de personalidad, autoeficacia financiera y tolerancia al riesgo individual para explicar las intenciones de inversion en renta variable de inversionistas individuales.",INCLUDE,
FROM NEWS TO CHARTS: RETHINKING MARKET PREDICTION WITH MULTIMODAL AI,WoS only,2026,UNCERTAIN,AMBIGUO,"El foco principal es un modelo de IA multimodal para prediccion de mercado; los constructos conductuales (aversion a la perdida, herding) se usan solo como marco interpretativo, no como objeto medido en inversionistas.",EXCLUDE,"Excluido por decision explicita del autor de la tesis (2026-08-16): ante la duda sobre ajuste con los criterios de poblacion/constructo/activo, se opta por excluir por precaucion. Registro identificado queda disponible para reconsideracion en fases posteriores si se requiere."
Time-frequency connectedness and extreme dependencies in stock sector markets of the Chinese and US economies,WoS only,2026,EXCLUDE,E6,Analiza la conectividad e interdependencia extrema entre mercados sectoriales bursatiles de China y EE.UU. sin estudiar un constructo de riesgo conductual del inversionista.,EXCLUDE,
Does Anticipated Regret Affect the Predictability of Stock Returns?,WoS only,2026,INCLUDE,"I1,I2,I3,I4",Modelo teorico sobre inversionistas averso al arrepentimiento (sesgo conductual relacionado con aversion a la perdida) y su efecto en la prediccion de retornos accionarios.,INCLUDE,
Investment motives and performance expectations of impact investors☆,WoS only,2024,INCLUDE,"I1,I2,I3,I4","Analiza motivos y expectativas de desempeno de inversionistas minoristas de impacto, incluyendo sesgos en la revision de expectativas tras experimentar perdidas.",EXCLUDE,"Validacion por muestreo (2026-08-16): segunda pasada IA independiente (ciega) decidio 'UNCERTAIN' (discrepancia con la clasificacion original 'INCLUDE'). Motivo de la segunda pasada: El foco es la formación de expectativas de rendimiento según motivos financieros/no financieros de inversionistas de impacto, sin un sesgo o rasgo de riesgo conductual claramente definido, cumplimiento marginal de I2. Resuelto EXCLUDE aplicando la misma regla de precaucion del autor (ante desacuerdo/duda entre revisores, excluir)."
Firms' uncertainty perception and asset-debt maturity mismatch,WoS only,2024,EXCLUDE,E4,"Estudia la percepcion de incertidumbre de firmas listadas chinas y su efecto en el desajuste de vencimientos activo-pasivo, un fenomeno corporativo sin angulo del inversionista individual.",EXCLUDE,
An insight of financial literacy and artificial intelligence to mitigate behavioral biases: a bibliometric and systematic review analysis using SPAR-4-SLR,WoS only,2025,INCLUDE,"I1,I2,I3,I4",Revision bibliometrica y sistematica sobre alfabetizacion financiera e inteligencia artificial para mitigar sesgos conductuales en decisiones de inversion.,INCLUDE,
Energy systems for climate change mitigation: A systematic review,WoS only,2020,EXCLUDE,E2,"Revision sistematica sobre sistemas energeticos para mitigacion del cambio climatico a nivel de sistema, sin angulo de comportamiento del inversionista individual.",EXCLUDE,
Determinants of mobile apps adoption by retail investors for online trading in emerging financial markets,WoS only,2023,UNCERTAIN,AMBIGUO,"El marco central es la adopcion tecnologica (UTAUT) de aplicaciones moviles de trading por inversionistas minoristas; el riesgo percibido aparece solo como variable secundaria, marginal respecto al constructo central de perfil de riesgo conductual.",EXCLUDE,"Excluido por decision explicita del autor de la tesis (2026-08-16): ante la duda sobre ajuste con los criterios de poblacion/constructo/activo, se opta por excluir por precaucion. Registro identificado queda disponible para reconsideracion en fases posteriores si se requiere."
Examining the Effect of Fear on Investment Decisions and Interpreting It with Psychological Factors: A Research on Turkiye2,WoS only,2023,INCLUDE,"I1,I2,I3,I4","Examina el efecto del miedo y sesgos conductuales (aversion a la perdida, evitacion del arrepentimiento, herding) sobre las decisiones de inversion en instrumentos financieros en Turquia.",INCLUDE,
The Role of Emotions and Knowledge on Preference for Uncertainty: Follow Your Heart but Listen to Your Brain!,WoS only,2023,EXCLUDE,E6,"La poblacion estudiada son concursantes de un programa de television, no inversionistas ni personas tomando decisiones de inversion en mercados financieros.",EXCLUDE,
"Income, trading, and performance: Evidence from retail investors",WoS only,2022,INCLUDE,"I1,I2,I3,I4",Examina como el ingreso del hogar influye en el estilo de trading y la toma de riesgo (activos tipo loteria) de inversionistas minoristas.,INCLUDE,
Moderation effect of pleasure seeking and loss aversion in the relationship between personality traits and risky investment intention,WoS only,2021,INCLUDE,"I1,I2,I3,I4",Analiza el efecto moderador de la busqueda de placer y la aversion a la perdida entre rasgos de personalidad e intencion de inversion riesgosa.,INCLUDE,
Analyzing stock market trends using social media user moods and social influence,WoS only,2019,INCLUDE,"I1,I2,I3,I4",Estudia la influencia social mediante estados de animo en redes sociales sobre comportamientos irracionales de inversionistas y tendencias del mercado bursatil.,INCLUDE,
Biased short: Short sellers' disposition effect and limits to arbitrage,WoS only,2020,INCLUDE,"I1,I2,I3,I4",Investiga el efecto disposicion (sesgo conductual) en vendedores en corto de acciones y su relacion con los limites al arbitraje.,INCLUDE,
Is there an endogeneity problem between health and apartment value? Gender differences and the impact of obesity on property self-evaluation,WoS only,2022,EXCLUDE,I4,"El objeto de estudio es la autoevaluacion del valor de apartamentos (activo fisico inmobiliario propio), no una decision de inversion en activos financieros ni un constructo central de riesgo conductual del inversionista.",EXCLUDE,
Analysis of attention on venture capital: A method of complex network on time series,WoS only,2020,EXCLUDE,E6,"Analiza series de tiempo de atencion de busqueda en internet sobre capital de riesgo mediante redes complejas, sin constructo de riesgo conductual del inversionista.",EXCLUDE,
The status quo and the investment decisions,WoS only,2020,EXCLUDE,E4,"Estudia el sesgo de status quo en las decisiones de inversion de firmas de capital de riesgo (VC), poblacion institucional, no inversionistas individuales.",EXCLUDE,
Resistance to change in the financial management of small family-owned firms: a grounded theory of family firms in Laos,WoS only,2020,EXCLUDE,E4,"Teoria fundamentada sobre resistencia al cambio en la gestion financiera de firmas familiares, un fenomeno de gestion corporativa sin angulo del inversionista individual.",EXCLUDE,
Pricing Efficiency and Bounded Rationality: Evidence Based on the Responses Surrounding GICS Real Estate Category Creation,WoS only,2020,INCLUDE,"I1,I2,I3,I4","Evidencia efectos de encuadre (framing, relacionado con anclaje/teoria de las perspectivas) y racionalidad limitada entre inversionistas tras la reclasificacion sectorial de REIT.",INCLUDE,
A test of market efficiency using stock market anomalies: a behavioural approach,WoS only,2019,INCLUDE,"I1,I2,I3,I4","Prueba la eficiencia de mercado mediante anomalias bursatiles explicadas por sesgos conductuales (contabilidad mental, aversion a la perdida, arrepentimiento) de inversionistas individuales.",INCLUDE,
