idx,title,authors,source,year,scopusUrl
1,Seismic risk assessment of regional bridge networks using a stochastic emulator surrogate model,"Amaya E., Taflanidis A.A., Santa Maria H., Candia G.","Reliability Engineering and System Safety, 277, 113035",2027,https://scopus.unalproxy.elogim.com/pages/publications/105045227029?origin=resultslist
2,Behavioural biases and investment decisions with mediating role of risk perception and moderating role of financial literacy,"Malik L., Quddus A., Watto W.A., ... Fahlevi M., Aziz A.L.","Discover Psychology, 6(1), 122",2026,https://scopus.unalproxy.elogim.com/pages/publications/105038053473?origin=resultslist
3,Behavioral portfolio decisions in a GARCH world,"Ehler N., Escobar-Anel M., Stentoft L., Zagst R.","Financial Innovation, 12(1), 123",2026,https://scopus.unalproxy.elogim.com/pages/publications/105039934404?origin=resultslist
4,Behaviorally informed deep reinforcement learning for portfolio optimization with loss aversion and overconfidence,"Charkhestani A., Esfahanipour A.","Scientific Reports, 16(1), 6443",2026,https://scopus.unalproxy.elogim.com/pages/publications/105030194215?origin=resultslist
5,Islamic Values and Gen Z's Investment Behavior in the Sharia Stock Market: Beyond Rationality,"Priyono A.A., Saraswati E., Widarko A.","Munaddhomah, 7(1)",2026,https://scopus.unalproxy.elogim.com/pages/publications/105024558611?origin=resultslist
6,A cultural finance perspective on the low volatility anomaly,"Solanki K., Seetharam Y., Page D.","Research in International Business and Finance, 90, 103562",2026,https://scopus.unalproxy.elogim.com/pages/publications/105045377128?origin=resultslist
7,Cybercrime in digital asset markets: evidence from high-frequency cryptocurrency data and implications for MiCA,Mohamad A.,"Digital Finance, 8(3), 38",2026,https://scopus.unalproxy.elogim.com/pages/publications/105043447570?origin=resultslist
8,From Financial Literacy to Investment Intention: The Sequential Roles of Risk Perception and Trust,"Pelawi J.B., Sumiati S., Ratnawati K., Juwita H.A.J.","Journal of Risk and Financial Management, 19(7), 467",2026,https://scopus.unalproxy.elogim.com/pages/publications/105045757791?origin=resultslist
9,Behavioral Biases and Investor Decision-Making in the Saudi Stock Market: The Moderating Roles of Overconfidence and Loss Aversion in an Islamic and Oil-Dependent Economy,"Abdalla R., Al Aaraj H., Alam Y.","Journal of Risk and Financial Management, 19(7), 522",2026,https://scopus.unalproxy.elogim.com/pages/publications/105045885898?origin=resultslist
10,Optimizing commodity investor decision-making: A metaheuristic approach to addressing behavioral biases in finance,"Rout S., Sahoo S., Mishra R.K.","Aip Conference Proceedings, 3388(1), 060007",2026,https://scopus.unalproxy.elogim.com/pages/publications/105042308367?origin=resultslist
11,Expert-Based Risk Mapping for Low-Carbon Hydrogen Production Under Geopolitical Constraints: A Case Study of Russia,"Revinova S., Gomonov K., Ratner S., Shaposhnikov A.","Hydrogen Switzerland, 7(2), 71",2026,https://scopus.unalproxy.elogim.com/pages/publications/105043194914?origin=resultslist
12,A PRISMA-Based Systematic Review of Behavioral Biases and Demographic Moderators in Investment Decision-Making,"Douhabi E.M., Drissi Z.","Journal of Risk and Financial Management, 19(6), 418",2026,https://scopus.unalproxy.elogim.com/pages/publications/105042691208?origin=resultslist
13,Revisiting risk perception in goals-based equity investment: evidence from emerging investors in Bangalore,"Thamizhselvi M., Dey V., SasiKala V., Kiran P.","SN Business and Economics, 6(6), 190",2026,https://scopus.unalproxy.elogim.com/pages/publications/105040593246?origin=resultslist
14,A cyber risk economics model for organization-wide risk management (CYREM-ORM),"Xin T., He Y., Zamani E.D., Evans M., Luo C.","Computers and Security, 165, 104873",2026,https://scopus.unalproxy.elogim.com/pages/publications/105031588576?origin=resultslist
15,Understanding Impact Investment Intention Using the Extended Theory of Planned Behaviour,"Rathee P., Aggarwal S.","Global Business Review, 27(3)",2026,https://scopus.unalproxy.elogim.com/pages/publications/85136945795?origin=resultslist
16,"Political conservatism and investor risk tolerance: implications for suitability, profiling, and segmentation","de Souza M.L., da Silva W.V., da Veiga C.P., Pinto I.M.B.S., de Lima M.V.A.","Journal of Financial Services Marketing, 31(2), 35",2026,https://scopus.unalproxy.elogim.com/pages/publications/105040047135?origin=resultslist
17,"Two financial worlds and the bridge between them: profiling crypto, traditional, and dual investors","Lara-Bueno P., Tercero-Lucas D.","Journal of International Financial Markets Institutions and Money, 109, 102326",2026,https://scopus.unalproxy.elogim.com/pages/publications/105034978525?origin=resultslist
18,Machine learning for risk profiling: An analysis of pension fund participants,"Goncu A., Kuzubas T.U., Saltoglu B.","Borsa Istanbul Review, 26(3), 100800",2026,https://scopus.unalproxy.elogim.com/pages/publications/105028421790?origin=resultslist
19,Intelligent Borrower Profiling for Risk-Aware Loan Decision Making and Portfolio Optimization,Mohanakrishnan S.,"Journal of Internet Services and Information Security, 16(2)",2026,https://scopus.unalproxy.elogim.com/pages/publications/105042594507?origin=resultslist
20,Weighted Average Cost of Capital in Declining Interest Rate Environments (Part II): Qualitative Expert Research,"Frey S., Heilmann H.","Journal of Risk and Financial Management, 19(5), 326",2026,https://scopus.unalproxy.elogim.com/pages/publications/105040027944?origin=resultslist
21,An EGU Evaluation System Model To Assist Insurance Companies In Decision-Making During ExtremeWeather Events,Zhang H.,Proceedings of 2025 5th International Conference on Big Data Artificial Intelligence and Risk Management Icbar 2025,2026,https://scopus.unalproxy.elogim.com/pages/publications/105038707624?origin=resultslist
22,Towards Understanding Financial Decision-Making in Equity Markets Among German and Indian Participants: Survey-based Findings,"Ghosh S., Packham N.","Conference on Human Factors in Computing Systems Proceedings, 688",2026,https://scopus.unalproxy.elogim.com/pages/publications/105038097390?origin=resultslist
23,Intergenerational Shifts in Equity Investment Behavior: From Traditional Media to Social Media Among Family Business Investors,"Shriya K., Velmurugan T.","Qubahan Academic Journal, 6(2)",2026,https://scopus.unalproxy.elogim.com/pages/publications/105038025051?origin=resultslist
24,The Flow–Performance Relationship and Behavioral Biases: Evidence from Spanish Mutual Fund Flows,"Arenas-Laorga C., Gil Capella F.","Risks, 14(4), 88",2026,https://scopus.unalproxy.elogim.com/pages/publications/105037032748?origin=resultslist
25,Co-movement Between NIFTY Spot and Futures Indices: A Time–Frequency Analysis Using Wavelet,"Katoch R., Batra S.","Studies in Microeconomics, 14(1)",2026,https://scopus.unalproxy.elogim.com/pages/publications/85173638771?origin=resultslist
26,Operational Resilience Under Carbon Constraints: A Socio-Technical Multi-Agentic Approach to Global Supply Chains,"Kaur R., Kundu T., Sharma B., Park K.M., Pinsky E.","Systems, 14(4), 374",2026,https://scopus.unalproxy.elogim.com/pages/publications/105037087690?origin=resultslist
27,Unit-level stranded asset of coal power under low-carbon transition pathways toward China's carbon neutrality,"Wang Y., Zhang Y., Wang K., Liu J., Pan X.","Energy Policy, 211, 115132",2026,https://scopus.unalproxy.elogim.com/pages/publications/105028612499?origin=resultslist
28,How trading shocks shape risk preferences: nonlinear evidence from retail forex traders,"Han G., Preda A.","Review of Behavioral Finance, 18(2)",2026,https://scopus.unalproxy.elogim.com/pages/publications/105029621734?origin=resultslist
29,AI governance after MiFID II: beyond (mere) technological neutrality?,Azzutti A.,"Era Forum, 27(1)",2026,https://scopus.unalproxy.elogim.com/pages/publications/105029272389?origin=resultslist
30,How you measure transition risk matters: comparing and evaluating climate transition risk metrics,Fliegel P.,"Journal of Corporate Finance, 98, 102939",2026,https://scopus.unalproxy.elogim.com/pages/publications/105027225159?origin=resultslist
31,Investment Risk Appetite (IRA): Scale Development and Validation,"Qaysi T., Sulphey M.M.","Journal of Risk and Financial Management, 19(3), 205",2026,https://scopus.unalproxy.elogim.com/pages/publications/105034098661?origin=resultslist
32,Adaptability factors and behavioral biases of investors in frontier markets: An adaptive market hypothesis perspective,"Jannatunnesa J., Mahdzan N.S., Noman A.H.Md.","Plos One, 21(3 March), e0345883",2026,https://scopus.unalproxy.elogim.com/pages/publications/105033985486?origin=resultslist
33,Loss aversion in investment: A bibliometric and network visualization analysis,"Soman S.S., Chirputkar A., Punjani K.K.","Journal of Behavioral and Experimental Finance, 49, 101155",2026,https://scopus.unalproxy.elogim.com/pages/publications/105029830195?origin=resultslist
34,Portfolio Selection Based on Time–Frequency Connectedness: Evidence from GCC Sectoral Stock Markets and the Oil Market,"Amar A.B., Hachicha N., Brahim M., Sbihi A.","Computational Economics, 67(3)",2026,https://scopus.unalproxy.elogim.com/pages/publications/105003149220?origin=resultslist
35,"Bitcoin and Gold Causality Across Quantiles, Frequencies, and Market Regimes",Sodnomdavaa T.,"Journal of Risk and Financial Management, 19(3), 215",2026,https://scopus.unalproxy.elogim.com/pages/publications/105034354082?origin=resultslist
36,"SUSTAINABILITY, ETHICAL CAPITAL, AND INVESTMENT BEHAVIOUR: EMPIRICAL EVIDENCE FROM ESG MUTUAL FUND PREFERENCES IN CULTURAL AND CREATIVE INDUSTRIES","Negi P., Srivastava M.","Shodhkosh Journal of Visual and Performing Arts, 7(1s)",2026,https://scopus.unalproxy.elogim.com/pages/publications/105030837891?origin=resultslist
37,How information overload and heuristics shape digital investment decisions,"Verma V., Singh P., Tiwari R., Pandey D.C.","Journal of Asian Scientific Research, 16(2)",2026,https://scopus.unalproxy.elogim.com/pages/publications/105041383780?origin=resultslist
38,How Framing Susceptibility Is Associated with Investment Grip: Evidence from Japanese Retail Investors,"Otchere-Appiah G., Kuramoto Y., Bawalle A.A., Kadoya Y.","Risks, 14(2), 40",2026,https://scopus.unalproxy.elogim.com/pages/publications/105031155510?origin=resultslist
39,A Personalized Investment Advisory System Using Large Language Models: Evidence from Vietnam’s Stock Market,"To M.H., Tran B.M.","Global Business and Finance Review, 31(2)",2026,https://scopus.unalproxy.elogim.com/pages/publications/105031692590?origin=resultslist
40,Managerial climate risk perception bias and corporate investment inefficiency: Evidence from Chinese listed firms,"Zhao Y., Li J.","Finance Research Letters, 90, 109399",2026,https://scopus.unalproxy.elogim.com/pages/publications/105025518229?origin=resultslist
41,Portfolio Construction Under Behavioral Distortions and Narrow Framing: A Machine Learning Approach,Tsomidis G.,"Mathematics, 14(4), 607",2026,https://scopus.unalproxy.elogim.com/pages/publications/105031397749?origin=resultslist
42,Do match surprises move fan token prices? Evidence from UEFA competitions,"Blom M.J., Henriques Pereira M.","Finance Research Letters, 90, 109349",2026,https://scopus.unalproxy.elogim.com/pages/publications/105025594967?origin=resultslist
43,Global Attention and Market Resilience: Evidence from the Gaza Conflict and Israeli Financial Assets,"Papanikolaou N., Vasileiou E., Pantos T.","Economies, 14(2), 61",2026,https://scopus.unalproxy.elogim.com/pages/publications/105031385971?origin=resultslist
44,Seismic Exposure Modelling of the Romanian Residential Building Stock for (Re)Insurance Applications,"Gheorghe B., Vacareanu R.","Buildings, 16(4), 728",2026,https://scopus.unalproxy.elogim.com/pages/publications/105031422448?origin=resultslist
45,Exploring the role of simulated learning on portfolio management: enhancing investment decisions by addressing behavioural biases,"Kushwah R., Sahoo K.K., Jaldhari S.",Navigating Digital Disruption Strategies for Sustainable Business Management,2026,https://scopus.unalproxy.elogim.com/pages/publications/105026327372?origin=resultslist
46,Role of artificial intelligence (AI) in strengthening impact of behavioral factors on investment decision process of IT/ITES employee towards behavioral finance,"Kavya J., Kotteeswaran M.","Aip Conference Proceedings, 3345(1), 020183",2026,https://scopus.unalproxy.elogim.com/pages/publications/105028329100?origin=resultslist
47,Role of artificial intelligence in understanding psychological influences on investment decisions: A behavioral finance study among IT/ITES employees,"Kavya J., Kotteeswaran M.","Aip Conference Proceedings, 3345(1), 020184",2026,https://scopus.unalproxy.elogim.com/pages/publications/105028250535?origin=resultslist
48,AI-Based Fintech Recommendation System for Personalized Mutual Fund Investments,"Sharma M., Anwar M., Sharma M.",Proceedings of 8th International Conference on Intelligent Sustainable Systems Iciss 2026,2026,https://scopus.unalproxy.elogim.com/pages/publications/105037001876?origin=resultslist
49,An AI-Driven Financial Advisory System with Dynamic Risk Profiling,"Sumeer H., Aparna, Rishitha T.R., ... Nagaraja S.R., Kannadaguli P.",Ccic 2026 Contemporary Computing Innovations Conference 2026,2026,https://scopus.unalproxy.elogim.com/pages/publications/105038714822?origin=resultslist
50,Transformer-Based Time Series Forecasting for Credit Limit Utilization and Risk Profiling in Retail Lending,"Danchuk V., Linskyi O.","Applied Artificial Intelligence, 40(1), 2676392",2026,https://scopus.unalproxy.elogim.com/pages/publications/105041016228?origin=resultslist
51,The role of behavioral biases in shaping investment decisions: an empirical analysis of the Indian investors,"Dubey A., Chandra S., Yadav S., Selvadass M.",Organizational Resilience and Leadership Issues in the Dynamic Era,2026,https://scopus.unalproxy.elogim.com/pages/publications/105033306780?origin=resultslist
52,"Investors’ Emotional Intelligence, Personality Traits, and Risk Tolerance: A Measure of Investment Decisions","Raheja S., Syan A.S.",Sustainable Practices in Finance Economics and Technology,2026,https://scopus.unalproxy.elogim.com/pages/publications/105044993441?origin=resultslist
53,Integrating AI and OR for investment decision-making in emerging digital lending businesses: a risk-return multi-objective optimization approach,"Torkian V., Bamdad S., Sarfaraz A.H.","Journal of the Operational Research Society, 77(3)",2026,https://scopus.unalproxy.elogim.com/pages/publications/105004362411?origin=resultslist
54,Emotional Biases and Their Impact on Investment Decisions: A Behavioral Finance Perspective,"Gupta M., Jindal P.",Behavioral Finance Strategies for Informed Decision Making,2026,https://scopus.unalproxy.elogim.com/pages/publications/105035816784?origin=resultslist
55,Machine Learning Modelling of Digitalization in Gen Z Decisions: Financial Literacy and Risk Tolerance,"Vandana, Garima, Singh S.",International Conference on Innovative Practices in Technology and Management Iciptm 2026,2026,https://scopus.unalproxy.elogim.com/pages/publications/105037839794?origin=resultslist
56,Behavioral Financial Engineering: A Data-Driven Application of Cumulative Prospect Theory to Property Sector Portfolio Optimization,"Reynoso E.D.V., Young M.N., Agapito B.B.",International Conference on Artificial Intelligence Computer Data Sciences and Applications Acdsa 2026,2026,https://scopus.unalproxy.elogim.com/pages/publications/105037585451?origin=resultslist
57,Behavioral Biases in Financial Markets: Understanding the Impact of Cognitive Heuristic-Driven Biases and Emotional Biases in Shaping Investment Decisions,"Kalappa B., Upadhyay D.",Behavioral Finance Strategies for Informed Decision Making,2026,https://scopus.unalproxy.elogim.com/pages/publications/105035819597?origin=resultslist
58,The brain behind the portfolio: the neurological foundations of investment decisions,"Khan A., Fatima H., Shah S.A.A.",Journal of Islamic Marketing,2026,https://scopus.unalproxy.elogim.com/pages/publications/105042496921?origin=resultslist
59,Robo-Advisors in Investment Decision-Making: An Empirical Investigation of Behavioral Biases,"Patil K.P., Pramod D., Kulkarni M.S.","Lecture Notes in Networks and Systems, 1612 LNNS",2026,https://scopus.unalproxy.elogim.com/pages/publications/105028296127?origin=resultslist
60,Antecedents of investment decisions among retail investors: Mediating risk perception and moderating investment horizon,"Chairit S., Sirichote O., Noknoi C.","Investment Management and Financial Innovations, 23(2)",2026,https://scopus.unalproxy.elogim.com/pages/publications/105040925566?origin=resultslist
61,AI-Based Predictive Modelling of Digitalization Effects on Investment Decisions of Gen Z Investors,"Vandana, Garima, Singh S.",International Conference on Innovative Practices in Technology and Management Iciptm 2026,2026,https://scopus.unalproxy.elogim.com/pages/publications/105037806803?origin=resultslist
62,Digital Transformation in Wealth Management: Exploring How Robo-Advisors Moderate Behavioral Biases and Shape Investment Decisions,"Verma V., Singh P., Kumar P.",Robo Advisors and Artificial Intelligence in Human Resources Management Revolutionizing Hr,2026,https://scopus.unalproxy.elogim.com/pages/publications/105037894364?origin=resultslist
63,Deciphering risk and behavioural biases in investment decision-making,Ganguly A.,"Afro Asian Journal of Finance and Accounting, 16(4)",2026,https://scopus.unalproxy.elogim.com/pages/publications/105044371714?origin=resultslist
64,Behavioral Biases in Investment Decisions,Nahidi N.,"Contributions to Finance and Accounting, Part F1945",2026,https://scopus.unalproxy.elogim.com/pages/publications/105039609503?origin=resultslist
65,Fuzzy Logic in Economics: A Model for Risk Assessment and Decision-Making,"Imamguluyev R., Abdullayev T., Aghayeva K., Sharifli I.","Lecture Notes in Networks and Systems, 1817 LNNS",2026,https://scopus.unalproxy.elogim.com/pages/publications/105040578884?origin=resultslist
66,From Rationality to Reality: Taxonomy of Biases and Mitigation Strategies for Investors,"Manchanda M., Bajaj H.",Behavioral Finance Strategies for Informed Decision Making,2026,https://scopus.unalproxy.elogim.com/pages/publications/105035817134?origin=resultslist
67,AI Supported WealthTech Solutions for Personalized Financial Planning and Investment Decisions,"Chinnasamy G., Vinoth S., Renuka S., ... Jaladi S.R., Jayashree T.",Proceedings of the 2026 International Conference on Intelligent and Innovative Technologies in Computing Electrical and Electronics Iitcee 2026,2026,https://scopus.unalproxy.elogim.com/pages/publications/105041703261?origin=resultslist
68,"The Interplay Between Behavioral Finance and Environmental, Social, and Governance (ESG) Investment Decisions: Evidence From Chinese Listed Firms","Wang B.-G., Alsagr N., Chien F.",Business Strategy and the Environment,2026,https://scopus.unalproxy.elogim.com/pages/publications/105041116928?origin=resultslist
69,The Psychology of Investing: Case Studies in Behavioral Finance,"Malik S., Jain M., Yadav M.",Behavioral Finance Strategies for Informed Decision Making,2026,https://scopus.unalproxy.elogim.com/pages/publications/105035821583?origin=resultslist
70,"Analyzing the Investors Perception, Knowledge and Factors on Equity Fund in Stock Market Investment","Manju B., Kamaladevi M.","International Journal of Special Education, 41(6S)",2026,https://scopus.unalproxy.elogim.com/pages/publications/105042252349?origin=resultslist
71,Non-home biased individuals' investment choices: the role of the birthplace of investors,"Lippi A., Barbieri L.","Finance Research Letters, 87, 109026",2026,https://scopus.unalproxy.elogim.com/pages/publications/105023169063?origin=resultslist
72,Examining Diverse Factors Influencing Stock Market Investments of the Investors in South India,"Nidhi S., Kamaladevi M.","International Journal of Special Education, 41(6S)",2026,https://scopus.unalproxy.elogim.com/pages/publications/105042282574?origin=resultslist
73,Understanding the disposition effect: a phenomenological study of investor experiences in Nepal,"Paudel M.R., Thapa B.S., Ghimire S.",Qualitative Research in Financial Markets,2026,https://scopus.unalproxy.elogim.com/pages/publications/105038342324?origin=resultslist
74,Business Leadership and Behavioral Economics: A Quantitative Assessment of Cognitive and Emotional Biases among Investors,"Soussou K., Mahjoubi Y.","Business Ethics and Leadership, 10(2)",2026,https://scopus.unalproxy.elogim.com/pages/publications/105043951350?origin=resultslist
75,Impact of Investor Trust and Risk Perception on Mutual Fund Investment Intentions: The Mediating Role of Financial Literacy,"Lenta F.J., Kumar J.","International Review of Management and Marketing, 16(4)",2026,https://scopus.unalproxy.elogim.com/pages/publications/105039228332?origin=resultslist
76,ESG Investing and its Impact on Risk-Adjusted Portfolio Returns from a Behavioral Finance Perspective Using SEM,"Banu A., Reshma M., Singh E.S., ... Thilaga S., Basha S.M.","International Academic Journal of Science and Engineering, 13(1)",2026,https://scopus.unalproxy.elogim.com/pages/publications/105041933598?origin=resultslist
77,Exploring the Landscape of Behavioral Finance: A Review,"Gupta P., Pooja",Behavioral Finance Strategies for Informed Decision Making,2026,https://scopus.unalproxy.elogim.com/pages/publications/105035821292?origin=resultslist
78,"Behavioral personae, narrow framing, and stochastic dominance in the cryptocurrency market","Arvanitis S., Topaloglou N., Tsomidis G.",Annals of Operations Research,2026,https://scopus.unalproxy.elogim.com/pages/publications/105036206828?origin=resultslist
79,When Confidence and Knowledge Diverge: Investor Calibration and Portfolio Behavior,"Bonaparte Y., Fabozzi F.J.",Journal of Behavioral Finance,2026,https://scopus.unalproxy.elogim.com/pages/publications/105037541854?origin=resultslist
80,Masculinity and Financial Behavior: Understanding Biases and Empowering Resilience,Fouche J.P.,Financial Therapy for Men Navigating the Intersection of Masculinity and Financial Behavior in A Modern World,2026,https://scopus.unalproxy.elogim.com/pages/publications/105044837191?origin=resultslist
81,Analysis of Islamic Unit Trust Funds Investors in Malaysia using the Kohonen self-organizing maps,"Bouzekouk S., Mansor F.",Journal of Islamic Marketing,2026,https://scopus.unalproxy.elogim.com/pages/publications/105032138744?origin=resultslist
82,Investor Behavior and Renewable Energy Project Financing: Behavioral and Institutional Insights from Morocco,"Zoumak K., Angade K.","Lecture Notes in Networks and Systems, 1878 LNNS",2026,https://scopus.unalproxy.elogim.com/pages/publications/105038100560?origin=resultslist
83,Gender and the Brain on Finance: Are Men and Women Wired for Different Risks?,Kashyap S.,Intersecting AI Neurofinance and Behavioral Finance for Decision Making,2026,https://scopus.unalproxy.elogim.com/pages/publications/105040882283?origin=resultslist
84,FROM NEWS TO CHARTS: RETHINKING MARKET PREDICTION WITH MULTIMODAL AI | OD VIJESTI DO GRAFIKONA: PONOVNO PROMIŠLJANJE PREDVIĐANJA TRŽIŠTA S MULTIMODALNOM UMJETNOM INTELIGENCIJOM,"Guo H., Polak P.","Management Journal of Contemporary Management Issues, 31(1)",2026,https://scopus.unalproxy.elogim.com/pages/publications/105045362766?origin=resultslist
85,"Financial Reporting, Investor Psychology and the Role of Data Governance in Equity Markets","Fitri A., Yusuf H., Izzuddin M.A.",Interdisciplinary Approaches to Data Governance AI and Digital Society,2026,https://scopus.unalproxy.elogim.com/pages/publications/105042215155?origin=resultslist
86,Financing green innovation startups: a systematic literature review on early-stage SME funding,"Mukherjee A., Owen R., Scott J.M., Lyon F.","Venture Capital, 28(2-3)",2026,https://scopus.unalproxy.elogim.com/pages/publications/85205600266?origin=resultslist
87,Agent-Based Simulation of a Financial Market with Large Language Models,"Hashimoto R., Takayanagi T., Suzuki M., Izumi K.","Lecture Notes in Computer Science, 16366 LNAI",2026,https://scopus.unalproxy.elogim.com/pages/publications/105025348767?origin=resultslist
88,"Decoding investor behavior in the age of financial AI: integrating cognitive, emotional, and social drivers of adoption and resistance in India","Tiwari C.K., Bhat M.A., Gupta K., ... Alkhwaldi A.F., Pal A.",Information Discovery and Delivery,2026,https://scopus.unalproxy.elogim.com/pages/publications/105040536461?origin=resultslist
89,Crypto Investment Trends in the Digital Age: The Impact of Online Information on Risk Perception,"Raju J.K., Soujanya L.","Oida International Journal of Sustainable Development, 19(3)",2026,https://scopus.unalproxy.elogim.com/pages/publications/105040791771?origin=resultslist
90,COVID-19 pandemic and analysts’ stock recommendation: an empirical analysis of citywide static management in Shanghai,"Jia S., Zhou Y., Liu D., Zhou F.",Review of Quantitative Finance and Accounting,2026,https://scopus.unalproxy.elogim.com/pages/publications/105030152625?origin=resultslist
91,"Navigating crypto markets: financial literacy, behavior and information channels",Ruiz J.R.,International Journal of Bank Marketing,2026,https://scopus.unalproxy.elogim.com/pages/publications/105041087530?origin=resultslist
92,Market Regime Forecasting Across Horizons: When Transition Detection Matters More Than Accuracy,"Sanchez-Fernandez A., Perez H., Huerga-Perez N., Diez-Gonzalez J.","Communications in Computer and Information Science, 3046 CCIS",2026,https://scopus.unalproxy.elogim.com/pages/publications/105042816397?origin=resultslist
93,Dynamic q-dependent cross-correlation test for investment classification and its application on green finance,Acikgoz T.,"North American Journal of Economics and Finance, 81, 102535",2026,https://scopus.unalproxy.elogim.com/pages/publications/105014959387?origin=resultslist
94,Climate Risk Modeling in the Digital Age: New Approaches for Financial Institutions,"Andrianov A.Y., Ivanov V.V., Nurmukhametov R.K.","Communications in Computer and Information Science, 2868 CCIS",2026,https://scopus.unalproxy.elogim.com/pages/publications/105038860257?origin=resultslist
95,Phenomenological Semantic Factor Method for Risk Management of Complex Systems in Drifting,"Rodionov D., Polyakov P., Konnikov E.","Big Data and Cognitive Computing, 10(1), 21",2026,https://scopus.unalproxy.elogim.com/pages/publications/105028478186?origin=resultslist
96,The risk quadrangle in optimization: An overview with recent results and extensions,"Grechuk B., Malandii A., Rockafellar R.T., Uryasev S.","Euro Journal on Computational Optimization, 14, 100129",2026,https://scopus.unalproxy.elogim.com/pages/publications/105041059055?origin=resultslist
97,A methodology for assessing the risk resistance of regions with account of the risk complexity of companies (a case study of mining operations) | Методология оценивания рискоустойчивости регионов с учетом рискоемкости компаний (на примере горнодобывающих),"Zubov A.O., Bardulin E.N., Mazhazhikhov A.A., Shapiro N.A., Yakovleva A.V.","Gornaya Promyshlennost, 2026(1)",2026,https://scopus.unalproxy.elogim.com/pages/publications/105032459775?origin=resultslist
98,Upstream Dynamics: Navigating the Economics of Petroleum Exploration and Production,Al-Sajari S.F.,Upstream Dynamics Navigating the Economics of Petroleum Exploration and Production,2026,https://scopus.unalproxy.elogim.com/pages/publications/105040893046?origin=resultslist
99,An AI-Enhanced Enterprise Project Management Framework for Predictive Analytics and Intelligent Decision Support,"Doughman E., Dwairi H., Alenzi M., Zahid M.",2026 International Conference on Artificial Intelligence for Sustainable Engineering and Innovation Aisei 2026,2026,https://scopus.unalproxy.elogim.com/pages/publications/105044307759?origin=resultslist
100,A Hierarchical Business Model for Translating Digital Twins: A Case Study for Health Care Applications From Research to Market,"Nisar S.A., Arulkumar R., Jones B., Banerjee D.","ASME Open Journal of Engineering, 5",2026,https://scopus.unalproxy.elogim.com/pages/publications/105040238151?origin=resultslist
101,Change-Point Detection in Financial Time Series Using the PELT Algorithm: Simulation Optimization and Empirical Analysis,Jia R.,Proceedings of 2025 8th International Conference on Computer Information Science and Artificial Intelligence Cisai 2025,2025,https://scopus.unalproxy.elogim.com/pages/publications/105026343941?origin=resultslist
102,Financial risk profiling of millennials,"Mohta A., Shunmugasundaram V.","Global Knowledge Memory and Communication, 74(9-10)",2025,https://scopus.unalproxy.elogim.com/pages/publications/85187132782?origin=resultslist
103,How Does Loss Aversion Mediate the Relationship Between Personality Traits and Efficiency of Skills in Investment Decision-Making?,"Jayawardena A.M.A., Nanayakkara N.S.","International Review of Management and Marketing, 15(1)",2025,https://scopus.unalproxy.elogim.com/pages/publications/85212285416?origin=resultslist
104,The impact of behavioral biases on financial satisfaction: the mediating role of investment decisions,"Sharma V., Kumar R., Jain J., Kaur M.","International Review of Economics, 72(2), 27",2025,https://scopus.unalproxy.elogim.com/pages/publications/105011184377?origin=resultslist
105,A portfolio-focused behavioral model linking financial literacy and risk tolerance: Evidence from mutual fund investors in Türkiye,"Hamurcu C., Hazar A., Babuscu S.","Borsa Istanbul Review, 25",2025,https://scopus.unalproxy.elogim.com/pages/publications/105015518067?origin=resultslist
106,The Influence of Investor Sentiment on the South African Property Market: A Comparative Assessment of JSE Indices,"Nel C., Moodley F., Ferreira-Schenk S.","International Journal of Financial Studies, 13(4), 231",2025,https://scopus.unalproxy.elogim.com/pages/publications/105025810599?origin=resultslist
107,Sustainable investing through a gendered lens: the role of locus of control and risk perception,"Verma V., Singh P., Tiwari R., Pandey D.C.","Journal of Financial Services Marketing, 30(4), 27",2025,https://scopus.unalproxy.elogim.com/pages/publications/105018889412?origin=resultslist
108,Unveiling the attitudinal factors: an integration of TPB and SCT in understanding investor intention towards equity investments,"Singh A., Goel U., Kumar S., Johri A.","Humanities and Social Sciences Communications, 12(1), 1516",2025,https://scopus.unalproxy.elogim.com/pages/publications/105017610163?origin=resultslist
109,To label or not? A choice experiment testing whether labelled green bonds matter to retail investors,"Saravade V., Weber O., Vitalis A.","Humanities and Social Sciences Communications, 12(1), 82",2025,https://scopus.unalproxy.elogim.com/pages/publications/85218111254?origin=resultslist
110,Artificial intelligence in behavioral finance: a global review of cognitive bias modeling in investor decision-making,"Seker S.E., Icke B.T., Yanik S., ... Icke M.A., Kozol E.","SN Business and Economics, 5(12), 217",2025,https://scopus.unalproxy.elogim.com/pages/publications/105022726796?origin=resultslist
111,Mutual fund investment in Nepal and its dual analysis of economic impact and investor behavior,"Upadhyaya Y.M., Ghimire S.R., Kharel K.R.","Discover Sustainability, 6(1), 1395",2025,https://scopus.unalproxy.elogim.com/pages/publications/105025209253?origin=resultslist
112,Investor negativity derived from news shapes firm distress dynamics under bounded rationality,"Pham X.T.T., Huynh D.T., Nguyen N.T.K., Luu T.B.","Journal of Economics and Development, 27(4)",2025,https://scopus.unalproxy.elogim.com/pages/publications/105024482441?origin=resultslist
113,Behavioural Reinforcement Learning (Beyond Rationality: RL under Investor Bias),"Buet-Golfouse F., Shelley O., Barbulescu G.-O.",Icaif 2025 6th ACM International Conference on AI in Finance,2025,https://scopus.unalproxy.elogim.com/pages/publications/105023082293?origin=resultslist
114,Learn to Rank Risky Investors: A Case Study of Predicting Retail Traders’ Behaviour and Profitability,"Li W.W., Ma T.","ACM Transactions on Information Systems, 44(1), 15",2025,https://scopus.unalproxy.elogim.com/pages/publications/105028733949?origin=resultslist
115,How good are LLMs in risk profiling?,"Hens T., Nordlie T.","Finance Research Letters, 85, 108102",2025,https://scopus.unalproxy.elogim.com/pages/publications/105013672553?origin=resultslist
116,New behaviorally-based cross-sectional reversal portfolios in the cryptocurrency market and market uncertainty,"Nakagawa K., Sakemoto R.","Finance Research Letters, 85, 107800",2025,https://scopus.unalproxy.elogim.com/pages/publications/105009419255?origin=resultslist
117,Psychological and technological factors shaping cryptocurrency investment: The moderating role of personality traits,"Changchit C., Cutshall R., Pham L., Bland E.","Acta Psychologica, 260, 105606",2025,https://scopus.unalproxy.elogim.com/pages/publications/105016807414?origin=resultslist
118,Anticipated psychological spreads: Cryptocurrencies’ hidden short-term monitors and implications for price forecasting,"M'bakob G.B., Mandeng ma Ntamack J., Mfouapon G.K.","Journal of International Financial Markets Institutions and Money, 104, 102224",2025,https://scopus.unalproxy.elogim.com/pages/publications/105016133747?origin=resultslist
119,Big Five Personality Traits and Financial Risk Tolerance among Retail Investors: A Systematic Literature Review,"Khaitan J., Singh D.","International Journal of Accounting and Economics Studies, 12(6)",2025,https://scopus.unalproxy.elogim.com/pages/publications/105018889220?origin=resultslist
120,Reinventing renting? ESG investing and the new landlordism of build-to-rent housing financialization,Parish J.,"Environment and Planning A, 57(6)",2025,https://scopus.unalproxy.elogim.com/pages/publications/105007633966?origin=resultslist
121,"The Role of Fear of Missing out (FOMO), Loss Aversion, and Herd Behavior in Gold Investment Decisions: A Study in the Vietnamese Market","Nguyen X.H., Bui D.A., Le N.A., Nguyen Q.T.","International Journal of Financial Studies, 13(3), 175",2025,https://scopus.unalproxy.elogim.com/pages/publications/105017050189?origin=resultslist
122,"Generational Insights into Herding Behavior: The Moderating Role of Investment Experience in Shaping Decisions Among Generations X, Y, and Z","Syukur A., Amron A., Riyanto F., Putra F.I.F.S., Pangemanan R.R.","International Journal of Financial Studies, 13(3), 176",2025,https://scopus.unalproxy.elogim.com/pages/publications/105017089500?origin=resultslist
123,Risk Perception as a Predictor of Heuristic Biases: The Role of Sex and Age,"Kathpal S., Akhtar A., Chishty S.K., Rafiq F.","Asia Pacific Financial Markets, 32(3)",2025,https://scopus.unalproxy.elogim.com/pages/publications/85198934683?origin=resultslist
124,Behavioural factors in risk perception and financial decision making,Yan Z.,"Intelligent Decision Technologies, 19(5)",2025,https://scopus.unalproxy.elogim.com/pages/publications/105015592298?origin=resultslist
125,Investor Emotions and Cognitive Biases in a Bearish Market Simulation: A Qualitative Study,"Finet A., Kristoforidis K., Laznicka J.","Journal of Risk and Financial Management, 18(9), 493",2025,https://scopus.unalproxy.elogim.com/pages/publications/105017391400?origin=resultslist
126,Happiness and stock market participation,Wenyan H.,"North American Journal of Economics and Finance, 80, 102491",2025,https://scopus.unalproxy.elogim.com/pages/publications/105008967856?origin=resultslist
127,The Psychological and Behavioural Determinants of Mutual Fund Investment Decisions in Bengaluru: A Mixed-Method Approach,"Uma B., Maheswari V.","International Journal of Accounting and Economics Studies, 12(sI-1)",2025,https://scopus.unalproxy.elogim.com/pages/publications/105016802190?origin=resultslist
128,Optimizing Communication Design for Robo-Advisors: The Effects of Investor Types and Information Strategies on Trust and Engagement during Financial Losses,"Kim E., Shin H., Oh C.","Archives of Design Research, 38(3)",2025,https://scopus.unalproxy.elogim.com/pages/publications/105017485087?origin=resultslist
129,Psychological Factors and Investment Decision Making,"Raghu T., Murthy K.V.R., Mandala G.N.","International Journal of Accounting and Economics Studies, 12(4)",2025,https://scopus.unalproxy.elogim.com/pages/publications/105014774379?origin=resultslist
130,Leveraging Generative AI to Address Behavioral Biases in the Investment Decisions of Gen Z and Millennials,"Grover D., Sangal S., Shabir S.S.",Generative AI Insights for Financial Decision Making,2025,https://scopus.unalproxy.elogim.com/pages/publications/105015502412?origin=resultslist
131,Optimization of sustainable portfolios considering behavioral biases: ESG risk management,Sadineni H.,Risk Management and Corporate Governance in Unpredictable Business Environments,2025,https://scopus.unalproxy.elogim.com/pages/publications/105013827197?origin=resultslist
132,Application of decision tree classification algorithm for financial management and risk early warning in universities,Xia T.,"Journal of Computational Methods in Sciences and Engineering, 25(4)",2025,https://scopus.unalproxy.elogim.com/pages/publications/105007227617?origin=resultslist
133,Bibliometric review of behavioral finance and risk: A scientometric analysis using biblioshiny,"Shaikh A., Khan M.U.","Multidisciplinary Reviews, 8(7), e2025233",2025,https://scopus.unalproxy.elogim.com/pages/publications/85218746266?origin=resultslist
134,The X+Y+Z Code for Government-Guided Funds in Cultivating Unicorn Enterprises | 政府引导基金培育独角兽的 “X+Y+Z” 密码,"Dai Y., Li B., Wang Y.","Quarterly Journal of Economics and Management, 4(2)",2025,https://scopus.unalproxy.elogim.com/pages/publications/105035889766?origin=resultslist
135,"Cognitive biases, Robo advisor and investment decision psychology: An investor's perspective from New York stock exchange","Ahmad U., Van Keulen M., Briassouli A., Saad M.","Acta Psychologica, 256, 105048",2025,https://scopus.unalproxy.elogim.com/pages/publications/105004009963?origin=resultslist
136,Causal Impact of Stock Price Crash Risk on Cost of Equity: Evidence from Chinese Markets,"Zonon B.I.P., Wang X., Chen C., Bouraima M.B.","Economies, 13(6), 158",2025,https://scopus.unalproxy.elogim.com/pages/publications/105009313174?origin=resultslist
137,Research on Financial Risk Warning Based on Intelligent Algorithms,Mou Y.,Proceedings of 2024 5th International Conference on Big Data Economy and Information Management Bdeim 2024,2025,https://scopus.unalproxy.elogim.com/pages/publications/105007547892?origin=resultslist
138,The role of behavioral finance in shaping economic decision-making: Insights from AI and big data integration,"Vashist D.D., Sharma M., Pandey P.",Understanding Human Decision Making in Economic Models,2025,https://scopus.unalproxy.elogim.com/pages/publications/105007398160?origin=resultslist
139,How (Not) to Measure Companies' Climate Transition Risk: A Framework and Categorized Literature Review,Fliegel P.,"Corporate Social Responsibility and Environmental Management, 32(3)",2025,https://scopus.unalproxy.elogim.com/pages/publications/85214850041?origin=resultslist
140,"Herding behavior, disposition effect, and investment decisions: A multi-mediation analysis of risk perception and dividend policy","Bhutto S.A., Nazeer N., Saad M., Talreja K.","Acta Psychologica, 255, 104964",2025,https://scopus.unalproxy.elogim.com/pages/publications/105001328480?origin=resultslist
141,The market's implied loss aversion under power-log utility investor preferences,Kale J.K.,"Finance Research Letters, 78, 107154",2025,https://scopus.unalproxy.elogim.com/pages/publications/105000112918?origin=resultslist
142,Personality Traits as Moderator of Risk Perception and Investment Decision,"Kumari M., Sushma C., Kota P., Challa V.N.S.K., Kavitha S.R.","International Research Journal of Multidisciplinary Scope, 6(2)",2025,https://scopus.unalproxy.elogim.com/pages/publications/105005627895?origin=resultslist
143,Gauging investors' investment decisions in the crypto market through the PRISM of behavioral biases: a fuzzy AHP approach,"Sood K., Pathak P., Jain J., Gupta S.","International Journal of Emerging Markets, 20(4)",2025,https://scopus.unalproxy.elogim.com/pages/publications/86000431625?origin=resultslist
144,Analyzes of common behavioral bias among Indo-Arabian investors and how to better manage them,"Mitra R.S., Bhanawat H.",Managing Sustainable Business Special Focus on Information Communication Technology and Energy Issues of Sustainable Development Goals,2025,https://scopus.unalproxy.elogim.com/pages/publications/105001762945?origin=resultslist
145,"THE INVESTMENT PUZZLE: UNVEILING BEHAVIORAL FINANCE, RISK PERCEPTION, AND FINANCIAL LITERACY","Almansour B.Y., Almansour A.Y., Elkrghli S., Shojaei S.A.","Economics Innovative and Economics Research Journal, 13(1)",2025,https://scopus.unalproxy.elogim.com/pages/publications/86000436224?origin=resultslist
146,Country-Level Loss Aversion and the Market Response to Earnings News,Neel M.,"International Journal of Accounting, 60(1), 2450021",2025,https://scopus.unalproxy.elogim.com/pages/publications/85217029181?origin=resultslist
147,A taxonomy of literature reviews and experimental study of deepreinforcement learning in portfolio management,"Rezaei M., Nezamabadi-Pour H.","Artificial Intelligence Review, 58(3), 94",2025,https://scopus.unalproxy.elogim.com/pages/publications/85218154143?origin=resultslist
148,"Crypto Investment: The Role of Investment Motivations, Investment Confidence, and Risk Perceptions","Zhang Y., Naveed K., Qi J.","Financial Services Review, 33(1)",2025,https://scopus.unalproxy.elogim.com/pages/publications/105031740342?origin=resultslist
149,Smoothing the Subjective Financial Risk Tolerance: Volatility and Market Implications,"Heo W., Kim E.","Mathematics, 13(4), 680",2025,https://scopus.unalproxy.elogim.com/pages/publications/85219050860?origin=resultslist
150,Does cognitive biased knowledge influence investor decisions? An empirical investigation using machine learning and artificial neural network,"Bihari A., Dash M., Muduli K., ... Mulat-Weldemeskel E., Luthra S.","Vine Journal of Information and Knowledge Management Systems, 55(2)",2025,https://scopus.unalproxy.elogim.com/pages/publications/85152025278?origin=resultslist
151,Asymmetric dependence between the prospect theory value and stock returns in India: a quantile regression approach,"Yadav M., Dixit G.","Managerial Finance, 51(2)",2025,https://scopus.unalproxy.elogim.com/pages/publications/85205901996?origin=resultslist
152,Embedding behavioral biases into robo-advisory platforms-case of UAE investors,"Banerjee A., Kumar R.P., Mohnot R.","Journal of Risk Finance, 26(1)",2025,https://scopus.unalproxy.elogim.com/pages/publications/85210401175?origin=resultslist
153,"Unveiling investment behavior: through emotional intelligence, social stigma, financial literacy and risk tolerance",Chaturvedi Sharma P.,"International Journal of Social Economics, 52(1)",2025,https://scopus.unalproxy.elogim.com/pages/publications/85190541685?origin=resultslist
154,Risk Profiling in Insurance: Addressing High-Risk Clients and Risk Management Strategies,Vriscu M.,Springer Proceedings in Business and Economics,2025,https://scopus.unalproxy.elogim.com/pages/publications/105000826049?origin=resultslist
155,Personalized Stock Market Prediction using Dynamic Risk Profiling,"Vaidya S., Vaidya G., Kakde H., ... Dangore M., Sasipriya A.S.","16th International Conference on Advances in Computing Control and Telecommunication Technologies Act 2025, 2",2025,https://scopus.unalproxy.elogim.com/pages/publications/105034837147?origin=resultslist
156,Risk Tolerance in Investment Decisions,"Umakanth S., Makhija P., Tripathi M.",Applied Research for Growth Innovation and Sustainable Impact,2025,https://scopus.unalproxy.elogim.com/pages/publications/105032931295?origin=resultslist
157,Reconciling Self-Assessed with Psychometric Risk Tolerance: A New Framework for Profiling Risk among Investors,"Mazzoli C., Palmucci F.","Journal of Behavioral Finance, 26(2)",2025,https://scopus.unalproxy.elogim.com/pages/publications/85174571509?origin=resultslist
158,A Novel AI-Driven Framework for Adaptive Investment Decision-Making Using India's Fiscal Budget Signals,"Venkatasubbu P., Patil R., Martina Jaincy D.E.",2025 International Conference on Sensors and Related Networks Sennet 2025 Special Focus on Digital Healthcare 64220,2025,https://scopus.unalproxy.elogim.com/pages/publications/105016313128?origin=resultslist
159,Improved Chatbot Tool for Stock Trading using Machine Learning,"Malarvizhi K., Akash A., Vasanth L., Rangarajan M.",Proceedings of 3rd International Conference on Intelligent Cyber Physical Systems and Internet of Things Icoici 2025,2025,https://scopus.unalproxy.elogim.com/pages/publications/105030323499?origin=resultslist
160,GOAL ORIENTED SMART PORTFOLIO OPTIMIZATION,"Deshpande A., Gore R., Shiravale S., Chougule S., Bahirgonde S.","Proceedings on Engineering Sciences, 7(1)",2025,https://scopus.unalproxy.elogim.com/pages/publications/105000041022?origin=resultslist
161,Research on Investment Portfolio Risk Prediction Model Combining Cvar and Deep Learning,Wang Y.,Iccr 2025 3rd International Conference on Cyber Resilience,2025,https://scopus.unalproxy.elogim.com/pages/publications/105031571447?origin=resultslist
162,Forecasting Gilt Mutual Fund Performance Using Data-Driven Machine Learning Models,"Chinnasamy G., Vinoth S., Chandran P.",Proceedings of the 3rd International Conference on Intelligent and Innovative Technologies in Computing Electrical and Electronics Iitcee 2025,2025,https://scopus.unalproxy.elogim.com/pages/publications/105001571653?origin=resultslist
163,A Typology of Flexible Loan Structures for Microenterprise Lending: Balancing Sustainability and Client Needs,"Desai L.R., Waghmare G., Vasanthan R., ... Tandon N., Rajebhosale M.B.","Enterprise Development and Microfinance, 35(1)",2025,https://scopus.unalproxy.elogim.com/pages/publications/105015460309?origin=resultslist
164,Analysis of Investor Profiling and Portfolio Recommendations by Robo-Advisors in Germany,Tahvildari M.,"Global Business and Finance Review, 30(8)",2025,https://scopus.unalproxy.elogim.com/pages/publications/105015096085?origin=resultslist
165,Implementation of Clustering and Classification in Stock Asset Selection for Portfolio Diversification,"Alfarisi N., Palupi I.",2025 3rd International Conference on Software Engineering and Information Technology Icoseit 2025,2025,https://scopus.unalproxy.elogim.com/pages/publications/105031620110?origin=resultslist
166,"The role of robo-advisors in behavioural finance, shaping investment decisions","Kulkarni M.S., Patil K.P., Pramod D.","Cogent Economics and Finance, 13(1), 2571403",2025,https://scopus.unalproxy.elogim.com/pages/publications/105018950655?origin=resultslist
167,Economic Risks in the Development of Russia’s Southern Macroregion Amid Foreign Economic Sanctions | Экономические риски развития Южного макрорегиона в условиях внешнеЭкономических санкций,"Mitrofanova I.V., Kalinina A.E., Ivanova T.B.","Economy of Regions, 21(1)",2025,https://scopus.unalproxy.elogim.com/pages/publications/105003027394?origin=resultslist
168,Irrational investors,Lu X.,Understanding Investment Risk and Return,2025,https://scopus.unalproxy.elogim.com/pages/publications/105033325380?origin=resultslist
169,Mapping the Landscape of Cryptocurrency Investment Decision: A Bibliometric Analysis,"Handoko B.L., Mustapha M., Halim D., Lindawati A.S.L.",2025 International Conference on ICT for Smart Society Iciss 2025,2025,https://scopus.unalproxy.elogim.com/pages/publications/105035295985?origin=resultslist
170,The Role of Behavioral Finance In Investment Decision-Making Using Machine Learning-Understanding the Psychology Behind Stock Market Trends,"Kalaivani E., Nagrajan S., Thirunavukkarasu T., ... Malarkodi K., Sharmiladevi D.",2025 International Conference on Automation and Computation Autocom 2025,2025,https://scopus.unalproxy.elogim.com/pages/publications/105003903637?origin=resultslist
171,"Impact of Anchoring, Herding and Loss-Aversion on Working Women’s Investment Decision-Making","Srivastava H., Moid S., Rushdi N.J.","Finance Theory and Practice, 29(5)",2025,https://scopus.unalproxy.elogim.com/pages/publications/105020782404?origin=resultslist
172,Heuristic bias and investment decision: Exploring the mediating role of investors' risk perceptions,"Chaudhary M.K., Adhikari M., Ghimire D.M., Bhattarai D.R.","Investment Management and Financial Innovations, 22(1)",2025,https://scopus.unalproxy.elogim.com/pages/publications/105000531285?origin=resultslist
173,A Bibliometric Analysis on Behaviour Biases and Investment Decisions Among Retail Investors,"Antony S.R., Siby J.K.","Journal of Applied Bioanalysis, 11(4)",2025,https://scopus.unalproxy.elogim.com/pages/publications/105014970776?origin=resultslist
174,"Herding Behavior, Risk Perception, and Investment Performance: A Serial Mediation Analysis","Prasad Subedi P., Raj Sharma D., Sharma B.","Scientific Papers of the University of Pardubice Series D Faculty of Economics and Administration, 33(1), 2242",2025,https://scopus.unalproxy.elogim.com/pages/publications/105026719099?origin=resultslist
175,The impact of behavioural biases on the behaviours of informed and uninformed individual stock investors: case of the Egyptian Stock Exchange,"Gamal L., Wahba H.","Afro Asian Journal of Finance and Accounting, 15(1)",2025,https://scopus.unalproxy.elogim.com/pages/publications/85216121285?origin=resultslist
176,Behavioural Finance Factors and Investment Decisions: Risk Perception of Gender as a Mediating Factor,"Sugathan S., Kumar A.",Computational Modelling Approaches to Fintech Innovation,2025,https://scopus.unalproxy.elogim.com/pages/publications/105025307888?origin=resultslist
177,Unpacking Investor Psychology: A Systematic Review and Meta-Analysis of Behavioural Biases Shaping Investment Decisions*,"Herathmenike H.M.M.A., Dewasiri N.J., Munasinghe A.","F1000research, 14, 1146",2025,https://scopus.unalproxy.elogim.com/pages/publications/105020770722?origin=resultslist
178,THE PSYCHOLOGY OF THE MARKET: ARE COGNITIVE ILLUSIONS DRIVING RISK-RELATED INVESTOR BEHAVIOUR?,"Wahba H., Abdulhamid A., Pasha R.","Risk Governance and Control Financial Markets and Institutions, 15(4)",2025,https://scopus.unalproxy.elogim.com/pages/publications/105023489384?origin=resultslist
179,The influence of behavioral biases on the decisionmaking process about investments in the stock market,"Thakkar K., Sharma K., Lala R., ... Padia D., Mehta E.",Digital Transformation and Sustainability of Business,2025,https://scopus.unalproxy.elogim.com/pages/publications/105001743802?origin=resultslist
180,Decoding Investor Sentiments in the Indian Stock Market: A Structural Equation Modelling Approach,"Nain A., Borha N.S., Ali F., ... Chauhan S.S., Ahmad V.","F1000research, 13, 1378",2025,https://scopus.unalproxy.elogim.com/pages/publications/105007056022?origin=resultslist
181,The Impact of Robo-Advisors and Risk Tolerance on Retail Investor Portfolio Performance,Hasanudin,"Journal of Ecohumanism, 4(1)",2025,https://scopus.unalproxy.elogim.com/pages/publications/85217566502?origin=resultslist
182,Empirical Evidence of Behavioral Biases in Investment: Should We Be Looking for Financial Variables to Moderate Them?,"Mehta P., Nahata N.",Economics and Finance Readings Selected Papers from Asia Pacific Conference on Economics Finance 2024,2025,https://scopus.unalproxy.elogim.com/pages/publications/105022398108?origin=resultslist
183,Research marking and yield in behavioural finance literature review: observations from bibliometric analysis using R,"Kalappa B., Upadhyay D.",Journal of Economic and Administrative Sciences,2025,https://scopus.unalproxy.elogim.com/pages/publications/105016716406?origin=resultslist
184,The Future of Finance: Designing Investment Strategies Through the Lens of SDG 12,"Alfehaid M.M.A., Taneja S., Bhatnagar M., Johri A., Shamsuddin Z.","International Journal of Environmental Impacts, 8(5)",2025,https://scopus.unalproxy.elogim.com/pages/publications/105031012388?origin=resultslist
185,A New Approach for Selecting Representative Patterns for Investment Planning in Local Energy Communities,"Panier A., Zad B.B., De Greve Z.",International Conference on the European Energy Market Eem,2025,https://scopus.unalproxy.elogim.com/pages/publications/105011097147?origin=resultslist
186,Measuring contextuality in investment preferences,Khrennikova P.,"Annals of Operations Research, 014006",2025,https://scopus.unalproxy.elogim.com/pages/publications/105006619973?origin=resultslist
187,Decoding Investor’s Irrationality: A Fuzzy AHP Exploration of Behavioural Biases,"Abhijith R., Bijulal D.",Vision,2025,https://scopus.unalproxy.elogim.com/pages/publications/105003270528?origin=resultslist
188,The Role of Digital Technology in Influencing Investor Psychology and Promoting Sustainable Investment in the Indian Financial Market,"Sreekuttan S., Jakhiya M.R., Bhandari N.",2025 International Conference on Business Intelligence for Technology Innovation Icbiti 2025,2025,https://scopus.unalproxy.elogim.com/pages/publications/105040584596?origin=resultslist
189,Modeling behavioral insights to mobilize private investment in climate change adaptation: evidence from Chinese investors,"Ma Y., Al Mamun A., Hoque M.E., Masukujjaman M., Ja'afar R.","Environment Development and Sustainability, e01244",2025,https://scopus.unalproxy.elogim.com/pages/publications/85218276224?origin=resultslist
190,Financial deception in the digital age: investigating online pyramid schemes and their socioeconomic impacts in Sri Lanka,"Thilakarathna A.S., De Peiris N.",Journal of Financial Crime,2025,https://scopus.unalproxy.elogim.com/pages/publications/105017130224?origin=resultslist
191,A Behavioral Finance Analysis of Short-Term Loss Aversion and Herd Mentality in Personal Investing,"Nirmala M.M., Girisha V.J., Syama U.S., ... Ravi Kumar P., Tom T.","Studies in Big Data, 169",2025,https://scopus.unalproxy.elogim.com/pages/publications/105010852657?origin=resultslist
192,Portfolio management with the help of AI: What drives retail Indian investors to robo-advisors?,Banerjee S.,"Electronic Journal of Information Systems in Developing Countries, 91(1), e12346",2025,https://scopus.unalproxy.elogim.com/pages/publications/85200684345?origin=resultslist
193,Assessing risk and loss aversion: COVID-19 and investor behavior in the Polish stock market,"Lukowski M., Sliwinski P., Gemra K., Maruszewski J.",Central European Management Journal,2025,https://scopus.unalproxy.elogim.com/pages/publications/105015424455?origin=resultslist
194,Behavioural finance,"Fullbrunn S., Nolte S.",Elgar Encyclopedia of Behavioural and Experimental Economics,2025,https://scopus.unalproxy.elogim.com/pages/publications/105008846643?origin=resultslist
195,Artificial intelligence and behavioural finance biases: improving Lebanese investors decision-making,"Chammaa C., Haddad L.","Journal of Decision Systems, 34(1), 2537076",2025,https://scopus.unalproxy.elogim.com/pages/publications/105014879131?origin=resultslist
196,Portfolio choice with narrow framing and loss aversion: a simplified approach,"Grant A., Kwon O.K., Satchell S.","European Journal of Finance, 31(4)",2025,https://scopus.unalproxy.elogim.com/pages/publications/105001992028?origin=resultslist
197,Systematic review of behavioral finance contributions to financial risk management strategies,"Rawat K., Thakkar A., Dhanabalan T., ... Sudhir R., Kumar S.","Multidisciplinary Reviews, 8, e2025ss0322",2025,https://scopus.unalproxy.elogim.com/pages/publications/105029757580?origin=resultslist
198,Social Media Engagement as a Lens for Investor Behavior,"Sinha R.K., Abhilasha R., Mukhopadhyay R.",Applied Research for Growth Innovation and Sustainable Impact,2025,https://scopus.unalproxy.elogim.com/pages/publications/105032972439?origin=resultslist
199,Influence of Behavioral Biases on Women Investor’s Portfolio Performance,"Updayay M.S., Nagadeepa C., Jaheer Mukthar K.P., Khafajeh H.","Studies in Systems Decision and Control, 587",2025,https://scopus.unalproxy.elogim.com/pages/publications/105026775659?origin=resultslist
200,Generation Z to Millennials: A Study on Behaviour of Investors of Bengaluru City,"Vincent Paul S., James R., Devika Rani N., Pallavi I.J.","Studies in Systems Decision and Control, 607",2025,https://scopus.unalproxy.elogim.com/pages/publications/105019323253?origin=resultslist
201,The determinants of perceived risk: A moderating role of investor sophistication,"Colline F., Rusmanto T., Warganegara D.L., Hutagaol Y.R.I.","Humanities and Social Sciences Letters, 13(1)",2025,https://scopus.unalproxy.elogim.com/pages/publications/85219733707?origin=resultslist
202,The Neuroscience of Risk Perception in Financial Markets: How Climate Policy Uncertainty Affects Investor Cognition in India and the USA,"Agrawal P.K., Kumar M., Kushwaha V., ... Agrawal S., Rana G.","Annals of Neurosciences, 09727531251364683",2025,https://scopus.unalproxy.elogim.com/pages/publications/105016851787?origin=resultslist
203,Mechanisms Underlying U.S.-China Tensions and Stock Price Crash Risk: Evidence from China,"Wang J.-N., Liu H.-C., Hsu Y.-T.",Journal of Behavioral Finance,2025,https://scopus.unalproxy.elogim.com/pages/publications/105021041654?origin=resultslist
204,Research on the impact of environmental risk factors on pricing efficiency in China’s stock market,"Li G., Chu H., Liu Y.","Environment and Social Psychology, 10(5), 3602",2025,https://scopus.unalproxy.elogim.com/pages/publications/105008011823?origin=resultslist
205,"Artificial Intelligence and Digital Decision-Making: Personality Traits, Risk Aversion, and Investment Intentions in the Era of Digitalization","Do H.P., Nguyen M.T., Bui A.N.",Eee Am 2025 IEEE 2nd Asia Meeting on Environment and Electrical Engineering,2025,https://scopus.unalproxy.elogim.com/pages/publications/105036857109?origin=resultslist
206,The Fe ar Z Function: modeling asymmetric volatility decay across market shock categories,Kim S.,Review of Behavioral Finance,2025,https://scopus.unalproxy.elogim.com/pages/publications/105025102788?origin=resultslist
207,The effect of investors’ emotional and depressive states on perceived returns and risk,"Lonkani R., Changchit C., Cutshall R., Treerotchananon A., Prasertsoontorn T.",Journal of Asian Business and Economic Studies,2025,https://scopus.unalproxy.elogim.com/pages/publications/105007294481?origin=resultslist
208,Quantum Computing and Algorithms in Financial Applications,"Riyath M.I.M., Aldabbous N., Jaboob M., Irfan M.",Quantum Driven Financial Intelligence Innovations in Predictive Analytics and Autonomous Trading Systems,2025,https://scopus.unalproxy.elogim.com/pages/publications/105025268358?origin=resultslist
209,MABStocks: A Stock Market Analysis and Prediction Platform Using Multi-Armed Bandit Algorithms,"Saathwika, Harshitha S., Madhyastha S., Shetty J.",2025 9th International Conference on Computational System and Information Technology for Sustainable Solutions Csitss 2025,2025,https://scopus.unalproxy.elogim.com/pages/publications/105031455955?origin=resultslist
210,Stablecoin as a hedge or a safe haven for international indices,"Bo C., Li X., Li Y., Liang X.",China Finance Review International,2025,https://scopus.unalproxy.elogim.com/pages/publications/105024689574?origin=resultslist
211,Probability-Driven Hedge Ratio Optimization Using Machine Learning: An Adaptive Approach to Financial Risk Management,Peng Y.-L.,Proceedings 29th IEEE Acis International Conference on Software Engineering Artificial Intelligence Networking and Parallel Distributed Computing Snpd 2025 Summer,2025,https://scopus.unalproxy.elogim.com/pages/publications/105031082994?origin=resultslist
212,Community Bonds and Canada’s Foundations: Rethinking Risk and Financial Outcomes,"Quenneville R., Hebb T.","Canadian Journal of Nonprofit and Social Economy Research, 16(3)",2025,https://scopus.unalproxy.elogim.com/pages/publications/105028530745?origin=resultslist
213,Research on Investor Education in China Based on Large Language Models,"Xie X., Yang X., Cui R.",2025 14th International Conference on Educational and Information Technology Iceit 2025,2025,https://scopus.unalproxy.elogim.com/pages/publications/105004984727?origin=resultslist
214,Stock Return Predictability on S&P 500 ETF: A Deep Learning Approach,"Hortua H.J., Mora-Valencia A., Vanegas E.",Annals of Data Science,2025,https://scopus.unalproxy.elogim.com/pages/publications/105017454210?origin=resultslist
215,Residential Real Estate Image Classification for Property Valuation,"Nejad M.Z., Naderpour M., Behbood V., Ramezani F., Lu J.","Communications in Computer and Information Science, 2262",2025,https://scopus.unalproxy.elogim.com/pages/publications/105003640030?origin=resultslist
216,Economic and psychological determination in civil servants' investment decisions ahead of retirement: empirical evidence from Indonesia,"Djuachiriaty Y., Jamaliah, Putra W., Rosyadi, Bustami","Economic Annals Xxi, 212(11-12)",2024,https://scopus.unalproxy.elogim.com/pages/publications/105019355415?origin=resultslist
217,BIAS IN SME INVESTMENT DECISIONS: A CROSS-COUNTRY STUDY | STRONNICZOŚĆ W DECYZJACH INWESTYCYJNYCH MŚP: BADANIE MIĘDZYKRAJOWE,"Rafinda A., Suroso A., Purwaningtyas P., Mubaroq A.C.","Polish Journal of Management Studies, 30(1)",2024,https://scopus.unalproxy.elogim.com/pages/publications/85216494442?origin=resultslist
218,Using machine learning to predict investors’ switching behaviour,"Nixon P., Gilbert E.","Journal of Behavioral and Experimental Finance, 44, 100992",2024,https://scopus.unalproxy.elogim.com/pages/publications/85204457914?origin=resultslist
219,"Dissecting investment frequency: examining the role of social influence, investors’ perception of gender discrimination, involvement, access to information and risk tolerance","Singh A., Biswas A.","Social Responsibility Journal, 20(10)",2024,https://scopus.unalproxy.elogim.com/pages/publications/85201108637?origin=resultslist
220,"All are interesting to invest, I fear of missing out (FOMO): a comparative study among self-employed and salaried investors","Kumar J., Rani M., Rani G., Rani V.","Journal of Financial Regulation and Compliance, 32(5)",2024,https://scopus.unalproxy.elogim.com/pages/publications/85203025011?origin=resultslist
221,Behavioral risk profiling: Measuring loss aversion of individual investors,"van Dolder D., Vandenbroucke J.","Journal of Banking and Finance, 168, 107293",2024,https://scopus.unalproxy.elogim.com/pages/publications/85201779872?origin=resultslist
222,Machine learning based methods for ratemaking health care insurance,"Ben Hamida A., Kacem M., de Peretti C., Belkacem L.","International Journal of Market Research, 66(6)",2024,https://scopus.unalproxy.elogim.com/pages/publications/85201550320?origin=resultslist
223,Exploring the influence of behavioral aspects on stock investment decision-making: a study on Bangladeshi individual investors,"Hossain T., Siddiqua P.","Psu Research Review, 8(2)",2024,https://scopus.unalproxy.elogim.com/pages/publications/85133333704?origin=resultslist
224,The analysis of the impact of the framing effect on the choice of financial products: an analytical hierarchical process approach,"Ventre V., Martino R., Castellano R., Sarnacchiaro P.","Annals of Operations Research, 342(3)",2024,https://scopus.unalproxy.elogim.com/pages/publications/85146327347?origin=resultslist
225,"IMPACT OF BEHAVIOURAL FINANCE ON RISK PERCEPTION, PSYCHOLOGICAL BEHAVIOUR, AND FINANCIAL DECISIONS OF MOROCCAN INVESTORS","El Ghmari O., El Ghmari I., Trid S., M'hamdi M.","Financial and Credit Activity Problems of Theory and Practice, 5(58)",2024,https://scopus.unalproxy.elogim.com/pages/publications/85209106570?origin=resultslist
226,A Critical Review of Overconfidence in Investment Decisions: Bibliometric Analysis,"Ojha S., Agarwala A.K.","International Journal of Economics and Financial Issues, 14(6)",2024,https://scopus.unalproxy.elogim.com/pages/publications/85208702919?origin=resultslist
227,Sensory perceptions and financial choices: A neuroscientific perspective,"Jamwal D., Arora M.",Impact of Sensory Marketing on Buying Behavior,2024,https://scopus.unalproxy.elogim.com/pages/publications/105000128107?origin=resultslist
228,Correlating investor patterns and ESG performance with neuro marketing insights: Behavioural finance meets sustainability,"Bhatnagar M., Rajaram R.",Neuromarketing S Role in Sustainable Finance,2024,https://scopus.unalproxy.elogim.com/pages/publications/86000230571?origin=resultslist
229,Behavioural Biases Affecting Financial Risk Tolerance of Working Women Investors: Evidence from the Indian Stock Market,"Srivastava H., Moid S., Rushdi N.J.","Scms Journal of Indian Management, 21(4)",2024,https://scopus.unalproxy.elogim.com/pages/publications/105017329336?origin=resultslist
230,Does Risk Tolerance Mediates the Relationship Between Financial Literacy and Financial Wellbeing During COVID-19: Empirical Evidence From an Emerging Economy,"Naveed M., Ali S.","Sage Open, 14(4)",2024,https://scopus.unalproxy.elogim.com/pages/publications/85212259477?origin=resultslist
231,Investing in our planet: Examining retail investors' preference for green bond investment,"Azad S., Tulasi Devi S.L., Mishra A.K.","Business Strategy and the Environment, 33(6)",2024,https://scopus.unalproxy.elogim.com/pages/publications/85189154070?origin=resultslist
232,An empirical analysis of navigation behaviors across stock and cryptocurrency trading platforms: implications for targeting and segmentation strategies,Kim H.,"Electronic Commerce Research, 24(3)",2024,https://scopus.unalproxy.elogim.com/pages/publications/85139195986?origin=resultslist
233,An uncertainty theory based tri-objective behavioral portfolio selection model with loss aversion and reference level using a modified evolutionary root system growth algorithm,"Chen Y., Li B.","Journal of Computational and Applied Mathematics, 446, 115859",2024,https://scopus.unalproxy.elogim.com/pages/publications/85186763633?origin=resultslist
234,Framing effect and disposition effect: investment decisions tools to understand bounded rationality,"Kiky A., Atahau A.D.R., Mahastanti L.A., Supatmi S.","Review of Behavioral Finance, 16(5)",2024,https://scopus.unalproxy.elogim.com/pages/publications/85192228542?origin=resultslist
235,Safe haven properties of industrial stocks against ESG in the United States: Portfolio implication for sustainable investments,"Imran Z.A., Ahad M., Shahzad K., Ahmad M., Hameed I.","Energy Economics, 136, 107712",2024,https://scopus.unalproxy.elogim.com/pages/publications/85196000887?origin=resultslist
236,A century of asset allocation crash risk,"Samonov M., Sorokina N.","Journal of Asset Management, 25(4)",2024,https://scopus.unalproxy.elogim.com/pages/publications/85189500780?origin=resultslist
237,Impact of Competent Persons’ judgements in Mineral Resources classification,"Owusu S.K.A., Dagdelen K.","Journal of the Southern African Institute of Mining and Metallurgy, 124(7)",2024,https://scopus.unalproxy.elogim.com/pages/publications/85200868479?origin=resultslist
238,Measuring behavioral biases in individual investors decision-making and sociodemographic correlations: a systematic review,"de Oliveira Cardoso N., Zorgi Salvador E., Broch G., ... Yoshinaga C.E., de Lara Machado W.","Qualitative Research in Financial Markets, 16(4)",2024,https://scopus.unalproxy.elogim.com/pages/publications/85176954432?origin=resultslist
239,Sovereign climate bonds: Policy innovation for just transitions in developing countries,"Chavarria-Flores A., Warren P.","Journal of Climate Finance, 7, 100041",2024,https://scopus.unalproxy.elogim.com/pages/publications/85209568771?origin=resultslist
240,"“All are investing in Crypto, I fear of being missed out”: examining the influence of herding, loss aversion, and overconfidence in the cryptocurrency market with the mediating effect of FOMO","Kaur M., Jain J., Sood K.","Quality and Quantity, 58(3)",2024,https://scopus.unalproxy.elogim.com/pages/publications/85171979932?origin=resultslist
241,Comparative analysis of QUEST and CHAID decision tree methods in assessing the performance of conventional commercial banks,"Saragih W.N.M., Zahedi, Nusantara B.C.","Songklanakarin Journal of Science and Technology, 46(3)",2024,https://scopus.unalproxy.elogim.com/pages/publications/85202552380?origin=resultslist
242,Finance and intelligence: An overview of the literature,"Eber N., Roger P., Roger T.","Journal of Economic Surveys, 38(2)",2024,https://scopus.unalproxy.elogim.com/pages/publications/85167734732?origin=resultslist
243,Do heuristics affect Brazilian investors’ decision-making process?,"Souza V.V., Souza L.L.F., Oliveira O., Souza E.M., Costa J.S.","Review of Behavioral Finance, 16(2)",2024,https://scopus.unalproxy.elogim.com/pages/publications/85164453946?origin=resultslist
244,Robo Advising and Investor Profiling,"Gaspar R.M., Oliveira M.","Fintech, 3(1)",2024,https://scopus.unalproxy.elogim.com/pages/publications/85200700870?origin=resultslist
245,Behavioral Finance Biases: A Comprehensive Review on Regret Approach Studies in Portfolio Optimization,"Fooeik A.M.L., Ghanbari H., Sadjadi S.J., Mohammadi E.","International Journal of Industrial Engineering and Production Research, 35(1)",2024,https://scopus.unalproxy.elogim.com/pages/publications/85192805159?origin=resultslist
246,Unpacking the drivers of earnings management in CSR firms: influence of investor risk perception,Bansal M.,"International Journal of Disclosure and Governance, 21(1)",2024,https://scopus.unalproxy.elogim.com/pages/publications/85174180957?origin=resultslist
247,Multitrend Conditional Value at Risk for Portfolio Optimization,"Lai Z.-R., Li C., Wu X., Guan Q., Fang L.","IEEE Transactions on Neural Networks and Learning Systems, 35(2)",2024,https://scopus.unalproxy.elogim.com/pages/publications/85133814481?origin=resultslist
248,A Multi-Kink quantile regression model with common structure for panel data analysis,"Sun Y., Wan C., Zhang W., Zhong W.","Journal of Econometrics, 239(2), 105304",2024,https://scopus.unalproxy.elogim.com/pages/publications/85133190489?origin=resultslist
249,Clustering Sukuk Using the K-Means Algorithm for Allocation of Investors Based on Investment Risk Profile,"Novika F., Rahayu S.","E3s Web of Conferences, 483, 03002",2024,https://scopus.unalproxy.elogim.com/pages/publications/85185376458?origin=resultslist
250,Construction of Investor Profiles Based on Risk Tolerance Prediction,"Zhang B., Zhou Y., Yu S., Zhang K.",ACM International Conference Proceeding Series,2024,https://scopus.unalproxy.elogim.com/pages/publications/85200396857?origin=resultslist
251,"Demystifying disposition effect: past, present and future","Joshipura M., Joshipura N., Sharma A.","Qualitative Research in Financial Markets, 16(1)",2024,https://scopus.unalproxy.elogim.com/pages/publications/85148577591?origin=resultslist
252,Method for Determining the Risk Profile of Investors based on the Relationship of two stock investing Problems,"Gorelik V.A., Zolotova T.V.","Finance Theory and Practice, 28(4)",2024,https://scopus.unalproxy.elogim.com/pages/publications/85204399887?origin=resultslist
253,Demystifying Robo-Advisors: Benefits and Limitations,Scholz P.,Emerald Handbook of Fintech Reshaping Finance,2024,https://scopus.unalproxy.elogim.com/pages/publications/85208319131?origin=resultslist
254,Enhancing Investment Decision-making: Leveraging Smart Machine Learning Models for Risk Profiling and Portfolio Allocation,Kanaparthi V.,2024 15th International Conference on Computing Communication and Networking Technologies Icccnt 2024,2024,https://scopus.unalproxy.elogim.com/pages/publications/85211164644?origin=resultslist
255,Additive Determination of an Investor’s Risk Tolerance in Asset Allocation,"Patel S., diBartolomeo D.","Journal of Investing, 33(5)",2024,https://scopus.unalproxy.elogim.com/pages/publications/85200540488?origin=resultslist
256,Multinational corporations' capital allocation decisions across asymmetric risk locations: intertemporal equilibrium and optimal transitional adjustment paths,"Fedderke J.W., Luiz J.M., Barnard H.","IMA Journal of Management Mathematics, 35(1)",2024,https://scopus.unalproxy.elogim.com/pages/publications/85180012057?origin=resultslist
257,SEISMIC RISK PROFILE DEFINITION FOR VULNERABLE HOUSING STOCK IN COLOMBIA,"Acevedo A.B., Carrascal S., Gonzalez D.","World Conference on Earthquake Engineering Proceedings, 2024",2024,https://scopus.unalproxy.elogim.com/pages/publications/105027855696?origin=resultslist
258,The Influence of COVID-19 and Subsequent Events on the Decision-Making of Retail Investors in Kingdom of Bahrain: A Behavioral Finance Analysis,"Babu M.R., Taqi M.","Studies in Systems Decision and Control, 524",2024,https://scopus.unalproxy.elogim.com/pages/publications/85196188034?origin=resultslist
259,Biases in Capital Market Instrument Investing Decisions: A Study from India,"Agarwal S., Singh S.","Australasian Accounting Business and Finance Journal, 18(3)",2024,https://scopus.unalproxy.elogim.com/pages/publications/85194469022?origin=resultslist
260,"Impact of gender, age, and education on investors’ behavior: An empirical study of Delhi-NCR","Bushra B., Srivastav S., Kapoor S.",International Journal of System Assurance Engineering and Management,2024,https://scopus.unalproxy.elogim.com/pages/publications/85205573267?origin=resultslist
261,BEHAVIOURAL FINANCE AND THE HOUSING MARKET,"Bao H., Lizieri C.",Routledge Handbook of Housing Economics,2024,https://scopus.unalproxy.elogim.com/pages/publications/85190931936?origin=resultslist
262,Psychological biases and contextual factors as the determinants of financial satisfaction: an evidence-based study on individual investment decisions,"Shukla K., Kumar V.","Global Business and Economics Review, 31(1)",2024,https://scopus.unalproxy.elogim.com/pages/publications/85197610370?origin=resultslist
263,Hidden Consequences of Consumer Protection on the Financial Market: Regulation-introduced Bias,"Sindelar J., Budinsky P.","Prague Economic Papers, 33(3)",2024,https://scopus.unalproxy.elogim.com/pages/publications/85198101060?origin=resultslist
264,"PERSONALITY, FINANCIAL LITERACY, AND FINANCIAL ADVICE-SEEKING IN THE MIDST OF A PANDEMIC","Phan T.C., Ngo V.M., Le L.V., Ahmed R.","International Journal of Economics and Finance Studies, 16(1)",2024,https://scopus.unalproxy.elogim.com/pages/publications/105002180447?origin=resultslist
265,Behavioral Finance in Psycho-Social Approaches: A Literature Review,"Nia V.M., Siregar H., Sembel R., Zulbainarmi N.","Lecture Notes in Networks and Systems, 924 LNNS",2024,https://scopus.unalproxy.elogim.com/pages/publications/85189500948?origin=resultslist
266,The Influence of Emotions and Social Value Orientation on Risk Tolerance and Sustainable Investment Choices,"Verma S., Khanna A.","Australasian Accounting Business and Finance Journal, 18(3)",2024,https://scopus.unalproxy.elogim.com/pages/publications/85194476278?origin=resultslist
267,Behavioral finance impacts on US stock market volatility: An analysis of market anomalies,"Akin I., Akin M.",Behavioural Public Policy,2024,https://scopus.unalproxy.elogim.com/pages/publications/85187940745?origin=resultslist
268,Robo Advisors Revolution: Transforming Landscape of Mutual Fund Investments,"Saroha J., Rawal A., Gopalkrishnan S., ... Thathira K.V., Kulkarni P.",2024 International Conference on Sustainable Islamic Business and Finance Sibf 2024,2024,https://scopus.unalproxy.elogim.com/pages/publications/86000194604?origin=resultslist
269,"Evaluating robo-advisors through behavioral finance: a critical review of technology potential, rationality, and investor expectations","Eichler K.S., Schwab E.","Frontiers in Behavioral Economics, 3, 1489159",2024,https://scopus.unalproxy.elogim.com/pages/publications/105012406649?origin=resultslist
270,Conceptual Framework: Understanding the Influence of Monetary and Fiscal Policies on Investor Behavior in China’s Renewable Energy Sector,"Xin L., Loang O.K.","Studies in Systems Decision and Control, 223",2024,https://scopus.unalproxy.elogim.com/pages/publications/85189500597?origin=resultslist
271,The Impact of Media News on Investors' Decision-Making According to their Degree of Risk-Taking,"Sharifi E., Kahrizsangi K.E., Chadegani A.A.","Iranian Journal of Accounting Auditing and Finance, 8(1)",2024,https://scopus.unalproxy.elogim.com/pages/publications/105030482741?origin=resultslist
272,Analysis of factors affecting investors’ decision towards cryptocurrency investments in Saudia Arabia: A moderating role of fear of missing out (FOMO) on decision-making,"Hasan A., Alam S., Habib S., Khan M.A.","Journal of Infrastructure Policy and Development, 8(9), 6419",2024,https://scopus.unalproxy.elogim.com/pages/publications/85205023878?origin=resultslist
273,Effect of sectoral holdings on the flow-performance sensitivity of mutual funds,"Covachev S., Yadav V.","North American Journal of Economics and Finance, 69, 102014",2024,https://scopus.unalproxy.elogim.com/pages/publications/85171450301?origin=resultslist
274,BUILDING FOOTPRINT ANALYSIS FOR SEISMIC VULNERABILITY & LARGE SCALE HIGH-RESOLUTION RISK ASSESSMENTS,"Momin S., Salgado-Galvez M.A., Basaraner M., Grajales S., Carreno M.L.","World Conference on Earthquake Engineering Proceedings, 2024",2024,https://scopus.unalproxy.elogim.com/pages/publications/105027854001?origin=resultslist
275,SURROGATE MODEL FOR FRAGILITY ASSESSMENT OF RETROFITTED UNREINFORCED MASONRY BUILDINGS,"Fathiazar A., Alfano S., Cattari S.","World Conference on Earthquake Engineering Proceedings, 2024",2024,https://scopus.unalproxy.elogim.com/pages/publications/105027900128?origin=resultslist
276,The future of finance: Artificial intelligence's influence on behavioral investment decisions,"Rao A., Hossain M.R.",Leveraging AI and Emotional Intelligence in Contemporary Business Organizations,2023,https://scopus.unalproxy.elogim.com/pages/publications/85183802013?origin=resultslist
277,Shariah-compliant robo-advisors: Exploring the development and implementation of islamic finance's automated investment solutions,"Hooda J., Singh V., Kazaure M.A., Singh R.",Fintech Applications in Islamic Finance AI Machine Learning and Blockchain Techniques,2023,https://scopus.unalproxy.elogim.com/pages/publications/85182096477?origin=resultslist
278,Stock profiling using time–frequency-varying systematic risk measure,Mestre R.,"Financial Innovation, 9(1), 52",2023,https://scopus.unalproxy.elogim.com/pages/publications/85148473940?origin=resultslist
279,Loss Aversion Robust Optimization Model Under Distribution and Mean Return Ambiguity,"Wang J., Zhou M., Guo X., Qi L., Wang X.","IEEE Transactions on Computational Social Systems, 10(6)",2023,https://scopus.unalproxy.elogim.com/pages/publications/85136640633?origin=resultslist
280,Relative Growth Rate Optimization Under Behavioral Criterion,"Peng J., Wei P., Xu Z.Q.","SIAM Journal on Financial Mathematics, 14(4)",2023,https://scopus.unalproxy.elogim.com/pages/publications/85179353915?origin=resultslist
281,Forecasting sovereign risk perception of Brazilian bonds: an evaluation of machine learning prediction accuracy,"de Oliveira D.S.P., Montes G.C.","International Journal of Emerging Markets, 18(10)",2023,https://scopus.unalproxy.elogim.com/pages/publications/85117298981?origin=resultslist
282,Do investment fund managers behave rationally in the light of central bank communication? Survey evidence from Poland,"Wolski R., Bolek M., Gajdka J., Brzeszczynski J., Kutan A.M.","Qualitative Research in Financial Markets, 15(5)",2023,https://scopus.unalproxy.elogim.com/pages/publications/85147515736?origin=resultslist
283,Optimal investment problem under behavioral setting: A Lagrange duality perspective,"Bi X., Cui Z., Fan J., Yuan L., Zhang S.","Journal of Economic Dynamics and Control, 156, 104751",2023,https://scopus.unalproxy.elogim.com/pages/publications/85173245020?origin=resultslist
284,Market Efficiency and Stock Investment Loss Aversion Guide During COVID-19 Pandemic Events: The Case for Applying Data Mining,"Chen Y.-C., Liu Y.-S.","Sage Open, 13(4)",2023,https://scopus.unalproxy.elogim.com/pages/publications/85180167786?origin=resultslist
285,Improving risk classification and ratemaking using mixture-of-experts models with random effects,"Tseung S.C., Chan I.W., Fung T.C., Badescu A.L., Lin X.S.","Journal of Risk and Insurance, 90(3)",2023,https://scopus.unalproxy.elogim.com/pages/publications/85162174869?origin=resultslist
286,Biased risk perceptions: Evidence from the laboratory and financial markets,"Payzan-LeNestour E., Pradier L., Putnins T.J.","Journal of Banking and Finance, 154, 106685",2023,https://scopus.unalproxy.elogim.com/pages/publications/85167417988?origin=resultslist
287,Driving Millennials To Be Investors: The Case Of Investment Decision Performance In Indonesian Capital Market,"Darmayanti N.P.A., Wiagustini N.L.P., Artini L.G.S., Candraningrat I.R.","Quality Access to Success, 24(196)",2023,https://scopus.unalproxy.elogim.com/pages/publications/85167564043?origin=resultslist
288,A K-Means Classification and Entropy Pooling Portfolio Strategy for Small and Large Capitalization Cryptocurrencies,"Mba J.C., Angaman E.S.E.F.","Entropy, 25(8), 1208",2023,https://scopus.unalproxy.elogim.com/pages/publications/85168859953?origin=resultslist
289,Influence of bull and bear market phase on financial risk tolerance of urban individual investors in an emerging economy,"Arora N., Mishra B.K.","Review of Behavioral Finance, 15(4)",2023,https://scopus.unalproxy.elogim.com/pages/publications/85125888961?origin=resultslist
290,Behavioral biases of investors in the cryptocurrency market,"Gautam S., Kumar P.","Aip Conference Proceedings, 2782, 020105",2023,https://scopus.unalproxy.elogim.com/pages/publications/85166565719?origin=resultslist
291,"11th International Seminar on New Paradigm and Innovation on Natural Sciences and Its Application, ISNPINSA 2021: Developing Science and Technology Toward the New Normal Era",[No Authors Found],"Aip Conference Proceedings, 2738",2023,https://scopus.unalproxy.elogim.com/pages/publications/85163298311?origin=resultslist
292,A data-driven approach to estimating post-discovery parameters of unexplored oilfields,"Pratikto F., Indratno S., Suryadi K., Santoso D.","Petroleum, 9(2)",2023,https://scopus.unalproxy.elogim.com/pages/publications/85141285513?origin=resultslist
293,Modeling damage accumulation during ground-motion sequences for portfolio seismic loss assessments,"Iacoletti S., Cremen G., Galasso C.","Soil Dynamics and Earthquake Engineering, 168, 107821",2023,https://scopus.unalproxy.elogim.com/pages/publications/85148062181?origin=resultslist
294,Examining the Effect of Fear on Investment Decisions and Interpreting It with Psychological Factors: A Research on Türkiye | Korkunun Yatırım Kararları Üzerindeki Etkisinin İncelenmesi ve Psikolojik Faktörler ile Yorumlanması: Türkiye Üzerine Bir Araştırma,"Ugur A., Tosun N.","Sosyoekonomi, 31(56)",2023,https://scopus.unalproxy.elogim.com/pages/publications/85193954365?origin=resultslist
295,What compliance commitments tell us about U.S. banks?,Semenenko I.,"Journal of Corporate Accounting and Finance, 34(2)",2023,https://scopus.unalproxy.elogim.com/pages/publications/85141410580?origin=resultslist
296,Selection of Retirement Saving Plan for a Private-sector Employee in Pakistan,"Naqvi B., Rizvi S.K.A., Shahzad A.","Asian Journal of Management Cases, 20(1)",2023,https://scopus.unalproxy.elogim.com/pages/publications/85090551386?origin=resultslist
297,Impact of Availability and Loss Aversion Bias on Investment Decision Making of Individual Investors in Tamil Nadu,"Bhuvaneswari C., Vanitha S., Jisham M., John A.","Finance India, 37(1)",2023,https://scopus.unalproxy.elogim.com/pages/publications/85154050338?origin=resultslist
298,Exploring the Gaussian investor sentiment process,Coskun S.S.,"Borsa Istanbul Review, 23(2)",2023,https://scopus.unalproxy.elogim.com/pages/publications/85143159729?origin=resultslist
299,Needs for Portfolio Risk Assessment of Aging Dams in the United States,"Larrauri P.C., Lall U., Hariri-Ardebili M.A.","Journal of Water Resources Planning and Management, 149(3), 04022083",2023,https://scopus.unalproxy.elogim.com/pages/publications/105002153599?origin=resultslist
300,Risk Factor Disclosures in the US Airline Industry Following the COVID-19 Pandemic,"Penela D., Palma M.","Risks, 11(2), 34",2023,https://scopus.unalproxy.elogim.com/pages/publications/85148768071?origin=resultslist
301,Sustainable development of the green bond markets in India: Challenges and strategies,"Bansal S., Mani S.P., Gupta H., Maurya S.","Sustainable Development, 31(1)",2023,https://scopus.unalproxy.elogim.com/pages/publications/85135864781?origin=resultslist
302,Effects of Investment Experience on the Stock Investment Task: The Mediating Role of Risk Perception,"Li Z., Wu Q., Hong P., Tian R.","Behavioral Sciences, 13(2), 115",2023,https://scopus.unalproxy.elogim.com/pages/publications/85148857612?origin=resultslist
303,Risk Preference Elicitation and Financial Advice Taking,Streich D.J.,"Journal of Behavioral Finance, 24(3)",2023,https://scopus.unalproxy.elogim.com/pages/publications/85114647672?origin=resultslist
304,CLASSIFICATION OF REAL ESTATE INVESTMENT AREAS UNDER THE CRITERIA OF THE RISK-RETURN RATIO AND THE INVESTOR'S RISK PROFILE | CLASIFICACIÓN DE ZONAS DE INVERSIÓN INMOBILIARIA BAJO EL CRITERIO DE LA RELACIÓN RENTABILIDAD-RIESGO Y EL PERFIL DEL RIESGO DEL INVERSOR,"Fernandez-Valderrama P., Mendez Alonso J.J., Perez Garcia J.",Proceedings from the International Congress on Project Management and Engineering,2023,https://scopus.unalproxy.elogim.com/pages/publications/85179169112?origin=resultslist
305,"China’s Circular Economy Toward Environmental, Social, and Governance","Poon W.C., Lim C.S.",Contemporary Strategic Chinese American Business Negotiations and Market Entry,2023,https://scopus.unalproxy.elogim.com/pages/publications/85160472729?origin=resultslist
306,Perception on Investing in Stocks with ESG Relevance: A Descriptive View on Influence of Key Demographic Variables and Risk Profiling of Investors,"Satish R., Saravanan S., Ramachandran N.V.","Eai Endorsed Transactions on Energy Web, 10",2023,https://scopus.unalproxy.elogim.com/pages/publications/85178142894?origin=resultslist
307,Behavioral finance factors and investment decisions: A mediating role of risk perception,"Almansour B.Y., Elkrghli S., Almansour A.Y.","Cogent Economics and Finance, 11(2), 2239032",2023,https://scopus.unalproxy.elogim.com/pages/publications/85165993021?origin=resultslist
308,The Behavioural Pattern of Investment in the Financial Market: A Study of the Individual Investors,"Dar B.I., Kumar J.",Global Business Review,2023,https://scopus.unalproxy.elogim.com/pages/publications/85172126713?origin=resultslist
309,Does Cognitive Bias and Risk Perception Impact Investment Decision? Women Investors’ Perspective,"Pushpa A., Singh J.K., Ramirez-Asis N., ... Fernandez-Celestino W., Acosta-Ponce W.","Studies in Computational Intelligence, 1113",2023,https://scopus.unalproxy.elogim.com/pages/publications/85177209198?origin=resultslist
310,The Factors Influencing Investor’s Decision towards Invest in Equity Shares in Tumkur District,"Naveen Kumar T.S., Gowd M.S., Amith D.","14th International Conference on Advances in Computing Control and Telecommunication Technologies Act 2023, 2023-June",2023,https://scopus.unalproxy.elogim.com/pages/publications/85174241400?origin=resultslist
311,Behavioral biases affecting investment decisions of capital market investors in Bangladesh: A behavioral finance approach,"Yasmin F., Ferdaous J.","Investment Management and Financial Innovations, 20(2)",2023,https://scopus.unalproxy.elogim.com/pages/publications/85159433915?origin=resultslist
312,Risk tolerance as mediating factor in individual financial investment decisions: a developing-country study,"Hussain S., Rasheed A.","Journal for Studies in Economics and Econometrics, 47(2)",2023,https://scopus.unalproxy.elogim.com/pages/publications/85160698458?origin=resultslist
313,The Analysis Level of Optimism that Influence Investor’s Risk Tolerance in Asset Allocation | Analisis Tahap Optimisme yang Mempengaruhi Toleransi Risiko Pelabur dalam Peruntukan Saham,"Abidin S.N.Z., Jaaman S.H., Bakar A.S.A.","Sains Malaysiana, 52(10)",2023,https://scopus.unalproxy.elogim.com/pages/publications/85182371114?origin=resultslist
314,"Investigating the Antecedents of Investment Intention and the Mediating Effect of Investment Self-efficacy among Young Adults in Shandong, China","Lim T.S., Qi P.C.","Global Business and Finance Review, 28(2)",2023,https://scopus.unalproxy.elogim.com/pages/publications/85159954621?origin=resultslist
315,Demography of Investors and Behavioral Biases - An Empirical Study,"Bushra, Srivastav S., Pandey A.","Scms Journal of Indian Management, 20(1)",2023,https://scopus.unalproxy.elogim.com/pages/publications/85160519085?origin=resultslist
316,Harnessing Behavioral Traits to Enhance Financial Stock Recommender Systems: Tackling the User Cold Start Problem,"Takayanagi T., Izumi K.",Proceedings 2023 IEEE International Conference on Big Data Bigdata 2023,2023,https://scopus.unalproxy.elogim.com/pages/publications/85184983529?origin=resultslist
317,Financial Literacy and Heuristic Driven Biases: The Role of Risk Perception,"Kathpal S., Akhtar A., Zaheer A.","Review of Behavioral Economics, 10(4)",2023,https://scopus.unalproxy.elogim.com/pages/publications/85183102186?origin=resultslist
318,AN EMPIRICAL INVESTIGATION ON INVESTOR PSYCHOLOGICAL BIASES,Khalaf B.A.,"Corporate and Business Strategy Review, 4(2)",2023,https://scopus.unalproxy.elogim.com/pages/publications/85151494928?origin=resultslist
319,Disposition Effect: Brazilian Investors' Behavior during the Covid-19 Pandemic,"de Albuquerque Barreto P.L., da Silveira Barbedo C.H., Camilo-Da-Silva E.","Brazilian Business Review, 20(1)",2023,https://scopus.unalproxy.elogim.com/pages/publications/85152688906?origin=resultslist
320,Predicting the financial behavior of Indian salaried-class individuals,"Mulasi A., Mathew J., Desai K.","Investment Management and Financial Innovations, 20(1)",2023,https://scopus.unalproxy.elogim.com/pages/publications/85148227348?origin=resultslist
321,Investor Behavior during Periods of Crises: The Chinese Funds Market during the 2020 Pandemic,"Marjerison R.K., Han L., Chen J.","Review of Integrative Business and Economics Research, 12(1)",2023,https://scopus.unalproxy.elogim.com/pages/publications/85148047689?origin=resultslist
322,Is the investor's reliance on cognition and emotional regulation predict preference for selecting value versus growth stocks?,"Ahmad F., Oriani R.","European Journal of Finance, 29(13)",2023,https://scopus.unalproxy.elogim.com/pages/publications/85132155484?origin=resultslist
323,Big Five Personality Traits and Financial Literacy: Effect on Risk Tolerance of Filipino Investors from Higher Education Institutions in Metro Manila,"Mendoza D.M., Padernal A.M.G., Pante E.M.S., Magbata E.V.S., Mandigma M.B.S.","Review of Integrative Business and Economics Research, 12(2)",2023,https://scopus.unalproxy.elogim.com/pages/publications/85153594788?origin=resultslist
324,An Application of the IFM Method for the Risk Assessment of Financial Instruments,"Pons A., Cristobal-Fransi E., Vintro C., ... Querol O., Vilaplana J.","Computational Economics, 61(1)",2023,https://scopus.unalproxy.elogim.com/pages/publications/85116964672?origin=resultslist
325,The Role of Asset Ownership in PSS Theory: An Insight from Expert Interviews,"Stoll O., West S., Pirola F., Sala R.","IFIP Advances in Information and Communication Technology, 692 AICT",2023,https://scopus.unalproxy.elogim.com/pages/publications/85174443335?origin=resultslist
326,The EU Taxonomy's (Potential) Effects on the Banking Sector and Bank Lending to Firms,Kirschenmann K.,"Economists Voice, 19(2)",2022,https://scopus.unalproxy.elogim.com/pages/publications/85147228270?origin=resultslist
327,Measuring the gap between elicited and revealed risk for investors: An empirical study,"Thompson J.R.J., Feng L., Reesor R.M., Grace C., Metzler A.","Financial Planning Review, 5(4), e1151",2022,https://scopus.unalproxy.elogim.com/pages/publications/85168649298?origin=resultslist
328,Unsupervised machine learning to reveal South African risk behaviour archetypes in the domain of discretionary investment decisions,"Nixon P., Gilbert E.","Journal of Behavioral and Experimental Finance, 36, 100757",2022,https://scopus.unalproxy.elogim.com/pages/publications/85139053597?origin=resultslist
329,The Influence of Social and Personal Factors in Individual Investment Decision Making,"Putri Pa A.N., Wiksuana I., Suartana I.W., Sri Artini L.G.","Quality Access to Success, 23(191)",2022,https://scopus.unalproxy.elogim.com/pages/publications/85141716938?origin=resultslist
330,Behavioural Bias: Does it Affect an Investor's Rationality?,"Joshi C.S., Badola S., Chopra G.","Scms Journal of Indian Management, 19(4)",2022,https://scopus.unalproxy.elogim.com/pages/publications/85159870866?origin=resultslist
331,A Multimodal Affective Sensing Model for Constructing a Personality-Based Financial Advisor System,"Lee C.-H., Yang H.-C., Su X.-Q., Tang Y.-X.","Applied Sciences Switzerland, 12(19), 10066",2022,https://scopus.unalproxy.elogim.com/pages/publications/85140010539?origin=resultslist
332,Does the Adaptive Market Hypothesis Reconcile the Behavioral Finance and the Efficient Market Hypothesis?,"Noreen U., Shafique A., Ayub U., Saeed S.K.","Risks, 10(9), 168",2022,https://scopus.unalproxy.elogim.com/pages/publications/85138634520?origin=resultslist
333,Artificial humanity: Smart tooling to implement the human touch in digital investing,Vandenbroucke J.,"Journal of Digital Banking, 7(2)",2022,https://scopus.unalproxy.elogim.com/pages/publications/105043625814?origin=resultslist
334,"Disposition bias among Borsa Istanbul investors: What do we know about type, size and trading frequency?","Kahya E.H., Ekinci C.","Journal of Behavioral and Experimental Finance, 35, 100682",2022,https://scopus.unalproxy.elogim.com/pages/publications/85133373841?origin=resultslist
335,Do Investor Overconfidence and Loss Aversion Drive Saudi Firm Market Performance? The Moderating Effect of Corporate Governance,"Aljughaiman A.A., Chebbi K.E.","Sustainability Switzerland, 14(16), 10072",2022,https://scopus.unalproxy.elogim.com/pages/publications/85137713916?origin=resultslist
336,Investor Segments by Perceived Project Risk and Their Characteristics Based on Primary Research Results,"Garai-Fodor M., Szemere T.P., Csiszarik-Kocsir A.","Risks, 10(8), 159",2022,https://scopus.unalproxy.elogim.com/pages/publications/85136684698?origin=resultslist
337,Are Firms Biasing Stakeholder Expectations by Attributing Prior Poor Performance to COVID-19?,Desai H.,"Iim Kozhikode Society and Management Review, 11(2)",2022,https://scopus.unalproxy.elogim.com/pages/publications/85142265499?origin=resultslist
338,Behavioural biases affecting investors’ decision-making process: a scale development approach,"Jain J., Walia N., Kaur M., Singh S.","Management Research Review, 45(8)",2022,https://scopus.unalproxy.elogim.com/pages/publications/85120401378?origin=resultslist
339,Do sustainable institutional investors contribute to firms’ environmental performance? Empirical evidence from Europe,"Kordsachia O., Focke M., Velte P.","Review of Managerial Science, 16(5)",2022,https://scopus.unalproxy.elogim.com/pages/publications/85111653248?origin=resultslist
340,"Carbon market and the conventional and Islamic equity markets: Where lays the environmental cleanliness of their utilities, energy, and ESG sectoral stocks?","Asl M.G., Adekoya O.B., Oliyide J.A.","Journal of Cleaner Production, 351, 131523",2022,https://scopus.unalproxy.elogim.com/pages/publications/85127330943?origin=resultslist
341,Do sociodemographic factors have influence on risk tolerance level of stock market investors? An analysis from a developing country perspective,Muktadir-Al-Mukit D.,"South Asian Journal of Business Studies, 11(2)",2022,https://scopus.unalproxy.elogim.com/pages/publications/85097749994?origin=resultslist
342,Moderating Role of Information Asymmetry Between Cognitive Biases and Investment Decisions: A Mediating Effect of Risk Perception,"Zhang M., Nazir M.S., Farooqi R., Ishfaq M.","Frontiers in Psychology, 13, 828956",2022,https://scopus.unalproxy.elogim.com/pages/publications/85128183159?origin=resultslist
343,Examining Risk Absorption Capacity as a Mediating Factor in the Relationship between Cognition and Neuroplasticity in Investors in Investment Decision Making,"Behera Y.D.P., Nanda S.S., Sharma S., Sahoo T.R.","International Journal of Financial Studies, 10(1), 21",2022,https://scopus.unalproxy.elogim.com/pages/publications/85127552430?origin=resultslist
344,Dividend announcement effect analysis before and during the COVID-19 pandemic in the Indonesia Stock Exchange,"Robiyanto R., Yunitaria F.","SN Business and Economics, 2(2), 20",2022,https://scopus.unalproxy.elogim.com/pages/publications/105000262607?origin=resultslist
345,Overconfidence heuristic-driven bias in investment decision-making and performance: mediating effects of risk perception and moderating effects of financial literacy,"Ahmad M., Shah S.Z.A.","Journal of Economic and Administrative Sciences, 38(1)",2022,https://scopus.unalproxy.elogim.com/pages/publications/85197887561?origin=resultslist
346,Impacts on catastrophe risk assessments from multi-segment and multi-fault ruptures in the UCERF3 model,"Lee Y., Hui Z., Daneshvaran S., Sedaghati F., Graf W.P.","Earthquake Spectra, 38(1)",2022,https://scopus.unalproxy.elogim.com/pages/publications/85114996082?origin=resultslist
347,What makes risk-averse investors tick? A practitioners guide,"Van den Bergh-Lindeque A., Ferreira-Schenk S., Dickason-Koekemoer Z., Habanabakize T.","Cogent Economics and Finance, 10(1), 2111786",2022,https://scopus.unalproxy.elogim.com/pages/publications/85136517547?origin=resultslist
348,Energy efficiency finance and Multiple Benefits - two sides of the same coin,"Toth Z., Rohde C.",Eceee Summer Study Proceedings,2022,https://scopus.unalproxy.elogim.com/pages/publications/85178567585?origin=resultslist
349,History matters: How short-term price charts hurt investment performance,"Borsboom C., Janssen D.-J., Strucks M., Zeisberger S.","Journal of Banking and Finance, 134, 106351",2022,https://scopus.unalproxy.elogim.com/pages/publications/85119035926?origin=resultslist
350,Behavioral Biases and the Decision-Making in Entrepreneurs and Managers | Vieses Comportamentais e a Tomada de Decisão em Empreendedores e Gestores,"Nobre F.C., Machado M.J.C., Nobre L.H.N.","Revista De Administracao Contemporanea, 26, e200369",2022,https://scopus.unalproxy.elogim.com/pages/publications/85136243921?origin=resultslist
351,Discriminants of risk tolerance among Indian investors: a dichotomous discriminant approach,"Chhatoi B.P., Mohanty M.","International Journal of Managerial and Financial Accounting, 15(1)",2022,https://scopus.unalproxy.elogim.com/pages/publications/85144346739?origin=resultslist
352,Donald Duck: a narrative that embeds behavioral finance?,"Kleine J., Peschke T., Wuschick A.",Studies in Economics and Finance,2022,https://scopus.unalproxy.elogim.com/pages/publications/85127538373?origin=resultslist
353,Stock Market Investment Behavior Based on Behavioral Finance Based on Data Fusion Algorithm,"Yuan F., Zhan H.",IETE Journal of Research,2022,https://scopus.unalproxy.elogim.com/pages/publications/85122144586?origin=resultslist
354,Portfolio Optimization by Asset Allocation,"Safiudeen M., Miraz M.H.",Proceedings 2022 International Conference on Computing Networking Telecommunications and Engineering Sciences Applications Contesa 2022,2022,https://scopus.unalproxy.elogim.com/pages/publications/85146909023?origin=resultslist
355,Behavioral Heterogeneity in the Stock Market Revisited: What Factors Drive Investors as Fundamentalists or Chartists?,"Li L., Miu P.","Journal of Behavioral Finance, 23(1)",2022,https://scopus.unalproxy.elogim.com/pages/publications/85095740185?origin=resultslist
356,Influence of COVID-induced fear on sovereign bond yield,"Paule-Vianez J., Orden-Cruz C., Escamilla-Solano S.","Economic Research Ekonomska Istrazivanja, 35(1)",2022,https://scopus.unalproxy.elogim.com/pages/publications/85107485167?origin=resultslist
357,OPTIMAL MANAGEMENT OF OFFSHORE WIND ASSETS AT DIFFERENT STAGES OF LIFE EXTENSION ACCOUNTING FOR UNCERTAINTY PROPAGATION,"Yeter B., Garbatov Y., Soares C.G.","Proceedings of the International Conference on Offshore Mechanics and Arctic Engineering OMAE, 2, V002T02A060",2022,https://scopus.unalproxy.elogim.com/pages/publications/85140758792?origin=resultslist
358,Computer Vision Based Industrial and Forest Fire Detection Using Support Vector Machine (SVM),"Rahman M.A., Hasan S.T., Kader M.A.",2022 International Conference on Innovations in Science Engineering and Technology Iciset 2022,2022,https://scopus.unalproxy.elogim.com/pages/publications/85131748421?origin=resultslist
359,"Multiscale spillovers and connectedness between gold, copper, oil, wheat and currency markets","Nekhili R., Mensi W., Vo X.V.","Resources Policy, 74, 102263",2021,https://scopus.unalproxy.elogim.com/pages/publications/85111219867?origin=resultslist
360,Machine-learning based vulnerability analysis of existing buildings,"Ruggieri S., Cardellicchio A., Leggieri V., Uva G.","Automation in Construction, 132, 103936",2021,https://scopus.unalproxy.elogim.com/pages/publications/85114267451?origin=resultslist
361,Artificial intelligence in financial services: a qualitative research to discover robo-advisory services,"Bhatia A., Chandani A., Atiq R., Mehta M., Divekar R.","Qualitative Research in Financial Markets, 13(5)",2021,https://scopus.unalproxy.elogim.com/pages/publications/85114479085?origin=resultslist
362,Examining drivers and deterrents of individuals’ investment intentions: a qualitative multistage analysis,"Misra R., Goel P., Srivastava S.","Qualitative Research in Financial Markets, 13(5)",2021,https://scopus.unalproxy.elogim.com/pages/publications/85116427767?origin=resultslist
363,Why retail investors traded equity during the pandemic? An application of artificial neural networks to examine behavioral biases,"Talwar S., Talwar M., Tarjanne V., Dhir A.","Psychology and Marketing, 38(11)",2021,https://scopus.unalproxy.elogim.com/pages/publications/85111283936?origin=resultslist
364,Cognitive biases on the iran stock exchange: Unsupervised learning approach to examining feature bundles in investors’ portfolios,"Ossareh A., Pourjafar M.S., Kopczewski T.","Applied Sciences Switzerland, 11(22), 10916",2021,https://scopus.unalproxy.elogim.com/pages/publications/85119833241?origin=resultslist
365,Maximum drawdown distributions: The cross-asset dimension,"Warken P., Kostyrina A.","Journal of Investing, 30(6)",2021,https://scopus.unalproxy.elogim.com/pages/publications/85117347147?origin=resultslist
366,Institutional investor heterogeneity and market price dynamics: Evidence from investment horizon and portfolio concentration,"Kim D., Kim H.-D., Joe D.Y., Oh J.Y.J.","Journal of Financial Markets, 54, 100604",2021,https://scopus.unalproxy.elogim.com/pages/publications/85095739531?origin=resultslist
367,Applying risk tolerance and socio-technical dynamics for more realistic energy transition pathways,"Cotterman T., Small M.J., Wilson S., Abdulla A., Wong-Parodi G.","Applied Energy, 291, 116751",2021,https://scopus.unalproxy.elogim.com/pages/publications/85102994149?origin=resultslist
368,Experimental evidences for prospect theory in Vietnam,"Dzung P.T.T., Tung N.X., Van L.H.T., Thanh N.T.H.","Indian Journal of Finance, 15(5-7)",2021,https://scopus.unalproxy.elogim.com/pages/publications/85113734601?origin=resultslist
369,Are mutual fund investors loss averse? Evidence from China,"Jiang J., Shrider D.G., Ting H., Wu Y.","Financial Review, 56(2)",2021,https://scopus.unalproxy.elogim.com/pages/publications/85091272402?origin=resultslist
370,NODE: a large‐scale seismic risk prioritization tool for Italy based on nominal structural performance,"Petruzzelli F., Iervolino I.","Bulletin of Earthquake Engineering, 19(7)",2021,https://scopus.unalproxy.elogim.com/pages/publications/85104898345?origin=resultslist
371,Farmers' resource endowment and risk management affect agricultural practices and innovation capacity in the Northwestern uplands of Cambodia,"Kong R., Castella J.-C.","Agricultural Systems, 190, 103067",2021,https://scopus.unalproxy.elogim.com/pages/publications/85100443751?origin=resultslist
372,Framing effects of information on investment risk perception,"Monteiro B.A., Bressan A.A.","Revista Contabilidade E Financas, 32(86)",2021,https://scopus.unalproxy.elogim.com/pages/publications/85105889850?origin=resultslist
373,Nonlinear static characterisation of masonry-infilled RC building portfolios accounting for variability of infill properties,"Mucedero G., Perrone D., Monteiro R.","Bulletin of Earthquake Engineering, 19(6)",2021,https://scopus.unalproxy.elogim.com/pages/publications/85103549603?origin=resultslist
374,The Compounding Effect of Investors’ Cognition and Risk Absorption Potential on Enhancing the Level of Interest towards Investment in the Domestic Capital Market,"Behera Y.D.P., Nanda S.S., Sahoo S.K., Sahoo T.R.","Journal of Risk and Financial Management, 14(3), 95",2021,https://scopus.unalproxy.elogim.com/pages/publications/85127617177?origin=resultslist
375,Pricing Liquidity Risk with Heterogeneous Investment Horizons,"Beber A., Driessen J., Neuberger A., Tuijp P.","Journal of Financial and Quantitative Analysis, 56(2)",2021,https://scopus.unalproxy.elogim.com/pages/publications/85083327974?origin=resultslist
376,Robo-advising risk profiling through content analysis for sustainable development in the Hong Kong financial market,So M.K.P.,"Sustainability Switzerland, 13(3), 1306",2021,https://scopus.unalproxy.elogim.com/pages/publications/85100221032?origin=resultslist
377,Know Your Clients’ Behaviours: A Cluster Analysis of Financial Transactions,"Thompson J.R.J., Feng L., Reesor R.M., Grace C.","Journal of Risk and Financial Management, 14(2), 50",2021,https://scopus.unalproxy.elogim.com/pages/publications/85110952934?origin=resultslist
378,Risk Tolerance Profiling Measure: Testing Its Reliability and Validities,"Chung W.K., Au W.T.","Journal of Financial Counseling and Planning, 32(2)",2021,https://scopus.unalproxy.elogim.com/pages/publications/85115359172?origin=resultslist
379,SEISMIC ASSESSMENT AND RISK PROFILING OF LARGE BUILDING INVENTORIES IN NORTH AMERICA,"Gilsanz R., Yang C., Lan Y., Mugford J., Hinchcliffe J.","World Conference on Earthquake Engineering Proceedings, 2021, 8c-0070",2021,https://scopus.unalproxy.elogim.com/pages/publications/105027871579?origin=resultslist
380,A Digital Assistant for Stock Market Prediction,"Thangam S., Pai A., Sai Surya Teja Y.M., Yeswanth Sai T., Sravan Kumar Reddy V.",Proceedings of the 5th International Conference on I Smac Iot in Social Mobile Analytics and Cloud I Smac 2021,2021,https://scopus.unalproxy.elogim.com/pages/publications/85124220230?origin=resultslist
381,Predictive Claim Scores for Dynamic Multi-Product Risk Classification in Insurance,Verschuren R.M.,"Astin Bulletin, 51(1)",2021,https://scopus.unalproxy.elogim.com/pages/publications/85096298768?origin=resultslist
382,What explains the investment decision-making behaviour? The role of financial literacy and financial risk tolerance,"Ahmed Z., Noreen U., Ramakrishnan S.A.L., Binti Abdullah D.F.","Afro Asian Journal of Finance and Accounting, 11(1)",2021,https://scopus.unalproxy.elogim.com/pages/publications/85099503714?origin=resultslist
383,Behavioral Biases on Investment Decision: A Case Study in Indonesia,"Kartini K., Nahda K.","Journal of Asian Finance Economics and Business, 8(3)",2021,https://scopus.unalproxy.elogim.com/pages/publications/85102318768?origin=resultslist
384,Why does a prestigious emission house emit a loan for a peripheral state? The house of Rothschild and the Greek guaranteed loan of 1833,Schonharl K.,"Business History, 63(4)",2021,https://scopus.unalproxy.elogim.com/pages/publications/85064731851?origin=resultslist
385,The Impact of the Behavioral Factors on Investment Decision-Making: A Systemic Review on Financial Institutions,"Shah S.F., Alshurideh M., Kurdi B.A., Salloum S.A.","Advances in Intelligent Systems and Computing, 1261 AISC",2021,https://scopus.unalproxy.elogim.com/pages/publications/85092090218?origin=resultslist
386,Performance profiling of the unit trust funds in Malaysia with data mining techniques,"Ng K.-H., Khairuddin A.F., Khor K.-C.","F1000research, 10, 1272",2021,https://scopus.unalproxy.elogim.com/pages/publications/85133264628?origin=resultslist
387,Market discipline in the behavioral finance perspective: a case of Sharia mutual funds in Indonesia,"Widyastuti U., Febrian E., Sutisna S., Fitrijanti T.","Journal of Islamic Accounting and Business Research, 13(1)",2021,https://scopus.unalproxy.elogim.com/pages/publications/85117081972?origin=resultslist
388,Reference Prices and Turnover: Evidence from Small-Capitalization Stocks,Pandey A.,"Journal of Risk and Financial Management, 14(1), 29",2021,https://scopus.unalproxy.elogim.com/pages/publications/85165726737?origin=resultslist
389,The behavior of the various personalities of secondary equity investors: Big five personality model,"Renu Isidore R., Joe Arun C.","Journal of Wealth Management, 24(1)",2021,https://scopus.unalproxy.elogim.com/pages/publications/85106365389?origin=resultslist
390,Analytical fragility curves for masonry school building portfolios in Nepal,"Giordano N., De Luca F., Sextos A.","Bulletin of Earthquake Engineering, 19(2)",2021,https://scopus.unalproxy.elogim.com/pages/publications/85095700460?origin=resultslist
391,Impact of masonry infill variability on the estimation of floor response spectra in RC buildings,"Mucedero G., Perrone D., Brunesi E., Monteiro R.","Compdyn Proceedings, 2021-June",2021,https://scopus.unalproxy.elogim.com/pages/publications/85120817582?origin=resultslist
392,A Comparative Study of Machine Learning Approaches for Non Performing Loan Prediction,"Serengil S.I., Imece S., Tosun U.G., Buyukbas E.B., Koroglu B.",Proceedings 6th International Conference on Computer Science and Engineering Ubmk 2021,2021,https://scopus.unalproxy.elogim.com/pages/publications/85125853519?origin=resultslist
393,Understanding the impact of investor sentiment on the price formation process: A review of the conduct of American stock markets,Ahmed B.,"Journal of Economic Asymmetries, 22, e00172",2020,https://scopus.unalproxy.elogim.com/pages/publications/85089263947?origin=resultslist
394,Determination of Individual Investors' Financial Risk Tolerance by Machine Learning Methods | Bireysel Yatirimci Finansal Risk Toleransinin Makine Ogrenmesi Yontemleriyle Belirlenmesi,"Altuntas Y., Kocamaz A.F., Ulkgun A.M.","2020 28th Signal Processing and Communications Applications Conference Siu 2020 Proceedings, 9302294",2020,https://scopus.unalproxy.elogim.com/pages/publications/85100298961?origin=resultslist
395,"Loss aversion, overconfidence and their effects on a virtual stock exchange","Bertella M.A., Silva J.N., Stanley H.E.","Physica A Statistical Mechanics and Its Applications, 554, 123909",2020,https://scopus.unalproxy.elogim.com/pages/publications/85080127544?origin=resultslist
396,Risk-intolerant but risk-taking-towards a better understanding of inconsistent survey responses of the Euro area households,"Kochaniak K., Ulman P.","Sustainability Switzerland, 12(17), 6912",2020,https://scopus.unalproxy.elogim.com/pages/publications/85090588927?origin=resultslist
397,Measurement of risk preference,"Filiz I., Nahmer T., Spiwoks M., Gubaydullina Z.","Journal of Behavioral and Experimental Finance, 27, 100355",2020,https://scopus.unalproxy.elogim.com/pages/publications/85086563156?origin=resultslist
398,Continuous quantitative risk management in smart grids using attack defense trees,"Rios E., Rego A., Iturbe E., Higuero M., Larrucea X.","Sensors Switzerland, 20(16), 4404",2020,https://scopus.unalproxy.elogim.com/pages/publications/85089221906?origin=resultslist
399,Predicting Financial Health of Banks for Investor Guidance Using Machine Learning Algorithms,"Viswanathan P.K., Srinivasan S., Hariharan N.","Journal of Emerging Market Finance, 19(2)",2020,https://scopus.unalproxy.elogim.com/pages/publications/85084822720?origin=resultslist
400,Evaluation of behavioral biases affecting investment decision making of individual equity investors by fuzzy analytic hierarchy process,"Jain J., Walia N., Gupta S.","Review of Behavioral Finance, 12(3)",2020,https://scopus.unalproxy.elogim.com/pages/publications/85074894910?origin=resultslist
401,Risk Identification and Decision Making for P2P Companies: An Empirical Study in the Bohai Coast Regions,"Ma L., Li Y., Li D., ... Wang Y., Ren C.","Journal of Coastal Research, 106(sp1)",2020,https://scopus.unalproxy.elogim.com/pages/publications/85088702651?origin=resultslist
402,An investigation of financial investment intention using covariance-based structural equation modelling,"Lima T.S., Mail R., Karim M.R.A., ... Mifli M., Jaidi J.","Global Business and Finance Review, 25(2)",2020,https://scopus.unalproxy.elogim.com/pages/publications/85090666992?origin=resultslist
403,Impact of behavioral biases on investment decisions: A study on selected risk averse investors in india,"Samal A., Dasmohapatra A.K.","International Journal of Advanced Science and Technology, 29(6 Special Issue)",2020,https://scopus.unalproxy.elogim.com/pages/publications/85083732777?origin=resultslist
404,"Do as i say, not as i do: An analysis of portfolio development recommendations made by financial advisors","Grable J., Hubble A., Kruger M.","Journal of Wealth Management, 22(4)",2020,https://scopus.unalproxy.elogim.com/pages/publications/85088514503?origin=resultslist
405,Role of emotional bias on investment decision from behavioural finance perspective,"Khilar R.P., Singh S.","International Journal of Scientific and Technology Research, 9(3)",2020,https://scopus.unalproxy.elogim.com/pages/publications/85082666639?origin=resultslist
406,Online risk monitoring using offline simulation,"Jiang G., Hong L.J., Nelson B.L.","Informs Journal on Computing, 32(2)",2020,https://scopus.unalproxy.elogim.com/pages/publications/85067048685?origin=resultslist
407,Optimal proportional reinsurance and investment problem for insurers with loss aversion,"Sun Q., Rong X., Zhao H.","Xitong Gongcheng Lilun Yu Shijian System Engineering Theory and Practice, 40(2)",2020,https://scopus.unalproxy.elogim.com/pages/publications/85082836631?origin=resultslist
408,Loss aversion in an agent-based asset pricing model,"Pruna R.T., Polukarov M., Jennings N.R.","Quantitative Finance, 20(2)",2020,https://scopus.unalproxy.elogim.com/pages/publications/85074603887?origin=resultslist
409,Preference-based evolutionary multi-objective optimization for portfolio selection: a new credibilistic model under investor preferences,"Ruiz A.B., Saborido R., Bermudez J.D., Luque M., Vercher E.","Journal of Global Optimization, 76(2)",2020,https://scopus.unalproxy.elogim.com/pages/publications/85065734439?origin=resultslist
410,The impact of longevity on a valuation of long-term investments returns: The case of selected european countries,Trzpiot G.,Studies in Classification Data Analysis and Knowledge Organization,2020,https://scopus.unalproxy.elogim.com/pages/publications/85091057002?origin=resultslist
411,An emergent taxonomy for operational risk: Capturing the wisdom of crowds,"Carrivick L., Bishop S., Ivell T., Wong V., Farha R.","Journal of Operational Risk, 15(2)",2020,https://scopus.unalproxy.elogim.com/pages/publications/85097539640?origin=resultslist
412,What makes an investment risky? An analysis of price path characteristics,"Borsboom C., Zeisberger S.","Journal of Economic Behavior and Organization, 169",2020,https://scopus.unalproxy.elogim.com/pages/publications/85076219029?origin=resultslist
413,Predicting a Model for the Financial Risk Tolerance of Retail Investors of Durgapur City on Their Demographic Factors Using Multiple Discriminant Analysis,"Bhattacharya A., Dutta A.","Smart Innovation Systems and Technologies, 159",2020,https://scopus.unalproxy.elogim.com/pages/publications/85075736478?origin=resultslist
414,"3rd International Conference on Smart Computing and Informatics, SCI 2018",[No Authors Found],"Smart Innovation Systems and Technologies, 159",2020,https://scopus.unalproxy.elogim.com/pages/publications/85075734799?origin=resultslist
415,"Affective portfolio analysis: Risk, ambiguity and (IR)rationality",Brown D.J.,"Lecture Notes in Economics and Mathematical Systems, 691",2020,https://scopus.unalproxy.elogim.com/pages/publications/85098006205?origin=resultslist
416,Cluster-specific latent factor estimation in high-dimensional financial time series,"Begui S., Kostanjar Z.","IEEE Access, 8",2020,https://scopus.unalproxy.elogim.com/pages/publications/85102822420?origin=resultslist
417,Cross-Asset Holding in Fund Families,"Shin H.-H., Auh J.K., Choi B.","Asian Review of Financial Research, 32(4)",2019,https://scopus.unalproxy.elogim.com/pages/publications/85169314365?origin=resultslist
418,The monitoring role of institutional investors: Geographical proximity and investment horizon,"Wang X., Wei S.","Studies in Economics and Finance, 36(3)",2019,https://scopus.unalproxy.elogim.com/pages/publications/85073626383?origin=resultslist
419,The efficient frontuzzle: What investment risk profiling still fails to solve,"Hubble A., Grable J.E.","Journal of Investing, 28(6)",2019,https://scopus.unalproxy.elogim.com/pages/publications/85090110162?origin=resultslist
420,Foreign Direct Investment in Infrastructure Projects: Taxonomy of Political Risk Profiles in Developing Countries,"Jiang W., Martek I., Hosseini M.R., Chen C., Ma L.","Journal of Infrastructure Systems, 25(3), 04019022",2019,https://scopus.unalproxy.elogim.com/pages/publications/85066949232?origin=resultslist
421,Can platform competition support market segmentation? Network externalities versus matching efficiency in equity crowdfunding markets,"Gal-Or E., Gal-Or R., Penmetsa N.","Journal of Economics and Management Strategy, 28(3)",2019,https://scopus.unalproxy.elogim.com/pages/publications/85054553756?origin=resultslist
422,How much is behavioral advice worth?,Pompian M.M.,"Journal of Wealth Management, 22(2)",2019,https://scopus.unalproxy.elogim.com/pages/publications/85090519365?origin=resultslist
423,Safety in construction in the field of investment in urban infrastructure,"Lyapuntsova E., Belozerova I., Drozdova I., Korol O.","E3s Web of Conferences, 97, 06034",2019,https://scopus.unalproxy.elogim.com/pages/publications/85067286829?origin=resultslist
424,Personality traits and investor profile analysis: A behavioral finance study,"De Bortoli D., Da Costa N., Goulart M., Campara J.","Plos One, 14(3), e0214062",2019,https://scopus.unalproxy.elogim.com/pages/publications/85063426172?origin=resultslist
425,Applying Utility Theory to Improve Performance of Fuzzy Decision Support Systems for Personal Financial Planning,Deb S.,"2019 IEEE 5th International Conference for Convergence in Technology I2ct 2019, 9033953",2019,https://scopus.unalproxy.elogim.com/pages/publications/85083082014?origin=resultslist
426,Scoring models for roboadvisory platforms: A network approach,"Giudici P., Polinesi G.","Journal of Network Theory in Finance, 5(2)",2019,https://scopus.unalproxy.elogim.com/pages/publications/85080078024?origin=resultslist
427,What are investors afraid of? Finding the big bad wolf,"Alemanni B., Uberti P.","International Journal of Financial Studies, 7(3), 42",2019,https://scopus.unalproxy.elogim.com/pages/publications/85071188427?origin=resultslist
428,Enterprise risk profiling using asset transaction history and condition measurements,Platfoot R.A.,Lecture Notes in Mechanical Engineering,2019,https://scopus.unalproxy.elogim.com/pages/publications/85056632069?origin=resultslist
429,Does company warrant create value for Malaysian right issue?,"Chong C.-F., Hooy C.-W., Ali R.","International Journal of Business and Society, 20(1)",2019,https://scopus.unalproxy.elogim.com/pages/publications/85065529482?origin=resultslist
430,Impact of behavioral finance on stock investment decisions applied study on a sample of investors at Amman Stock Exchange,"Areiqat A.Y., Abu-Rumman A., Al-Alani Y.S., Alhorani A.","Academy of Accounting and Financial Studies Journal, 23(2)",2019,https://scopus.unalproxy.elogim.com/pages/publications/85065986121?origin=resultslist
431,Study of traits of individual investors to determine their investment pattern,"Patwardhan S., Katdare V., Joshi M.","Journal of Advanced Research in Dynamical and Control Systems, 11(2 Special Issue)",2019,https://scopus.unalproxy.elogim.com/pages/publications/85073596066?origin=resultslist
432,The EGARCH effect test of chinese stock market from the perspective of behavioral finance,"Cao W., Luo J., Wu X.","Advances in Intelligent Systems and Computing, 885",2019,https://scopus.unalproxy.elogim.com/pages/publications/85061100760?origin=resultslist
433,Investment portfolio optimization on russian stock market in context of behavioral theory,Redkin N.M.,"Finance Theory and Practice, 23(4)",2019,https://scopus.unalproxy.elogim.com/pages/publications/85087952024?origin=resultslist
434,Factors explaining the market discipline of sharia mutual funds from a behavioural finance perspective: A theoretical approach,"Widyastuti U., Febrian E., Sutisna, Fitrijanti T.","International Journal of Economics and Business Administration, 7(3)",2019,https://scopus.unalproxy.elogim.com/pages/publications/85071561089?origin=resultslist
435,Improved Shrinkage Estimators of Covariance Matrices with Toeplitz-Structured Targets in Small Sample Scenarios,"Zhang B., Zhou J., Li J.","IEEE Access, 7, 8807200",2019,https://scopus.unalproxy.elogim.com/pages/publications/85089138777?origin=resultslist
436,Large-scale simplified seismic risk mapping of residential buildings through rapid visual screening,"Ahmed S., Perrone D.","Compdyn Proceedings, 1",2019,https://scopus.unalproxy.elogim.com/pages/publications/85079105152?origin=resultslist
437,A high-performance computational platform to assess liquefaction-induced damage at critical structures and infrastructures,"Meslem A., Iversen H., Lang D.H., Kaschwich T., Drange L.S.",Earthquake Geotechnical Engineering for Protection and Development of Environment and Constructions Proceedings of the 7th International Conference on Earthquake Geotechnical Engineering 2019,2019,https://scopus.unalproxy.elogim.com/pages/publications/85081182564?origin=resultslist
438,A Novel Key Influencing Factors Selection Approach of P2P Lending Investment Risk,"Xia P., Ni Z., Zhu X., Ni L.","Mathematical Problems in Engineering, 2019, 6086089",2019,https://scopus.unalproxy.elogim.com/pages/publications/85076529477?origin=resultslist
